N° do imóvel,UF,Cidade,Bairro,Endereço,Preço,Valor de avaliação,Desconto,Financiamento,Descrição,Modalidade de venda,Link de acesso,Origem,Categoria
1444408525455,RS,ALVORADA,APARECIDA,"RUA ENI DAVILA FRAGOSO, N. 22, CASA","50.735,46","151.800,00",66.58,Não,"Casa, 0.00 de área total, 65.00 de área privativa, 152.58 de área do terreno,  2 qto(s), varanda, a.serv, 1 sala(s), cozinha.",Venda Direta Online,https://venda-imoveis.caixa.gov.br/sistema/detalhe-imovel.asp?hdnimovel=1444408525455,Caixa,Imóvel
8444429256001,RS,ALVORADA,MARIA REGINA,"RUA DEZESSEIS UNIDOS, N. 31, Apto 302, CO","44.590,37","95.000,00",53.07,Não,"Apartamento, 0.00 de área total, 39.78 de área privativa, 504.00 de área do terreno.",Venda Direta Online,https://venda-imoveis.caixa.gov.br/sistema/detalhe-imovel.asp?hdnimovel=8444429256001,Caixa,Imóvel
8444400618479,RS,ALVORADA,MARIA REGINA,"RUA RODA DE FOGO (ANTIGA RUA 28), N. 33, Apto 103, LT 07 QD 58","47.988,15","101.000,00",52.49,Não,"Apartamento, 0.00 de área total, 39.78 de área privativa, 0.00 de área do terreno,  2 qto(s), a.serv, WC, 1 sala(s), cozinha.",Venda Direta Online,https://venda-imoveis.caixa.gov.br/sistema/detalhe-imovel.asp?hdnimovel=8444400618479,Caixa,Imóvel
8444429692391,RS,ALVORADA,MARIA REGINA,"RUA SELVA DE PEDRA (ANTIGA RUA 30), N. 191, Apto 401,","41.398,40","83.000,00",50.13,Não,"Apartamento, 42.84 de área total, 39.78 de área privativa, 0.00 de área do terreno,  2 qto(s), a.serv, WC, 1 sala(s), cozinha.",Venda Direta Online,https://venda-imoveis.caixa.gov.br/sistema/detalhe-imovel.asp?hdnimovel=8444429692391,Caixa,Imóvel
8444430923695,RS,ALVORADA,JARDIM ALGARVE,"RUA CENTO E QUARENTA E OITO, N. 458, Apto 303,","81.428,51","161.659,00",49.63,Sim,"Apartamento, 0.00 de área total, 27.50 de área privativa, 0.00 de área do terreno,  1 qto(s), WC, 1 sala(s), cozinha.",Venda Online,https://venda-imoveis.caixa.gov.br/sistema/detalhe-imovel.asp?hdnimovel=8444430923695,Caixa,Imóvel
8444428679626,RS,ALVORADA,MARIA REGINA,"RUA BARAO DE COTEGIPE, N. 149, Apto 104,","82.455,61","159.021,00",48.15,Sim,"Apartamento, 44.44 de área total, 38.80 de área privativa, 0.00 de área do terreno,  1 qto(s), WC, 1 sala(s), cozinha.",Venda Online,https://venda-imoveis.caixa.gov.br/sistema/detalhe-imovel.asp?hdnimovel=8444428679626,Caixa,Imóvel
8444429608382,RS,ALVORADA,JARDIM ALGARVE,"RUA IRAUNAS, N. 225, Apto 303,","72.090,54","131.000,00",44.97,Sim,"Apartamento, 27.50 de área total, 27.50 de área privativa, 0.00 de área do terreno,  1 qto(s), WC, 1 sala(s), cozinha.",Venda Online,https://venda-imoveis.caixa.gov.br/sistema/detalhe-imovel.asp?hdnimovel=8444429608382,Caixa,Imóvel
8444433881063,RS,ALVORADA,UMBU,"RUA EDISON DE OLIVEIRA, N. 518, Apto 304, BL 03 SUB-BL A","68.744,97","123.000,00",44.11,Sim,"Apartamento, 43.56 de área total, 42.98 de área privativa, 0.00 de área do terreno,  2 qto(s), WC, 1 sala(s), cozinha.",Venda Direta Online,https://venda-imoveis.caixa.gov.br/sistema/detalhe-imovel.asp?hdnimovel=8444433881063,Caixa,Imóvel
8444429829222,RS,ALVORADA,PASSO DA FIGUEIRA,"RUA 32, N. 191, Apto 102, QD 57 LT 1","54.522,84","94.180,63",42.11,Não,"Apartamento, 42.84 de área total, 39.78 de área privativa, 0.00 de área do terreno,  2 qto(s), a.serv, WC, 1 sala(s), cozinha.",Licitação Aberta,https://venda-imoveis.caixa.gov.br/sistema/detalhe-imovel.asp?hdnimovel=8444429829222,Caixa,Imóvel
8444429188685,RS,ALVORADA,JARDIM ALGARVE,"RUA CENTO E VINTE E TRES, N. 599, Apto 103, PV 1 LT 51 QD E12A","78.781,14","136.000,00",42.08,Não,"Apartamento, 33.69 de área total, 30.39 de área privativa, 0.00 de área do terreno,  1 qto(s), WC, 1 sala(s), cozinha.",Licitação Aberta,https://venda-imoveis.caixa.gov.br/sistema/detalhe-imovel.asp?hdnimovel=8444429188685,Caixa,Imóvel
8444407748564,RS,ALVORADA,TIJUCA,"RUA CANGUCU, N. SN, FRACAO 04 LT 10 QD K","46.472,85","80.000,00",41.91,Não,"Terreno, 0.00 de área total, 0.00 de área privativa, 365.00 de área do terreno.",Venda Direta Online,https://venda-imoveis.caixa.gov.br/sistema/detalhe-imovel.asp?hdnimovel=8444407748564,Caixa,Imóvel
8444425616208,RS,ALVORADA,ALGARVE,"RUA NUMERO 142, N. 99, Apto 202, LT 41 LT E24","84.950,68","145.100,00",41.46,Não,"Apartamento, 0.00 de área total, 35.72 de área privativa, 0.00 de área do terreno,  1 qto(s), WC, 1 sala(s), cozinha.",Licitação Aberta,https://venda-imoveis.caixa.gov.br/sistema/detalhe-imovel.asp?hdnimovel=8444425616208,Caixa,Imóvel
8444434005585,RS,ALVORADA,JARDIM ALGARVE,"RUA CENTO E CINQUENTA, N. 485, Apto 102,","82.667,38","141.200,00",41.46,Não,"Apartamento, 0.00 de área total, 28.63 de área privativa, 0.00 de área do terreno,  1 qto(s), WC, 1 sala(s), cozinha.",Licitação Aberta,https://venda-imoveis.caixa.gov.br/sistema/detalhe-imovel.asp?hdnimovel=8444434005585,Caixa,Imóvel
8444426086938,RS,ALVORADA,JARDIM ALGARVE,"RUA CENTO E QUARENTA E SEIS, N. 119, Apto 301, PAV 2/3 LT 44 QD E-22","94.815,14","160.000,00",40.75,Sim,"Apartamento, 33.68 de área total, 29.00 de área privativa, 0.00 de área do terreno,  1 qto(s), WC, 1 sala(s), cozinha.",Venda Online,https://venda-imoveis.caixa.gov.br/sistema/detalhe-imovel.asp?hdnimovel=8444426086938,Caixa,Imóvel
8444435620011,RS,ALVORADA,MARIA REGINA,"RUA VINTE E SETE, N. 223, Apto 103, BL 03 QD 57 LT 03","97.778,11","165.000,00",40.75,Não,"Apartamento, 42.84 de área total, 39.78 de área privativa, 0.00 de área do terreno,  2 qto(s), a.serv, WC, 1 sala(s), cozinha.",Licitação Aberta,https://venda-imoveis.caixa.gov.br/sistema/detalhe-imovel.asp?hdnimovel=8444435620011,Caixa,Imóvel
8444406534447,RS,ALVORADA,APARECIDA,"RUA DOM PEDRITO, N. 117, PARTE LT 09 CHACARA 02 QD 31","216.373,16","362.436,00",40.31,Não,"Casa, 120.00 de área total, 120.00 de área privativa, 231.00 de área do terreno,  2 qto(s), WC, 1 sala(s), cozinha, 1 vaga(s) de garagem.",Venda Direta Online,https://venda-imoveis.caixa.gov.br/sistema/detalhe-imovel.asp?hdnimovel=8444406534447,Caixa,Imóvel
8444417912600,RS,ALVORADA,MARIA REGINA,"RUA JOSE LINS DO REGO, N. 762, CS 01, QD G, LT 14","133.930,31","221.587,22",39.56,Sim,"Casa, 71.25 de área total, 71.25 de área privativa, 90.00 de área do terreno,  2 qto(s), varanda, a.serv, WC, 1 sala(s), 1 lavabo(s), cozinha, 1 vaga(s) de garagem.",Venda Online,https://venda-imoveis.caixa.gov.br/sistema/detalhe-imovel.asp?hdnimovel=8444417912600,Caixa,Imóvel
10218347,RS,ALVORADA,AMERICANA,"RUA MARIZ E BARROS (ANTIGA RUA A), N. 1062, QD 04, LT 13","232.619,72","365.000,00",36.27,Não,"Casa, 0.00 de área total, 184.82 de área privativa, 360.00 de área do terreno.",Venda Direta Online,https://venda-imoveis.caixa.gov.br/sistema/detalhe-imovel.asp?hdnimovel=10218347,Caixa,Imóvel
8444414146299,RS,ALVORADA,JARDIM ALGARVE,"RUA BEIJA-FLORES, N. 580, CASA 02","200.000,00","200.000,00",0.00,Não,"Casa, 49.25 de área total, 49.25 de área privativa, 87.50 de área do terreno,  2 qto(s), a.serv, WC, 1 sala(s), cozinha, 1 vaga(s) de garagem.",Leilão SFI - Edital Único,https://venda-imoveis.caixa.gov.br/sistema/detalhe-imovel.asp?hdnimovel=8444414146299,Caixa,Imóvel
8444419570510,RS,ALVORADA,FORMOZA,"RUA FERNAO DIAS, N. 500, CS 01 QD 5 LT 26","226.598,96","226.598,96",0.00,Não,"Casa, 54.50 de área total, 50.49 de área privativa, 86.40 de área do terreno,  2 qto(s), WC, 1 sala(s), cozinha.",Leilão SFI - Edital Único,https://venda-imoveis.caixa.gov.br/sistema/detalhe-imovel.asp?hdnimovel=8444419570510,Caixa,Imóvel
8444424248060,RS,ALVORADA,FORMOZA,"RUA FERNANDO FERRARI, N. 1042, Apto 104,","136.000,00","136.000,00",0.00,Não,"Apartamento, 39.80 de área total, 38.46 de área privativa, 0.00 de área do terreno,  2 qto(s), WC, 1 sala(s), cozinha.",Leilão SFI - Edital Único,https://venda-imoveis.caixa.gov.br/sistema/detalhe-imovel.asp?hdnimovel=8444424248060,Caixa,Imóvel
8444401748856,RS,ALVORADA,MARIA REGINA,"RUA ROQUE SANTEIRO, N. 136, Apto 104, LT 15, QD 62","131.716,00","131.716,00",0.00,Não,"Apartamento, 42.84 de área total, 39.78 de área privativa, 0.00 de área do terreno,  2 qto(s), a.serv, WC, 1 sala(s), cozinha.",Leilão SFI - Edital Único,https://venda-imoveis.caixa.gov.br/sistema/detalhe-imovel.asp?hdnimovel=8444401748856,Caixa,Imóvel
8444405810009,RS,ALVORADA,MARIA REGINA,"RUA RODA DE FOGO, N. 56, Apto 401,","105.000,00","105.000,00",0.00,Não,"Apartamento, 42.84 de área total, 39.78 de área privativa, 0.00 de área do terreno,  2 qto(s), WC, 1 sala(s), cozinha.",Leilão SFI - Edital Único,https://venda-imoveis.caixa.gov.br/sistema/detalhe-imovel.asp?hdnimovel=8444405810009,Caixa,Imóvel
8444417442093,RS,ALVORADA,MARIA REGINA,"RUA AIMORE, N. 204, CS 02","160.000,00","160.000,00",0.00,Não,"Casa, 46.76 de área total, 44.83 de área privativa, 86.93 de área do terreno.",Leilão SFI - Edital Único,https://venda-imoveis.caixa.gov.br/sistema/detalhe-imovel.asp?hdnimovel=8444417442093,Caixa,Imóvel
8444406900982,RS,ALVORADA,PIRATINI,"RUA CAUTRITAS, N. 520, CASA 02","206.000,00","206.000,00",0.00,Não,"Casa, 70.00 de área total, 70.00 de área privativa, 87.50 de área do terreno,  2 qto(s), a.serv, WC, 1 sala(s), 1 lavabo(s), cozinha, 1 vaga(s) de garagem.",Leilão SFI - Edital Único,https://venda-imoveis.caixa.gov.br/sistema/detalhe-imovel.asp?hdnimovel=8444406900982,Caixa,Imóvel
8787703218720,RS,ALVORADA,PIRATINI,"RUA MARAJO, N. 130, Apto 204, BL 02 VG 109","175.000,00","175.000,00",0.00,Não,"Apartamento, 85.46 de área total, 43.99 de área privativa, 0.00 de área do terreno,  2 qto(s), WC, 1 sala(s), cozinha, 1 vaga(s) de garagem.",Leilão SFI - Edital Único,https://venda-imoveis.caixa.gov.br/sistema/detalhe-imovel.asp?hdnimovel=8787703218720,Caixa,Imóvel
8444429802359,RS,ALVORADA,VILA DUAS FIGUEIRAS,"RUA FERNANDO FERRARI, N. 1078, Apto 104, VAGA BOX Nº 08","158.000,00","155.000,00",0.00,Não,"Apartamento, 46.17 de área total, 42.60 de área privativa, 0.00 de área do terreno,  2 qto(s), WC, 1 sala(s), cozinha, 1 vaga(s) de garagem.",Leilão SFI - Edital Único,https://venda-imoveis.caixa.gov.br/sistema/detalhe-imovel.asp?hdnimovel=8444429802359,Caixa,Imóvel
8444435363698,RS,ALVORADA,PIRATINI,"RUA 314, N. 146, Apto 301,","174.410,04","170.000,00",0.00,Não,"Apartamento, 33.45 de área total, 28.93 de área privativa, 0.00 de área do terreno,  1 qto(s), WC, 1 sala(s), cozinha.",Leilão SFI - Edital Único,https://venda-imoveis.caixa.gov.br/sistema/detalhe-imovel.asp?hdnimovel=8444435363698,Caixa,Imóvel
8787703648873,RS,ALVORADA,PIRATINI,"RUA F, N. 130, Apto 101, BL 05, VAGA BOX N 137","195.000,00","188.000,00",0.00,Não,"Apartamento, 98.77 de área total, 55.09 de área privativa, 0.00 de área do terreno, 1 vaga(s) de garagem.",Leilão SFI - Edital Único,https://venda-imoveis.caixa.gov.br/sistema/detalhe-imovel.asp?hdnimovel=8787703648873,Caixa,Imóvel
8787703308509,RS,ALVORADA,PIRATINI,"RUA MARAJO, N. 130, Apto 503, BL 06 VG 30 5 PAV","190.000,00","179.298,65",0.00,Não,"Apartamento, 85.45 de área total, 43.99 de área privativa, 0.00 de área do terreno,  2 qto(s), WC, 1 sala(s), cozinha, 1 vaga(s) de garagem.",Leilão SFI - Edital Único,https://venda-imoveis.caixa.gov.br/sistema/detalhe-imovel.asp?hdnimovel=8787703308509,Caixa,Imóvel
8444425479502,RS,ALVORADA,VILA MORUMBY,"RUA  JOSE LINS DO REGO, N. 1253, CASA 02, LOTE 05","153.000,00","143.000,00",0.00,Não,"Casa, 0.00 de área total, 45.70 de área privativa, 0.00 de área do terreno,  2 qto(s), WC, 1 sala(s), cozinha.",Leilão SFI - Edital Único,https://venda-imoveis.caixa.gov.br/sistema/detalhe-imovel.asp?hdnimovel=8444425479502,Caixa,Imóvel
8444438197616,RS,ALVORADA,APARECIDA,"RUA MARECHAL HUMBERTO DE ALENCAR CASTELO BRANCO, N. 267, 158,","285.907,38","266.000,00",0.00,Não,"Casa, 40.43 de área total, 39.30 de área privativa, 111.90 de área do terreno,  2 qto(s), a.serv, WC, 1 sala(s), cozinha.",Leilão SFI - Edital Único,https://venda-imoveis.caixa.gov.br/sistema/detalhe-imovel.asp?hdnimovel=8444438197616,Caixa,Imóvel
8444435377788,RS,ALVORADA,JARDIM ALGARVE,"RUA CENTO E VINTE E CINCO, N. 116, Apto 204,","172.117,90","160.000,00",0.00,Não,"Apartamento, 36.20 de área total, 30.30 de área privativa, 0.00 de área do terreno,  1 qto(s), WC, 1 sala(s), cozinha.",Leilão SFI - Edital Único,https://venda-imoveis.caixa.gov.br/sistema/detalhe-imovel.asp?hdnimovel=8444435377788,Caixa,Imóvel
8444438994788,RS,ALVORADA,UMBU,"RUA TREZE, N. 311, Apto 204, 2 PAV","144.113,45","132.000,00",0.00,Não,"Apartamento, 34.34 de área total, 30.00 de área privativa, 0.00 de área do terreno,  1 qto(s), WC, 1 sala(s), cozinha.",Leilão SFI - Edital Único,https://venda-imoveis.caixa.gov.br/sistema/detalhe-imovel.asp?hdnimovel=8444438994788,Caixa,Imóvel
8787704580938,RS,ALVORADA,PIRATINI,"RUA F, N. 130, Apto 201, BL 05 BOX 140","190.000,00","163.000,00",0.00,Não,"Apartamento, 85.45 de área total, 43.99 de área privativa, 0.00 de área do terreno,  2 qto(s), WC, 1 sala(s), cozinha, 1 vaga(s) de garagem.",Leilão SFI - Edital Único,https://venda-imoveis.caixa.gov.br/sistema/detalhe-imovel.asp?hdnimovel=8787704580938,Caixa,Imóvel
1444414639920,RS,ALVORADA,JARDIM ALGARVE,"RUA BEIJAFLORES, N. 33, LT 32 QD 29","192.844,37","165.000,00",0.00,Não,"Casa, 43.40 de área total, 43.40 de área privativa, 175.00 de área do terreno,  1 qto(s), a.serv, WC, 1 sala(s), cozinha.",Leilão SFI - Edital Único,https://venda-imoveis.caixa.gov.br/sistema/detalhe-imovel.asp?hdnimovel=1444414639920,Caixa,Imóvel
8787718327334,RS,ALVORADA,PIRATINI,"RUA B, N. 140, Q02L01 UN.PV.46","173.603,93","146.000,00",0.00,Não,"Casa, 29.30 de área total, 29.30 de área privativa, 37.19 de área do terreno,  1 qto(s), WC, 1 sala(s), cozinha, 1 vaga(s) de garagem.",Leilão SFI - Edital Único,https://venda-imoveis.caixa.gov.br/sistema/detalhe-imovel.asp?hdnimovel=8787718327334,Caixa,Imóvel
8444430288337,RS,ALVORADA,MARIA REGINA,"RUA 27, N. 18, Apto 103, LT 01 QD 58","142.944,33","120.000,00",0.00,Não,"Apartamento, 42.84 de área total, 39.78 de área privativa, 0.00 de área do terreno,  2 qto(s), a.serv, WC, 1 sala(s), cozinha.",Leilão SFI - Edital Único,https://venda-imoveis.caixa.gov.br/sistema/detalhe-imovel.asp?hdnimovel=8444430288337,Caixa,Imóvel
8444434835014,RS,ALVORADA,MARIA REGINA,"RUA ANA AXELRUD, N. 1088, Apto 102,","168.009,34","141.000,00",0.00,Não,"Apartamento, 33.10 de área total, 30.17 de área privativa, 0.00 de área do terreno,  1 qto(s), WC, 1 sala(s), cozinha.",Leilão SFI - Edital Único,https://venda-imoveis.caixa.gov.br/sistema/detalhe-imovel.asp?hdnimovel=8444434835014,Caixa,Imóvel
8444429650656,RS,ALVORADA,MARIA REGINA,"RUA VINTE E DOIS, N. 600, Apto 204,","127.015,94","106.000,00",0.00,Não,"Apartamento, 0.00 de área total, 39.78 de área privativa, 0.00 de área do terreno,  2 qto(s), a.serv, WC, cozinha.",Leilão SFI - Edital Único,https://venda-imoveis.caixa.gov.br/sistema/detalhe-imovel.asp?hdnimovel=8444429650656,Caixa,Imóvel
8444438868880,RS,ALVORADA,MARIA REGINA,"RUA RODA DE FOGO, N. 97, Apto 402,","170.958,50","140.400,00",0.00,Não,"Apartamento, 42.84 de área total, 39.78 de área privativa, 0.00 de área do terreno,  2 qto(s), WC, 1 sala(s), cozinha.",Leilão SFI - Edital Único,https://venda-imoveis.caixa.gov.br/sistema/detalhe-imovel.asp?hdnimovel=8444438868880,Caixa,Imóvel
8787703259680,RS,ALVORADA,LOT RES VALE VERDE,"RUA F, N. 130, Apto 202, BLOCO 05 2° PAVIMENTO BOX N° 01","190.000,00","150.000,00",0.00,Não,"Apartamento, 85.45 de área total, 43.99 de área privativa, 0.00 de área do terreno,  2 qto(s), WC, 1 sala(s), cozinha, 1 vaga(s) de garagem.",Leilão SFI - Edital Único,https://venda-imoveis.caixa.gov.br/sistema/detalhe-imovel.asp?hdnimovel=8787703259680,Caixa,Imóvel
8787703011883,RS,ALVORADA,PIRATINI,"RUA F, N. 130, Apto 502, BL 07 5° PAVIMENTO QD 15","190.000,00","150.000,00",0.00,Não,"Apartamento, 85.45 de área total, 43.99 de área privativa, 0.00 de área do terreno,  2 qto(s), WC, 1 sala(s), cozinha.",Leilão SFI - Edital Único,https://venda-imoveis.caixa.gov.br/sistema/detalhe-imovel.asp?hdnimovel=8787703011883,Caixa,Imóvel
8444401420354,RS,ALVORADA,JARDIM ALGARVE,"RUA CURIOS, N. 451, LT 44, QD A92, LOT ALGARVE","236.534,60","185.000,00",0.00,Não,"Casa, 49.84 de área total, 49.84 de área privativa, 175.00 de área do terreno,  2 qto(s), WC, 1 sala(s), cozinha.",Leilão SFI - Edital Único,https://venda-imoveis.caixa.gov.br/sistema/detalhe-imovel.asp?hdnimovel=8444401420354,Caixa,Imóvel
8444408190931,RS,ALVORADA,MARIA REGINA,"RUA 27, N. 247, Apto 203,","147.329,27","90.000,00",0.00,Não,"Apartamento, 42.84 de área total, 39.78 de área privativa, 0.00 de área do terreno,  2 qto(s), a.serv, WC, 1 sala(s), cozinha.",Leilão SFI - Edital Único,https://venda-imoveis.caixa.gov.br/sistema/detalhe-imovel.asp?hdnimovel=8444408190931,Caixa,Imóvel
8444438509596,RS,ALVORADA,MARIA REGINA,"RUA 27, N. 262, Apto 302, 2º ANDAR OU 3º PAVIMENTO","138.803,19","78.000,00",0.00,Não,"Apartamento, 42.84 de área total, 39.78 de área privativa, 0.00 de área do terreno,  2 qto(s), a.serv, WC, 1 sala(s), cozinha.",Leilão SFI - Edital Único,https://venda-imoveis.caixa.gov.br/sistema/detalhe-imovel.asp?hdnimovel=8444438509596,Caixa,Imóvel
1444407896565,RS,CACHOEIRINHA,PARQUE DA MATRIZ,"RUA CONCORDIA, N. 1591, LT 29 QD A-5","303.998,92","530.000,00",42.65,Sim,"Casa, 137.50 de área total, 92.00 de área privativa, 229.49 de área do terreno,  3 qto(s), a.serv, WC, 1 sala(s), cozinha.",Venda Direta Online,https://venda-imoveis.caixa.gov.br/sistema/detalhe-imovel.asp?hdnimovel=1444407896565,Caixa,Imóvel
8555521251993,RS,CACHOEIRINHA,JARDIM DOS ESTADOS,"RUA 01, N. 685, Apto 104, BL A","84.892,14","145.000,00",41.46,Não,"Apartamento, 0.00 de área total, 45.57 de área privativa, 0.00 de área do terreno.",Licitação Aberta,https://venda-imoveis.caixa.gov.br/sistema/detalhe-imovel.asp?hdnimovel=8555521251993,Caixa,Imóvel
8555534094832,RS,CACHOEIRINHA,AGUAS MORTAS,"AVENIDA FREDERICO AUGUSTO RITTER, N. 5255, CS 125  LT 06A2","120.882,70","200.000,00",39.56,Não,"Casa, 102.09 de área total, 49.84 de área privativa, 102.09 de área do terreno,  2 qto(s), a.serv, WC, 1 sala(s), cozinha.",Licitação Aberta,https://venda-imoveis.caixa.gov.br/sistema/detalhe-imovel.asp?hdnimovel=8555534094832,Caixa,Imóvel
8444423870999,RS,CACHOEIRINHA,JARDIM DO BOSQUE,"RUA BACOPARI, N. 425, Apto 202, PAV 2 LT 14 QD A21 PQ RES GRANJA ESPER","117.860,63","195.000,00",39.56,Não,"Apartamento, 87.37 de área total, 66.14 de área privativa, 0.00 de área do terreno,  2 qto(s), a.serv, WC, 1 sala(s), cozinha, 1 vaga(s) de garagem.",Licitação Aberta,https://venda-imoveis.caixa.gov.br/sistema/detalhe-imovel.asp?hdnimovel=8444423870999,Caixa,Imóvel
8787714707108,RS,CACHOEIRINHA,FAZENDA ESPERANCA,"RUA IPE MIRIM (ANTIGA RUA J), N. 760, CS 14 QD 11 LT 01","119.069,46","197.000,00",39.56,Não,"Casa, 45.56 de área total, 45.56 de área privativa, 95.40 de área do terreno,  2 qto(s), a.serv, WC, 1 sala(s), cozinha.",Licitação Aberta,https://venda-imoveis.caixa.gov.br/sistema/detalhe-imovel.asp?hdnimovel=8787714707108,Caixa,Imóvel
8044200428930,RS,CACHOEIRINHA,BOM PRINCIPIO,"RUA MISSOES, N. SN, Apto 306, TORRE 2B","165.934,52","271.000,00",38.77,Não,"Apartamento, 0.00 de área total, 68.87 de área privativa, 0.00 de área do terreno,  2 qto(s), a.serv, WC, 1 sala(s), cozinha.",Licitação Aberta,https://venda-imoveis.caixa.gov.br/sistema/detalhe-imovel.asp?hdnimovel=8044200428930,Caixa,Imóvel
1043020831993,RS,CACHOEIRINHA,BOM PRINCIPIO,"RUA GUAIANA, N. 599, QD 11 LT 08","216.686,86","340.000,00",36.27,Não,"Casa, 0.00 de área total, 85.90 de área privativa, 300.00 de área do terreno,  2 qto(s), WC, 1 sala(s), cozinha.",Licitação Aberta,https://venda-imoveis.caixa.gov.br/sistema/detalhe-imovel.asp?hdnimovel=1043020831993,Caixa,Imóvel
1444413222651,RS,CACHOEIRINHA,VILA CACHOEIRINHA,"RUA TABAJARA, N. 95, Apto 101,","390.418,74","612.600,00",36.27,Não,"Apartamento, 0.00 de área total, 148.20 de área privativa, 0.00 de área do terreno,  2 qto(s), varanda, a.serv, WC, 1 sala(s), cozinha, 1 vaga(s) de garagem.",Licitação Aberta,https://venda-imoveis.caixa.gov.br/sistema/detalhe-imovel.asp?hdnimovel=1444413222651,Caixa,Imóvel
1555505640320,RS,CACHOEIRINHA,VILA IMBUI,"RUA RUI RAMOS, N. 66, Apto 503, 5º ANDAR, LOT JARDIM MAUÁ","427.000,58","670.000,00",36.27,Sim,"Apartamento, 193.79 de área total, 171.86 de área privativa, 0.00 de área do terreno,  2 qto(s), a.serv, WC, 2 sala(s), cozinha, Terraco.",Venda Direta Online,https://venda-imoveis.caixa.gov.br/sistema/detalhe-imovel.asp?hdnimovel=1555505640320,Caixa,Imóvel
8084400404391,RS,CACHOEIRINHA,VILA CACHOEIRINHA,"RUA SANTA CLARA, N. 197, Apto 403, BL 1 4 PAV","225.000,00","225.000,00",0.00,Não,"Apartamento, 130.60 de área total, 119.34 de área privativa, 0.00 de área do terreno,  1 qto(s), a.serv, WC, 2 sala(s), cozinha, Terraco.",Leilão SFI - Edital Único,https://venda-imoveis.caixa.gov.br/sistema/detalhe-imovel.asp?hdnimovel=8084400404391,Caixa,Imóvel
8787710268665,RS,CACHOEIRINHA,PARQUE MARECHAL RONDON,"RUA SUICA ACESSO C, N. 784, CS 57  QD C  RESIDENCIAL SUIÇA","190.000,00","190.000,00",0.00,Não,"Casa, 0.00 de área total, 44.44 de área privativa, 0.00 de área do terreno,  2 qto(s), WC, 1 sala(s), cozinha, Terraco.",Leilão SFI - Edital Único,https://venda-imoveis.caixa.gov.br/sistema/detalhe-imovel.asp?hdnimovel=8787710268665,Caixa,Imóvel
8444415021481,RS,CACHOEIRINHA,VILA SILVEIRA MARTINS,"RUA FLAVIO CATANHEDE, N. 55, BOX 08","198.000,00","198.000,00",0.00,Não,"Casa, 122.36 de área total, 98.31 de área privativa, 48.62 de área do terreno,  2 qto(s), a.serv, WC, 1 sala(s), cozinha, 1 vaga(s) de garagem.",Leilão SFI - Edital Único,https://venda-imoveis.caixa.gov.br/sistema/detalhe-imovel.asp?hdnimovel=8444415021481,Caixa,Imóvel
8084400406548,RS,CACHOEIRINHA,PONTA PORA,"RUA RIO BRANCO, N. 551, Apto 401, BL B BOX 18","210.000,00","210.000,00",0.00,Não,"Apartamento, 0.00 de área total, 57.65 de área privativa, 0.00 de área do terreno, 1 vaga(s) de garagem.",Leilão SFI - Edital Único,https://venda-imoveis.caixa.gov.br/sistema/detalhe-imovel.asp?hdnimovel=8084400406548,Caixa,Imóvel
8787709629781,RS,CACHOEIRINHA,JARDIM BETANIA,"AVENIDA DA FEDERACAO, N. 705, Apto 344, BLOCO K","156.000,00","156.000,00",0.00,Não,"Apartamento, 47.62 de área total, 43.20 de área privativa, 0.00 de área do terreno,  2 qto(s), a.serv, WC, 1 sala(s), cozinha.",Leilão SFI - Edital Único,https://venda-imoveis.caixa.gov.br/sistema/detalhe-imovel.asp?hdnimovel=8787709629781,Caixa,Imóvel
8444413364012,RS,CACHOEIRINHA,MORADA DO BOSQUE,"RUA NILS TARANGER, N. 62, CS 02, LT C, QD B9","209.000,00","209.000,00",0.00,Não,"Casa, 0.00 de área total, 48.25 de área privativa, 97.00 de área do terreno,  2 qto(s), WC, 1 sala(s), cozinha, 1 vaga(s) de garagem.",Leilão SFI - Edital Único,https://venda-imoveis.caixa.gov.br/sistema/detalhe-imovel.asp?hdnimovel=8444413364012,Caixa,Imóvel
8787700296690,RS,CACHOEIRINHA,FAZENDA ESPERANCA,"RUA ESMERALDA, N. 349, CS 04 LT 14 QD F1","200.000,00","200.000,00",0.00,Não,"Casa, 0.00 de área total, 29.96 de área privativa, 85.51 de área do terreno,  1 qto(s), a.serv, WC, 1 sala(s), cozinha.",Leilão SFI - Edital Único,https://venda-imoveis.caixa.gov.br/sistema/detalhe-imovel.asp?hdnimovel=8787700296690,Caixa,Imóvel
8787705682858,RS,CACHOEIRINHA,JARDIM DOS ESTADOS,"AVENIDA DA FEDERACAO, N. 705, Apto 329, BLOCO H","140.000,00","134.000,00",0.00,Não,"Apartamento, 0.00 de área total, 43.20 de área privativa, 0.00 de área do terreno,  2 qto(s), WC, 1 sala(s), cozinha.",Leilão SFI - Edital Único,https://venda-imoveis.caixa.gov.br/sistema/detalhe-imovel.asp?hdnimovel=8787705682858,Caixa,Imóvel
8444400529018,RS,CACHOEIRINHA,VILA CACHOEIRINHA,"R  PAPA JOAO XXIII, N. 1100, Apto 401, BLOCO 02","160.000,00","148.000,00",0.00,Não,"Apartamento, 0.00 de área total, 49.36 de área privativa, 0.00 de área do terreno,  2 qto(s), varanda, a.serv, WC, 1 sala(s), cozinha.",Leilão SFI - Edital Único,https://venda-imoveis.caixa.gov.br/sistema/detalhe-imovel.asp?hdnimovel=8444400529018,Caixa,Imóvel
8444437200842,RS,CACHOEIRINHA,PARQUE MARECHAL RONDON,"RUA ROMENIA, N. 305, Apto 309D, BLOCO D, TERCEIRO PAVIMENTO","173.422,06","128.401,79",0.00,Não,"Apartamento, 45.51 de área total, 40.51 de área privativa, 0.00 de área do terreno,  2 qto(s), a.serv, WC, 1 sala(s), cozinha.",Leilão SFI - Edital Único,https://venda-imoveis.caixa.gov.br/sistema/detalhe-imovel.asp?hdnimovel=8444437200842,Caixa,Imóvel
1444418826849,RS,CACHOEIRINHA,VILA PARQUE BRASILIA,"RUA IRMAOS VEIGA, N. 78, CS.1 LT.24 QD.R SUBQD.R3","238.067,56","132.000,00",0.00,Não,"Casa, 57.51 de área total, 57.51 de área privativa, 75.55 de área do terreno,  2 qto(s), a.serv, WC, 1 sala(s), 1 lavabo(s), cozinha, 1 vaga(s) de garagem.",Leilão SFI - Edital Único,https://venda-imoveis.caixa.gov.br/sistema/detalhe-imovel.asp?hdnimovel=1444418826849,Caixa,Imóvel
8787711483896,RS,CANOAS,RIO BRANCO,"RUA MACHADINHO, N. 1704, Apto 101, BL 3","61.629,84","160.000,00",61.49,Sim,"Apartamento, 69.02 de área total, 41.19 de área privativa, 0.00 de área do terreno,  2 qto(s).",Venda Online,https://venda-imoveis.caixa.gov.br/sistema/detalhe-imovel.asp?hdnimovel=8787711483896,Caixa,Imóvel
8444411730283,RS,CANOAS,GUAJUVIRAS,"AVENIDA 1, N. 2274, Apto 202, BL 15","47.784,52","110.000,00",56.56,Não,"Apartamento, 0.00 de área total, 39.78 de área privativa, 0.00 de área do terreno,  2 qto(s), a.serv, WC, 1 sala(s), cozinha.",Venda Direta Online,https://venda-imoveis.caixa.gov.br/sistema/detalhe-imovel.asp?hdnimovel=8444411730283,Caixa,Imóvel
8787709772142,RS,CANOAS,RIO BRANCO,"RUA MACHADINHO, N. 1580, Apto 103, BL 07","80.200,73","175.000,00",54.18,Sim,"Apartamento, 0.00 de área total, 41.19 de área privativa, 0.00 de área do terreno,  2 qto(s), WC, 1 sala(s), cozinha.",Venda Direta Online,https://venda-imoveis.caixa.gov.br/sistema/detalhe-imovel.asp?hdnimovel=8787709772142,Caixa,Imóvel
8444416114653,RS,CANOAS,GUAJUVIRAS,"AVENIDA 1, N. S/N, Apto 302, BLOCO 07","39.773,45","85.000,00",53.21,Não,"Apartamento, 0.00 de área total, 29.87 de área privativa, 0.00 de área do terreno,  1 qto(s), a.serv, WC, 1 sala(s), cozinha.",Venda Direta Online,https://venda-imoveis.caixa.gov.br/sistema/detalhe-imovel.asp?hdnimovel=8444416114653,Caixa,Imóvel
8444413608450,RS,CANOAS,GUAJUVIRAS,"AVENIDA UM, N. 1830, Apto 202, BL 09","69.341,46","135.000,00",48.64,Sim,"Apartamento, 42.84 de área total, 39.78 de área privativa, 0.00 de área do terreno,  2 qto(s), a.serv, WC, 1 sala(s), cozinha.",Venda Direta Online,https://venda-imoveis.caixa.gov.br/sistema/detalhe-imovel.asp?hdnimovel=8444413608450,Caixa,Imóvel
10177314,RS,CANOAS,NITEROI,"RUA ARTHUR BERNARDES, N. 405","618.245,89","1.176.500,00",47.46,Não,"Galpão, 0.00 de área total, 1001.76 de área privativa, 930.60 de área do terreno.",Venda Direta Online,https://venda-imoveis.caixa.gov.br/sistema/detalhe-imovel.asp?hdnimovel=10177314,Caixa,Imóvel
8444407111230,RS,CANOAS,GUAJUVIRAS,"AVENIDA 1, N. 527, Apto 404,  H104ATUAL AV DEZESSETE DE ABRIL, 52","52.843,66","100.000,00",47.16,Não,"Apartamento, 42.84 de área total, 39.78 de área privativa, 0.00 de área do terreno,  2 qto(s), a.serv, WC, 1 sala(s), cozinha.",Venda Direta Online,https://venda-imoveis.caixa.gov.br/sistema/detalhe-imovel.asp?hdnimovel=8444407111230,Caixa,Imóvel
8787704616614,RS,CANOAS,ESTANCIA VELHA,"RUA SAO NICOLAU, N. 850, Apto 103, PAV 1, BL 8","108.416,67","205.000,00",47.12,Não,"Apartamento, 0.00 de área total, 41.19 de área privativa, 0.00 de área do terreno.",Venda Direta Online,https://venda-imoveis.caixa.gov.br/sistema/detalhe-imovel.asp?hdnimovel=8787704616614,Caixa,Imóvel
1444420999097,RS,CANOAS,OLARIA,"RUA GILDO DE FREITAS, N. 1807, Apto 16, LT 9 A 12 QD C","97.272,69","180.000,00",45.96,Sim,"Apartamento, 59.28 de área total, 58.12 de área privativa, 0.00 de área do terreno,  2 qto(s), WC, 1 sala(s), cozinha.",Venda Online,https://venda-imoveis.caixa.gov.br/sistema/detalhe-imovel.asp?hdnimovel=1444420999097,Caixa,Imóvel
8444408356740,RS,CANOAS,Bairro Guajuviras,"AVENIDA 1, N. 2158, Apto 403, BL 08, LT 04, QD O, SETOR 06","71.329,63","130.000,00",45.14,Sim,"Apartamento, 42.84 de área total, 39.78 de área privativa, 0.00 de área do terreno,  2 qto(s), a.serv, WC, 1 sala(s), cozinha.",Venda Direta Online,https://venda-imoveis.caixa.gov.br/sistema/detalhe-imovel.asp?hdnimovel=8444408356740,Caixa,Imóvel
8787710737266,RS,CANOAS,RIO BRANCO,"RUA MACHADINHO, N. 1580, Apto 102, BL 14","74.291,77","135.000,00",44.97,Não,"Apartamento, 62.76 de área total, 41.19 de área privativa, 0.00 de área do terreno,  2 qto(s), WC, 1 sala(s), cozinha.",Venda Online,https://venda-imoveis.caixa.gov.br/sistema/detalhe-imovel.asp?hdnimovel=8787710737266,Caixa,Imóvel
8787708314981,RS,CANOAS,RIO BRANCO,"RUA MACHADINHO, N. 1580, Apto 101, BL 16 1º PAVIMENTO","77.866,57","140.000,00",44.39,Sim,"Apartamento, 62.76 de área total, 41.19 de área privativa, 0.00 de área do terreno,  2 qto(s), a.serv, WC, 1 sala(s), cozinha.",Venda Direta Online,https://venda-imoveis.caixa.gov.br/sistema/detalhe-imovel.asp?hdnimovel=8787708314981,Caixa,Imóvel
8787701835137,RS,CANOAS,LOT RESID CANOAS LES,"RUA SUB HELIO SANSONE - ANTIGA RUA 4, N. 21, Apto 411, TORRE 04 LT 08 QD E","117.407,32","210.000,00",44.10,Não,"Apartamento, 0.00 de área total, 47.28 de área privativa, 0.00 de área do terreno.",Venda Direta Online,https://venda-imoveis.caixa.gov.br/sistema/detalhe-imovel.asp?hdnimovel=8787701835137,Caixa,Imóvel
8787707302505,RS,CANOAS,RIO BRANCO,"RUA MACHADINHO, N. 1580, Apto 101, BL 01","83.568,98","146.400,00",42.92,Não,"Apartamento, 62.76 de área total, 41.19 de área privativa, 0.00 de área do terreno,  1 qto(s), WC, 1 sala(s), cozinha, 1 vaga(s) de garagem.",Venda Direta Online,https://venda-imoveis.caixa.gov.br/sistema/detalhe-imovel.asp?hdnimovel=8787707302505,Caixa,Imóvel
8787717674936,RS,CANOAS,FATIMA,"RUA CAIRU, N. 1705, Apto 503, BL 06","78.201,87","135.000,00",42.08,Não,"Apartamento, 65.30 de área total, 41.19 de área privativa, 0.00 de área do terreno,  2 qto(s), WC, 1 sala(s), cozinha.",Licitação Aberta,https://venda-imoveis.caixa.gov.br/sistema/detalhe-imovel.asp?hdnimovel=8787717674936,Caixa,Imóvel
8047200400231,RS,CANOAS,MATHIAS VELHO,"RUA ESPUMOSO, N. 305,","187.036,83","320.332,00",41.62,Sim,"Casa, 0.00 de área total, 80.00 de área privativa, 500.00 de área do terreno,  2 qto(s), WC, 1 sala(s), cozinha.",Venda Direta Online,https://venda-imoveis.caixa.gov.br/sistema/detalhe-imovel.asp?hdnimovel=8047200400231,Caixa,Imóvel
8444423983440,RS,CANOAS,SAO JOSE,"AV PROJETADA NORTE, N. SN, LT 45 QD C10","81.379,36","139.000,00",41.46,Não,"Terreno, 0.00 de área total, 0.00 de área privativa, 200.00 de área do terreno.",Licitação Aberta,https://venda-imoveis.caixa.gov.br/sistema/detalhe-imovel.asp?hdnimovel=8444423983440,Caixa,Imóvel
8787704195392,RS,CANOAS,MATO GRANDE,"RUA ROBERTO FRANCISCO BEHRENS, N. 303, Apto 101, BL 16","103.704,06","175.000,00",40.75,Sim,"Apartamento, 0.00 de área total, 41.19 de área privativa, 0.00 de área do terreno, 1 vaga(s) de garagem.",Venda Online,https://venda-imoveis.caixa.gov.br/sistema/detalhe-imovel.asp?hdnimovel=8787704195392,Caixa,Imóvel
8444422622142,RS,CANOAS,GUAJUVIRAS,"AV 1, N. 527, Apto 402, BL 3","68.797,93","115.000,00",40.18,Sim,"Apartamento, 42.84 de área total, 39.78 de área privativa, 0.00 de área do terreno,  2 qto(s), WC, 1 sala(s), cozinha.",Venda Online,https://venda-imoveis.caixa.gov.br/sistema/detalhe-imovel.asp?hdnimovel=8444422622142,Caixa,Imóvel
1444403309878,RS,CANOAS,CENTRO,"RUA CANDIDO MACHADO, N. 100, Apto 1205, COBERTURA","544.903,72","900.000,00",39.46,Sim,"Apartamento, 0.00 de área total, 163.49 de área privativa, 0.00 de área do terreno,  3 qto(s), varanda, a.serv, WC, 1 sala(s), cozinha, 1 vaga(s) de garagem.",Venda Direta Online,https://venda-imoveis.caixa.gov.br/sistema/detalhe-imovel.asp?hdnimovel=1444403309878,Caixa,Imóvel
1444407787553,RS,CANOAS,RIO BRANCO,"RUA DOM JOAO BECKER, N. 1852, Apto 135, BL I","122.737,54","200.000,00",38.64,Sim,"Apartamento, 74.68 de área total, 42.46 de área privativa, 0.00 de área do terreno,  2 qto(s), WC, 1 sala(s), cozinha, 1 vaga(s) de garagem.",Venda Direta Online,https://venda-imoveis.caixa.gov.br/sistema/detalhe-imovel.asp?hdnimovel=1444407787553,Caixa,Imóvel
8555535288517,RS,CANOAS,FATIMA,"RUA OLIVEIRA VIANA, N. 491, Apto 149, BL M","125.884,66","200.000,00",37.06,Sim,"Apartamento, 76.46 de área total, 42.70 de área privativa, 0.00 de área do terreno,  2 qto(s), WC, 1 sala(s), 1 vaga(s) de garagem.",Venda Direta Online,https://venda-imoveis.caixa.gov.br/sistema/detalhe-imovel.asp?hdnimovel=8555535288517,Caixa,Imóvel
8787709509123,RS,CANOAS,ESTANCIA VELHA,"RUA A J RENNER, N. 1362, Apto 502, BL 11","126.639,15","169.000,00",25.07,Não,"Apartamento, 72.47 de área total, 41.19 de área privativa, 0.00 de área do terreno,  2 qto(s), WC, 1 sala(s), cozinha, 1 vaga(s) de garagem.",Leilão SFI - Edital Único,https://venda-imoveis.caixa.gov.br/sistema/detalhe-imovel.asp?hdnimovel=8787709509123,Caixa,Imóvel
8787700840714,RS,CANOAS,SAO JOSE,"RUA LOPES TROVAO, N. 45, Apto 502, BL 6 VG 41","160.000,00","160.000,00",0.00,Não,"Apartamento, 67.73 de área total, 41.19 de área privativa, 0.00 de área do terreno,  2 qto(s), WC, 1 sala(s), cozinha, 1 vaga(s) de garagem.",Leilão SFI - Edital Único,https://venda-imoveis.caixa.gov.br/sistema/detalhe-imovel.asp?hdnimovel=8787700840714,Caixa,Imóvel
8787701614912,RS,CANOAS,SAO JOSE,"RUA GUARUJA, N. 200, Apto 202, BL15 VG 338","205.000,00","205.000,00",0.00,Não,"Apartamento, 78.24 de área total, 41.58 de área privativa, 0.00 de área do terreno,  2 qto(s), WC, 1 sala(s), cozinha, 1 vaga(s) de garagem.",Leilão SFI - Edital Único,https://venda-imoveis.caixa.gov.br/sistema/detalhe-imovel.asp?hdnimovel=8787701614912,Caixa,Imóvel
8787703332280,RS,CANOAS,SAO JOSE,"RUA GUARUJA, N. 200, Apto 404, BL 11 VG 227 4 PAV","180.000,00","180.000,00",0.00,Não,"Apartamento, 78.25 de área total, 41.59 de área privativa, 0.00 de área do terreno,  2 qto(s), WC, 1 sala(s), cozinha, 1 vaga(s) de garagem.",Leilão SFI - Edital Único,https://venda-imoveis.caixa.gov.br/sistema/detalhe-imovel.asp?hdnimovel=8787703332280,Caixa,Imóvel
1444408377413,RS,CANOAS,IGARA,"RUA DOS GUAMIRINS, N. 303, CS 255 TIPO A3","315.500,00","315.500,00",0.00,Não,"Casa, 0.00 de área total, 85.74 de área privativa, 0.00 de área do terreno, 1 vaga(s) de garagem.",Leilão SFI - Edital Único,https://venda-imoveis.caixa.gov.br/sistema/detalhe-imovel.asp?hdnimovel=1444408377413,Caixa,Imóvel
8555511454948,RS,CANOAS,ESTANCIA VELHA,"AVENIDA SANTOS FERREIRA, N. 4100, Apto 304, LT 01, QD A,","239.264,22","239.264,22",0.00,Não,"Apartamento, 59.51 de área total, 41.28 de área privativa, 0.00 de área do terreno,  2 qto(s), WC, 1 sala(s), cozinha.",Leilão SFI - Edital Único,https://venda-imoveis.caixa.gov.br/sistema/detalhe-imovel.asp?hdnimovel=8555511454948,Caixa,Imóvel
8787711362401,RS,CANOAS,MATO GRANDE,"RUA ANTONIO LOURENCO ROSA, N. 187, Apto 403, BL 15","141.000,00","141.000,00",0.00,Não,"Apartamento, 76.21 de área total, 41.19 de área privativa, 0.00 de área do terreno,  2 qto(s), WC, 1 sala(s), cozinha, 1 vaga(s) de garagem.",Leilão SFI - Edital Único,https://venda-imoveis.caixa.gov.br/sistema/detalhe-imovel.asp?hdnimovel=8787711362401,Caixa,Imóvel
8555526978298,RS,CANOAS,FATIMA,"RUA JOAQUIM CAETANO, N. 700, Apto 205, BL E 2 PAV VG 73","229.133,00","229.133,00",0.00,Não,"Apartamento, 0.00 de área total, 55.15 de área privativa, 0.00 de área do terreno,  2 qto(s), WC, 1 sala(s), cozinha, 1 vaga(s) de garagem.",Leilão SFI - Edital Único,https://venda-imoveis.caixa.gov.br/sistema/detalhe-imovel.asp?hdnimovel=8555526978298,Caixa,Imóvel
8787702571648,RS,CANOAS,OLARIA,"RUA DO BOSQUE, N. 21, Apto 243, TR 02","198.000,00","198.000,00",0.00,Não,"Apartamento, 67.03 de área total, 47.23 de área privativa, 0.00 de área do terreno,  2 qto(s), WC, 1 sala(s), cozinha.",Leilão SFI - Edital Único,https://venda-imoveis.caixa.gov.br/sistema/detalhe-imovel.asp?hdnimovel=8787702571648,Caixa,Imóvel
8444408065703,RS,CANOAS,GUAJUVIRAS,"AVENIDA DEZESSETE DE ABRIL, N. 2218, Apto 203, BLOCO 13, PRIMEIRO ANDAR","118.000,00","118.000,00",0.00,Não,"Apartamento, 0.00 de área total, 39.78 de área privativa, 0.00 de área do terreno,  2 qto(s), WC, 1 sala(s), cozinha.",Leilão SFI - Edital Único,https://venda-imoveis.caixa.gov.br/sistema/detalhe-imovel.asp?hdnimovel=8444408065703,Caixa,Imóvel
10306967,RS,CANOAS,RIO BRANCO,"RUA MACHADINHO, N. 118, Apto 201, BL A","208.000,00","195.000,00",0.00,Não,"Apartamento, 0.00 de área total, 44.38 de área privativa, 0.00 de área do terreno, 1 vaga(s) de garagem.",Leilão SFI - Edital Único,https://venda-imoveis.caixa.gov.br/sistema/detalhe-imovel.asp?hdnimovel=10306967,Caixa,Imóvel
8787702123947,RS,CANOAS,SAO JOSE,"RUA GUARUJA, N. 200, Apto 404,","190.000,00","160.000,00",0.00,Não,"Apartamento, 78.26 de área total, 41.59 de área privativa, 0.00 de área do terreno,  2 qto(s), WC, 1 sala(s), cozinha, 1 vaga(s) de garagem.",Leilão SFI - Edital Único,https://venda-imoveis.caixa.gov.br/sistema/detalhe-imovel.asp?hdnimovel=8787702123947,Caixa,Imóvel
1444419994974,RS,ELDORADO DO SUL,LOT RURAL ELDORADO,"ESTRADA 12, N. SN, LT 205 QD 11","66.129,09","110.873,76",40.36,Não,"Terreno, 0.00 de área total, 0.00 de área privativa, 2424.00 de área do terreno.",Venda Online,https://venda-imoveis.caixa.gov.br/sistema/detalhe-imovel.asp?hdnimovel=1444419994974,Caixa,Imóvel
1444421130965,RS,ELDORADO DO SUL,LOT RURAL ELDORADO,"ESTRADA 1, N. 01, LT 90 QD 11","60.527,27","101.481,60",40.36,Não,"Terreno, 0.00 de área total, 0.00 de área privativa, 2112.00 de área do terreno.",Venda Online,https://venda-imoveis.caixa.gov.br/sistema/detalhe-imovel.asp?hdnimovel=1444421130965,Caixa,Imóvel
8047200397176,RS,ESTEIO,CENTRO,"RUA RIO GRANDE, N. 2195, Apto 352, BL M","70.459,56","142.000,00",50.39,Não,"Apartamento, 0.00 de área total, 39.05 de área privativa, 0.00 de área do terreno,  2 qto(s), a.serv, WC, 1 sala(s), cozinha.",Venda Online,https://venda-imoveis.caixa.gov.br/sistema/detalhe-imovel.asp?hdnimovel=8047200397176,Caixa,Imóvel
8555509166809,RS,ESTEIO,CENTRO,"RUA RIO GRANDE, N. 2195, Apto 346, BL L","83.876,75","167.000,00",49.78,Sim,"Apartamento, 49.38 de área total, 39.05 de área privativa, 0.00 de área do terreno,  2 qto(s), WC, 1 sala(s), cozinha, 1 vaga(s) de garagem.",Venda Online,https://venda-imoveis.caixa.gov.br/sistema/detalhe-imovel.asp?hdnimovel=8555509166809,Caixa,Imóvel
10147091,RS,ESTEIO,NOVO ESTEIO,"RUA ARISTIDES RODRIGUES FERREIRA, N. 207","396.843,83","770.000,00",48.47,Não,"Casa, 0.00 de área total, 249.14 de área privativa, 0.00 de área do terreno,  3 qto(s), a.serv, WC, WC Emp, 1 sala(s), 1 lavabo(s), cozinha, 1 vaga(s) de garagem.",Venda Direta Online,https://venda-imoveis.caixa.gov.br/sistema/detalhe-imovel.asp?hdnimovel=10147091,Caixa,Imóvel
8444429335580,RS,ESTEIO,SAO JOSE,"RUA SAO BORJA, N. 347, Apto 301, BL B","65.921,81","115.000,00",42.68,Sim,"Apartamento, 50.79 de área total, 44.00 de área privativa, 0.00 de área do terreno,  2 qto(s), WC, 1 sala(s), cozinha.",Venda Direta Online,https://venda-imoveis.caixa.gov.br/sistema/detalhe-imovel.asp?hdnimovel=8444429335580,Caixa,Imóvel
8444420587161,RS,ESTEIO,PARQUE PRIMAVERA,"ESTRADA PASSO DO NAZARIO, N. 16,","104.889,24","177.000,00",40.75,Não,"Terreno, 0.00 de área total, 0.00 de área privativa, 174.48 de área do terreno.",Venda Online,https://venda-imoveis.caixa.gov.br/sistema/detalhe-imovel.asp?hdnimovel=8444420587161,Caixa,Imóvel
8444404850473,RS,ESTEIO,CENTRO,"RUA RIO GRANDE, N. 2255, Apto 311, BL A, QD  03","91.570,92","150.000,00",38.96,Sim,"Apartamento, 93.50 de área total, 55.96 de área privativa, 0.00 de área do terreno,  2 qto(s), a.serv, WC, 1 sala(s), cozinha.",Venda Online,https://venda-imoveis.caixa.gov.br/sistema/detalhe-imovel.asp?hdnimovel=8444404850473,Caixa,Imóvel
1555534402415,RS,ESTEIO,CENTRO,"AVENIDA PRESIDENTE VARGAS, N. 3080, Apto 101, BL A","144.767,36","230.000,00",37.06,Não,"Apartamento, 64.11 de área total, 53.12 de área privativa, 0.00 de área do terreno,  2 qto(s), a.serv, WC, 1 sala(s), cozinha, 1 vaga(s) de garagem.",Licitação Aberta,https://venda-imoveis.caixa.gov.br/sistema/detalhe-imovel.asp?hdnimovel=1555534402415,Caixa,Imóvel
8787711854924,RS,ESTEIO,TRES MARIAS,"RUA CANARIO, N. SN, LT 17, QD 17","139.871,13","134.000,00",0.00,Não,"Casa, 30.80 de área total, 30.80 de área privativa, 110.00 de área do terreno,  1 qto(s), a.serv, WC, 1 sala(s), 1 lavabo(s), cozinha.",Leilão SFI - Edital Único,https://venda-imoveis.caixa.gov.br/sistema/detalhe-imovel.asp?hdnimovel=8787711854924,Caixa,Imóvel
1444404302362,RS,GRAVATAI,PORTEIRA DO IPIRANGA (IPIRANGA),"RUA 09, N. S/N, QD C, LT 23","134.923,00","345.940,00",61.00,Sim,"Terreno, 0.00 de área total, 0.00 de área privativa, 1080.27 de área do terreno.",Venda Online,https://venda-imoveis.caixa.gov.br/sistema/detalhe-imovel.asp?hdnimovel=1444404302362,Caixa,Imóvel
10145865,RS,GRAVATAI,NEOPOLIS,"RUA SERGIPE, N. S/N, Apto L), QD XXV, LT 722","128.817,54","272.000,00",52.65,Não,"Terreno, 0.00 de área total, 0.00 de área privativa, 550.00 de área do terreno.",Venda Direta Online,https://venda-imoveis.caixa.gov.br/sistema/detalhe-imovel.asp?hdnimovel=10145865,Caixa,Imóvel
10145864,RS,GRAVATAI,NEOPOLIS,"RUA SERGIPE, N. 338","285.827,85","570.000,00",49.86,Não,"Galpão, 0.00 de área total, 399.63 de área privativa, 520.00 de área do terreno.",Venda Direta Online,https://venda-imoveis.caixa.gov.br/sistema/detalhe-imovel.asp?hdnimovel=10145864,Caixa,Imóvel
8444416971521,RS,GRAVATAI,JARDIM DO CEDRO,"RUA GUIA LOPES, N. 350, CSA 04 QD E LT 11","63.341,44","122.000,00",48.09,Não,"Casa, 67.28 de área total, 60.50 de área privativa, 300.00 de área do terreno,  1 qto(s), WC, 1 sala(s), cozinha, 1 vaga(s) de garagem.",Venda Direta Online,https://venda-imoveis.caixa.gov.br/sistema/detalhe-imovel.asp?hdnimovel=8444416971521,Caixa,Imóvel
8787700797304,RS,GRAVATAI,PASSO DAS PEDRAS,"RUA JOAO MARIA DA FONSECA, N. 185, Apto 104, BLOCO  VG 212","126.440,87","236.000,00",46.43,Não,"Apartamento, 82.41 de área total, 41.14 de área privativa, 0.00 de área do terreno,  2 qto(s), a.serv, WC, 1 sala(s), cozinha, 1 vaga(s) de garagem.",Venda Direta Online,https://venda-imoveis.caixa.gov.br/sistema/detalhe-imovel.asp?hdnimovel=8787700797304,Caixa,Imóvel
1444405837740,RS,GRAVATAI,COHAB B,"RUA LEOPOLDO BIER, N. 245, LT 17 QD D10","188.492,00","343.000,00",45.05,Não,"Casa, 130.00 de área total, 36.30 de área privativa, 282.02 de área do terreno,  2 qto(s), a.serv, WC, 1 sala(s), cozinha, 1 vaga(s) de garagem.",Venda Direta Online,https://venda-imoveis.caixa.gov.br/sistema/detalhe-imovel.asp?hdnimovel=1444405837740,Caixa,Imóvel
8444421077850,RS,GRAVATAI,MORADA GAUCHA,"RUA CONDOR, N. 91, CS 02","131.889,44","240.000,00",45.05,Não,"Casa, 84.60 de área total, 84.60 de área privativa, 150.00 de área do terreno,  2 qto(s), a.serv, WC, 1 sala(s), cozinha.",Venda Direta Online,https://venda-imoveis.caixa.gov.br/sistema/detalhe-imovel.asp?hdnimovel=8444421077850,Caixa,Imóvel
8444434632156,RS,GRAVATAI,PARQUE OLINDA,"RUA CONGO, N. 111, Apto 104, BL 03","65.348,57","114.000,00",42.68,Não,"Apartamento, 50.55 de área total, 38.43 de área privativa, 0.00 de área do terreno,  2 qto(s), WC, 1 sala(s), cozinha.",Licitação Aberta,https://venda-imoveis.caixa.gov.br/sistema/detalhe-imovel.asp?hdnimovel=8444434632156,Caixa,Imóvel
8444409035794,RS,GRAVATAI,VILA IMPERIAL (BARRO VERMELHO),"RUA FREDERICO RITTER, N. 116, CS 02","123.753,66","210.000,00",41.07,Sim,"Casa, 55.00 de área total, 55.00 de área privativa, 187.89 de área do terreno,  2 qto(s), WC, 1 sala(s), cozinha, 2 vaga(s) de garagem.",Venda Online,https://venda-imoveis.caixa.gov.br/sistema/detalhe-imovel.asp?hdnimovel=8444409035794,Caixa,Imóvel
8444416713107,RS,GRAVATAI,NOVO MUNDO,"RUA TIBURCIO OLIVEIRA, N. 386, CS 04 LT 18 QD 14","93.037,35","157.000,00",40.75,Não,"Casa, 51.26 de área total, 51.26 de área privativa, 93.20 de área do terreno,  2 qto(s), a.serv, WC, 1 sala(s), cozinha.",Venda Direta Online,https://venda-imoveis.caixa.gov.br/sistema/detalhe-imovel.asp?hdnimovel=8444416713107,Caixa,Imóvel
8444429647140,RS,GRAVATAI,MORADA GAUCHA,"ESTRADA DA CAVALHADA, N. 2651, Apto 210, BL 37,","105.481,84","178.000,00",40.75,Não,"Apartamento, 52.39 de área total, 47.13 de área privativa, 0.00 de área do terreno,  2 qto(s), a.serv, WC, 1 sala(s), cozinha.",Licitação Aberta,https://venda-imoveis.caixa.gov.br/sistema/detalhe-imovel.asp?hdnimovel=8444429647140,Caixa,Imóvel
8444410382591,RS,GRAVATAI,AGUAS MORTAS,"RUA FLOR DO CAMPO, N. 52, CS 02 LT 03 QD J","94.815,14","160.000,00",40.75,Não,"Casa, 127.00 de área total, 47.00 de área privativa, 47.00 de área do terreno,  2 qto(s), a.serv, WC, 1 sala(s), cozinha.",Licitação Aberta,https://venda-imoveis.caixa.gov.br/sistema/detalhe-imovel.asp?hdnimovel=8444410382591,Caixa,Imóvel
8555518910140,RS,GRAVATAI,NOVO MUNDO,"RUA NUTRELLA, N. 450, LT 02, QD 04, CS 08","122.091,53","202.000,00",39.56,Não,"Casa, 55.60 de área total, 53.30 de área privativa, 94.43 de área do terreno,  2 qto(s), a.serv, WC, 1 sala(s), cozinha.",Licitação Aberta,https://venda-imoveis.caixa.gov.br/sistema/detalhe-imovel.asp?hdnimovel=8555518910140,Caixa,Imóvel
8787722454540,RS,GRAVATAI,NATAL,"RUA FOGACA DA CRUZ, N. 632, Apto 204, BL 01 VG 09","129.948,90","215.000,00",39.56,Não,"Apartamento, 78.76 de área total, 42.15 de área privativa, 0.00 de área do terreno,  2 qto(s), WC, 1 sala(s), cozinha, 1 vaga(s) de garagem.",Licitação Aberta,https://venda-imoveis.caixa.gov.br/sistema/detalhe-imovel.asp?hdnimovel=8787722454540,Caixa,Imóvel
8787707638589,RS,GRAVATAI,JANSEN,"RUA TANCREDO NEVES, N. 600, Apto 501, BL 08","116.651,81","193.000,00",39.56,Não,"Apartamento, 73.43 de área total, 38.40 de área privativa, 0.00 de área do terreno,  2 qto(s), WC, 1 sala(s), cozinha, 1 vaga(s) de garagem.",Licitação Aberta,https://venda-imoveis.caixa.gov.br/sistema/detalhe-imovel.asp?hdnimovel=8787707638589,Caixa,Imóvel
8787713876380,RS,GRAVATAI,DONA MERCEDES,"AVENIDA ELY CORREA, N. 1960, Apto 204, BL 05 PAV 2","125.113,59","207.000,00",39.56,Não,"Apartamento, 72.64 de área total, 38.40 de área privativa, 0.00 de área do terreno,  2 qto(s), a.serv, WC, 1 sala(s), cozinha, 1 vaga(s) de garagem.",Licitação Aberta,https://venda-imoveis.caixa.gov.br/sistema/detalhe-imovel.asp?hdnimovel=8787713876380,Caixa,Imóvel
8787718256011,RS,GRAVATAI,DONA MERCEDES,"AVENIDA ELY CORREA, N. 1960, Apto 402, BL 09 VAGA 77","118.833,46","196.609,54",39.56,Sim,"Apartamento, 72.64 de área total, 38.40 de área privativa, 0.00 de área do terreno,  2 qto(s), a.serv, WC, 1 sala(s), cozinha, 1 vaga(s) de garagem.",Venda Online,https://venda-imoveis.caixa.gov.br/sistema/detalhe-imovel.asp?hdnimovel=8787718256011,Caixa,Imóvel
8444427180415,RS,GRAVATAI,PARQUE DOS EUCALIPTOS,"RUA SALDANHA, N. 24, CS 02","132.970,97","220.000,00",39.56,Sim,"Casa, 40.25 de área total, 40.25 de área privativa, 68.50 de área do terreno,  1 qto(s), WC, 1 sala(s), cozinha, 1 vaga(s) de garagem.",Venda Online,https://venda-imoveis.caixa.gov.br/sistema/detalhe-imovel.asp?hdnimovel=8444427180415,Caixa,Imóvel
8787708219237,RS,GRAVATAI,JANSEN,"RUA TANCREDO NEVES, N. 600, Apto 304, BL 12","145.667,24","237.900,00",38.77,Sim,"Apartamento, 73.43 de área total, 38.40 de área privativa, 0.00 de área do terreno,  2 qto(s), WC, 1 sala(s), cozinha, 1 vaga(s) de garagem.",Venda Direta Online,https://venda-imoveis.caixa.gov.br/sistema/detalhe-imovel.asp?hdnimovel=8787708219237,Caixa,Imóvel
1444418256899,RS,GRAVATAI,MORADA DO VALE III,"RUA ALVARENGA, N. 13, LT 24 QD 06","477.348,41","749.000,00",36.27,Sim,"Casa, 321.01 de área total, 321.01 de área privativa, 180.00 de área do terreno,  3 qto(s), a.serv, WC, 2 sala(s), 1 lavabo(s), cozinha.",Venda Direta Online,https://venda-imoveis.caixa.gov.br/sistema/detalhe-imovel.asp?hdnimovel=1444418256899,Caixa,Imóvel
1444419281129,RS,GRAVATAI,VERA CRUZ,"AVENIDA DOS ESTADOS, N. 813, Apto 301,","284.879,49","447.000,00",36.27,Sim,"Apartamento, 0.00 de área total, 106.00 de área privativa, 0.00 de área do terreno.",Licitação Aberta,https://venda-imoveis.caixa.gov.br/sistema/detalhe-imovel.asp?hdnimovel=1444419281129,Caixa,Imóvel
8444415643210,RS,GRAVATAI,MORADA DO VALE I,"TRAVESSA 3D, N. SN, LT 8 QD 3C","165.701,72","260.000,00",36.27,Não,"Terreno, 100.00 de área total, 0.00 de área privativa, 250.00 de área do terreno.",Licitação Aberta,https://venda-imoveis.caixa.gov.br/sistema/detalhe-imovel.asp?hdnimovel=8444415643210,Caixa,Imóvel
1555533232141,RS,GRAVATAI,SAO LUIZ,"RUA SAO LUIZ, N. 121, Apto 802, TORRE 3","350.626,51","550.162,62",36.27,Sim,"Apartamento, 165.48 de área total, 111.99 de área privativa, 0.00 de área do terreno,  2 qto(s), WC, 2 sala(s), cozinha, Terraco, 1 vaga(s) de garagem.",Venda Direta Online,https://venda-imoveis.caixa.gov.br/sistema/detalhe-imovel.asp?hdnimovel=1555533232141,Caixa,Imóvel
1444418168698,RS,GRAVATAI,DOM FELICIANO,"RUA E, N. SN, LT 07 QD G","323.755,66","508.000,00",36.27,Não,"Casa, 180.13 de área total, 180.13 de área privativa, 293.25 de área do terreno,  2 qto(s), a.serv, WC, WC Emp, 1 sala(s), 1 lavabo(s), cozinha.",Licitação Aberta,https://venda-imoveis.caixa.gov.br/sistema/detalhe-imovel.asp?hdnimovel=1444418168698,Caixa,Imóvel
1444415070727,RS,GRAVATAI,NATAL,"RUA CASCATA, N. 196, LT 05, CHACARA 03, QD E, VILA NATAL","152.955,43","240.000,00",36.27,Sim,"Casa, 52.30 de área total, 52.30 de área privativa, 365.37 de área do terreno.",Venda Online,https://venda-imoveis.caixa.gov.br/sistema/detalhe-imovel.asp?hdnimovel=1444415070727,Caixa,Imóvel
8444431770060,RS,GRAVATAI,GRAVATAI,"RUA CELSO FURTADO, N. 286,","255.000,00","255.000,00",0.00,Não,"Casa, 57.50 de área total, 57.50 de área privativa, 135.00 de área do terreno,  2 qto(s), WC, 1 sala(s), cozinha.",Leilão SFI - Edital Único,https://venda-imoveis.caixa.gov.br/sistema/detalhe-imovel.asp?hdnimovel=8444431770060,Caixa,Imóvel
8787709843554,RS,GRAVATAI,SAO LUIZ,"RUA NOVE DE JULHO, N. 412, Apto 102, BL 10 VG 177","177.000,00","177.000,00",0.00,Não,"Apartamento, 82.51 de área total, 39.63 de área privativa, 0.00 de área do terreno,  2 qto(s), a.serv, WC, 1 sala(s), cozinha, 1 vaga(s) de garagem.",Leilão SFI - Edital Único,https://venda-imoveis.caixa.gov.br/sistema/detalhe-imovel.asp?hdnimovel=8787709843554,Caixa,Imóvel
1444409475915,RS,GRAVATAI,JANSEN,"RUA PIRAJA, N. 204, Apto 102, BL 07","200.000,00","200.000,00",0.00,Não,"Apartamento, 0.00 de área total, 49.17 de área privativa, 0.00 de área do terreno,  2 qto(s), WC, 1 sala(s), cozinha, 1 vaga(s) de garagem.",Leilão SFI - Edital Único,https://venda-imoveis.caixa.gov.br/sistema/detalhe-imovel.asp?hdnimovel=1444409475915,Caixa,Imóvel
8444415849749,RS,GRAVATAI,DONA MERCEDES,"RUA PLANALTO, N. 251, Apto 103, BL B","165.000,00","165.000,00",0.00,Não,"Apartamento, 44.71 de área total, 38.84 de área privativa, 0.00 de área do terreno,  2 qto(s), WC, 1 sala(s), cozinha.",Leilão SFI - Edital Único,https://venda-imoveis.caixa.gov.br/sistema/detalhe-imovel.asp?hdnimovel=8444415849749,Caixa,Imóvel
8787705847458,RS,GRAVATAI,PARQUE DA MATRIZ,"RUA CONCORDIA, N. 1390, Apto 202,  BLOCO 16","169.500,00","169.500,00",0.00,Não,"Apartamento, 86.08 de área total, 41.19 de área privativa, 0.00 de área do terreno,  2 qto(s), WC, 1 sala(s), cozinha, 1 vaga(s) de garagem.",Leilão SFI - Edital Único,https://venda-imoveis.caixa.gov.br/sistema/detalhe-imovel.asp?hdnimovel=8787705847458,Caixa,Imóvel
8787719539106,RS,GRAVATAI,SANTA CRUZ,"AVENIDA DO ARVOREDO, N. 51, Apto 53, BL.C VG.N°130","252.378,27","251.000,00",0.00,Não,"Apartamento, 76.78 de área total, 51.07 de área privativa, 0.00 de área do terreno,  2 qto(s), a.serv, WC, 1 sala(s), cozinha, 1 vaga(s) de garagem.",Leilão SFI - Edital Único,https://venda-imoveis.caixa.gov.br/sistema/detalhe-imovel.asp?hdnimovel=8787719539106,Caixa,Imóvel
8555527803793,RS,GRAVATAI,ORICO,"RUA LINO ESTACIO DOS SANTOS, N. 1535, CASA 97 E BOX ESTACIONAMENTO 77","225.000,00","218.000,00",0.00,Não,"Casa, 0.00 de área total, 44.41 de área privativa, 80.96 de área do terreno,  2 qto(s), varanda, a.serv, WC, 2 sala(s), cozinha, 1 vaga(s) de garagem.",Leilão SFI - Edital Único,https://venda-imoveis.caixa.gov.br/sistema/detalhe-imovel.asp?hdnimovel=8555527803793,Caixa,Imóvel
8444407450808,RS,GRAVATAI,MORADA DO VALE II,"RUA GENERAL VITORINO, N. 231, LT 21 QD 37","288.311,00","265.000,00",0.00,Não,"Casa, 129.07 de área total, 129.07 de área privativa, 200.00 de área do terreno,  2 qto(s).",Leilão SFI - Edital Único,https://venda-imoveis.caixa.gov.br/sistema/detalhe-imovel.asp?hdnimovel=8444407450808,Caixa,Imóvel
8787720359140,RS,GRAVATAI,NATAL,"RUA FOGACA DA CRUZ, N. 632, Apto 504, VG.Nº85 RUA F","244.135,70","223.000,00",0.00,Não,"Apartamento, 78.76 de área total, 42.15 de área privativa, 0.00 de área do terreno,  2 qto(s), a.serv, WC, 1 sala(s), cozinha, 1 vaga(s) de garagem.",Leilão SFI - Edital Único,https://venda-imoveis.caixa.gov.br/sistema/detalhe-imovel.asp?hdnimovel=8787720359140,Caixa,Imóvel
8444422957780,RS,GRAVATAI,PARQUE ITACOLOMI,"RUA CARLOS NEJAR, N. 362, CASA 03","170.000,00","154.000,00",0.00,Não,"Casa, 54.93 de área total, 54.93 de área privativa, 100.00 de área do terreno,  2 qto(s), a.serv, WC, 1 sala(s), cozinha, 1 vaga(s) de garagem.",Leilão SFI - Edital Único,https://venda-imoveis.caixa.gov.br/sistema/detalhe-imovel.asp?hdnimovel=8444422957780,Caixa,Imóvel
8444416065075,RS,GRAVATAI,MORADA GAUCHA,"RUA CORONEL FEIJÓ, N. 21, CS 02, LT 42 E 43, QD B","180.000,00","156.998,12",0.00,Não,"Casa, 0.00 de área total, 39.01 de área privativa, 97.11 de área do terreno,  2 qto(s), WC, 1 sala(s), cozinha.",Leilão SFI - Edital Único,https://venda-imoveis.caixa.gov.br/sistema/detalhe-imovel.asp?hdnimovel=8444416065075,Caixa,Imóvel
8444405267950,RS,GRAVATAI,SALGADO FILHO,"RUA PREFEITO ALCIDES ROSA, N. 75, Apto 403, BL 01","180.000,00","156.000,00",0.00,Não,"Apartamento, 45.52 de área total, 39.53 de área privativa, 0.00 de área do terreno,  2 qto(s), a.serv, WC, 1 sala(s), cozinha.",Leilão SFI - Edital Único,https://venda-imoveis.caixa.gov.br/sistema/detalhe-imovel.asp?hdnimovel=8444405267950,Caixa,Imóvel
8787720681131,RS,GRAVATAI,Vila Natal,"RUA FOGAÇA DA CRUZ, N. 632, Apto 102, BLOCO 08, VAGA 123","220.000,00","190.000,00",0.00,Não,"Apartamento, 73.38 de área total, 38.40 de área privativa, 0.00 de área do terreno,  2 qto(s), WC, 1 sala(s), cozinha, 1 vaga(s) de garagem.",Leilão SFI - Edital Único,https://venda-imoveis.caixa.gov.br/sistema/detalhe-imovel.asp?hdnimovel=8787720681131,Caixa,Imóvel
1043121002348,RS,GRAVATAI,MONTE BELO,"RUA COELHO DE SOUZA, N. 358,","361.358,00","311.000,00",0.00,Não,"Casa, 85.06 de área total, 70.06 de área privativa, 300.00 de área do terreno,  3 qto(s), a.serv, WC, 1 sala(s), cozinha, 1 vaga(s) de garagem.",Leilão SFI - Edital Único,https://venda-imoveis.caixa.gov.br/sistema/detalhe-imovel.asp?hdnimovel=1043121002348,Caixa,Imóvel
8787720711162,RS,GRAVATAI,DONA MERCEDES,"AVENIDA ELY CORREA, N. 1960, Apto 304, BLOCO 12 VAGA 113","230.000,00","164.510,60",0.00,Não,"Apartamento, 61.12 de área total, 38.40 de área privativa, 0.00 de área do terreno,  2 qto(s), WC, 1 sala(s), cozinha, 1 vaga(s) de garagem.",Leilão SFI - Edital Único,https://venda-imoveis.caixa.gov.br/sistema/detalhe-imovel.asp?hdnimovel=8787720711162,Caixa,Imóvel
8444415194700,RS,GRAVATAI,VILA IMPERIAL (BARRO VERMELHO),"RUA PEDRO PAULO DA SILVA, N. 157, CS 02, LT 09, QD M, VAGA N 02","210.429,00","135.000,00",0.00,Não,"Casa, 42.42 de área total, 42.42 de área privativa, 51.51 de área do terreno, 1 vaga(s) de garagem.",Leilão SFI - Edital Único,https://venda-imoveis.caixa.gov.br/sistema/detalhe-imovel.asp?hdnimovel=8444415194700,Caixa,Imóvel
1444422371672,RS,GUAIBA,CORONEL NASSUCA,"RUA DOS PARDAIS, N. 151, CS 110 LT 40 QD B","509.532,78","820.000,00",37.87,Não,"Casa, 235.60 de área total, 235.60 de área privativa, 250.00 de área do terreno,  3 qto(s), a.serv, WC, 2 sala(s), 1 lavabo(s), cozinha.",Venda Direta Online,https://venda-imoveis.caixa.gov.br/sistema/detalhe-imovel.asp?hdnimovel=1444422371672,Caixa,Imóvel
1600000085255,RS,GUAIBA,CENTRO,"RUA CORONEL MARCOS DE ANDRADE, N. 10,","924.105,74","1.450.000,00",36.27,Não,"Casa, 542.50 de área total, 350.00 de área privativa, 871.00 de área do terreno.",Venda Direta Online,https://venda-imoveis.caixa.gov.br/sistema/detalhe-imovel.asp?hdnimovel=1600000085255,Caixa,Imóvel
8444416317945,RS,GUAIBA,PEDRAS BRANCAS,"ESTRADA DR. JOSÉ CARLOS FERREIRA, N. 1355, CASA 06 LOTE 06, QUADRA 67, BOX Nº 06","170.000,00","170.000,00",0.00,Não,"Casa, 82.73 de área total, 44.27 de área privativa, 44.27 de área do terreno,  2 qto(s), WC, 1 sala(s), cozinha, 1 vaga(s) de garagem.",Leilão SFI - Edital Único,https://venda-imoveis.caixa.gov.br/sistema/detalhe-imovel.asp?hdnimovel=8444416317945,Caixa,Imóvel
1444419602871,RS,GUAIBA,ALTOS DA ALEGRIA,"RUA JACARANDA, N. SN, LT 65A, QD C,","334.079,75","332.000,00",0.00,Não,"Terreno, 0.00 de área total, 0.00 de área privativa, 984.81 de área do terreno.",Leilão SFI - Edital Único,https://venda-imoveis.caixa.gov.br/sistema/detalhe-imovel.asp?hdnimovel=1444419602871,Caixa,Imóvel
8787719261060,RS,GUAIBA,ALTOS DA ALEGRIA,"RUA D, N. 214, CS 66 LT 03 QD 18","198.015,16","187.000,00",0.00,Não,"Casa, 40.15 de área total, 40.15 de área privativa, 110.00 de área do terreno,  2 qto(s), WC, 1 sala(s), cozinha, 1 vaga(s) de garagem.",Leilão SFI - Edital Único,https://venda-imoveis.caixa.gov.br/sistema/detalhe-imovel.asp?hdnimovel=8787719261060,Caixa,Imóvel
10141386,RS,NOVO HAMBURGO,GUARANI,"AVENIDA NICOLAU BECKER, N. S/N, QD V LT 10 - ESQ. RUA IRMA MAERIA CLEO","126.592,91","258.000,00",50.94,Não,"Terreno, 0.00 de área total, 0.00 de área privativa, 467.53 de área do terreno.",Venda Direta Online,https://venda-imoveis.caixa.gov.br/sistema/detalhe-imovel.asp?hdnimovel=10141386,Caixa,Imóvel
8787707172822,RS,NOVO HAMBURGO,DIEHL,"RUA ARTHUR MOMBERGER, N. 1050, Apto 44, BL I VAGA 69","100.663,96","205.000,00",50.90,Sim,"Apartamento, 0.00 de área total, 45.64 de área privativa, 0.00 de área do terreno, 1 vaga(s) de garagem.",Venda Online,https://venda-imoveis.caixa.gov.br/sistema/detalhe-imovel.asp?hdnimovel=8787707172822,Caixa,Imóvel
8444428322450,RS,NOVO HAMBURGO,BOA SAUDE,"RUA DAS ARAUCARIAS, N. SN, LT 12 QD T LOT PQ RES NOVO HAMBURGO","53.999,76","108.000,00",50.01,Não,"Terreno, 0.00 de área total, 0.00 de área privativa, 130.00 de área do terreno.",Venda Direta Online,https://venda-imoveis.caixa.gov.br/sistema/detalhe-imovel.asp?hdnimovel=8444428322450,Caixa,Imóvel
8787700964847,RS,NOVO HAMBURGO,BOA SAUDE,"RUA DAS QUARESMEIRAS, N. 479, LT 19, QD U","56.922,30","110.000,00",48.26,Não,"Casa, 0.00 de área total, 45.00 de área privativa, 130.00 de área do terreno.",Venda Direta Online,https://venda-imoveis.caixa.gov.br/sistema/detalhe-imovel.asp?hdnimovel=8787700964847,Caixa,Imóvel
8444426692404,RS,NOVO HAMBURGO,ALPES DO VALE,"RUA PROJETADA 01, N. SN, LT 04 LOT COOPUNESP","45.850,29","88.000,00",47.90,Não,"Terreno, 0.00 de área total, 0.00 de área privativa, 141.50 de área do terreno.",Venda Direta Online,https://venda-imoveis.caixa.gov.br/sistema/detalhe-imovel.asp?hdnimovel=8444426692404,Caixa,Imóvel
8444426624549,RS,NOVO HAMBURGO,ALPES DO VALE,"RUA PROJETADA 01, N. SN, LT 02","47.659,40","89.000,00",46.46,Não,"Terreno, 0.00 de área total, 0.00 de área privativa, 125.02 de área do terreno.",Venda Direta Online,https://venda-imoveis.caixa.gov.br/sistema/detalhe-imovel.asp?hdnimovel=8444426624549,Caixa,Imóvel
10214863,RS,NOVO HAMBURGO,IDEAL,"AVENIDA CORONEL FREDERICO LINCK, N. 454, QD 20, LTS 1 E 2","847.206,52","1.500.000,00",43.52,Não,"Prédio, 0.00 de área total, 454.28 de área privativa, 307.50 de área do terreno.",Venda Online,https://venda-imoveis.caixa.gov.br/sistema/detalhe-imovel.asp?hdnimovel=10214863,Caixa,Imóvel
8444409227308,RS,NOVO HAMBURGO,CANUDOS,"RUA URUGUAI, N. 388, Apto 334, BL 09 3º PAVIMENTO","93.119,30","163.000,00",42.88,Sim,"Apartamento, 66.15 de área total, 38.41 de área privativa, 0.00 de área do terreno,  2 qto(s), WC, 1 sala(s), cozinha.",Venda Direta Online,https://venda-imoveis.caixa.gov.br/sistema/detalhe-imovel.asp?hdnimovel=8444409227308,Caixa,Imóvel
8444429217669,RS,NOVO HAMBURGO,BOA SAUDE,"RUA MILTON JOAO HEINLE, N. SN, LT 37 QD S","49.208,01","85.000,00",42.11,Não,"Terreno, 0.00 de área total, 0.00 de área privativa, 130.00 de área do terreno.",Venda Direta Online,https://venda-imoveis.caixa.gov.br/sistema/detalhe-imovel.asp?hdnimovel=8444429217669,Caixa,Imóvel
8444436378672,RS,NOVO HAMBURGO,BOA SAUDE,"RUA LAURO WEISSHEIMER, N. SN, LT 23 QD S","47.808,94","82.300,00",41.91,Não,"Terreno, 0.00 de área total, 0.00 de área privativa, 130.00 de área do terreno.",Venda Direta Online,https://venda-imoveis.caixa.gov.br/sistema/detalhe-imovel.asp?hdnimovel=8444436378672,Caixa,Imóvel
8787709702497,RS,NOVO HAMBURGO,SANTO AFONSO,"RUA BOLESLAU CASEMIRO KONARZWSKI, N. 651, Apto 501, BL 18","97.185,51","164.000,00",40.75,Sim,"Apartamento, 51.39 de área total, 41.20 de área privativa, 0.00 de área do terreno,  2 qto(s), WC, 1 sala(s), cozinha.",Venda Direta Online,https://venda-imoveis.caixa.gov.br/sistema/detalhe-imovel.asp?hdnimovel=8787709702497,Caixa,Imóvel
8787711044213,RS,NOVO HAMBURGO,SANTO AFONSO,"RUA BOLESLAU CASEMIRO KONARZWSKI, N. 651, Apto 202, BL08","114.967,29","190.212,98",39.56,Sim,"Apartamento, 0.00 de área total, 41.20 de área privativa, 0.00 de área do terreno.",Venda Direta Online,https://venda-imoveis.caixa.gov.br/sistema/detalhe-imovel.asp?hdnimovel=8787711044213,Caixa,Imóvel
10221388,RS,NOVO HAMBURGO,RINCAO,"RUA JOÃO WERNO ERHART, N. 4889","1.695.256,03","2.800.000,00",39.46,Sim,"Prédio, 0.00 de área total, 415.80 de área privativa, 436.70 de área do terreno.",Venda Online,https://venda-imoveis.caixa.gov.br/sistema/detalhe-imovel.asp?hdnimovel=10221388,Caixa,Imóvel
8444407434764,RS,NOVO HAMBURGO,CANUDOS,"AVENIDA REYNALDO KAYSER, N. 1221, Apto 14,","94.623,28","155.000,00",38.96,Sim,"Apartamento, 103.47 de área total, 50.47 de área privativa, 0.00 de área do terreno,  2 qto(s), WC, 1 sala(s), cozinha.",Venda Direta Online,https://venda-imoveis.caixa.gov.br/sistema/detalhe-imovel.asp?hdnimovel=8444407434764,Caixa,Imóvel
8787703583020,RS,NOVO HAMBURGO,VILA ROSA,"RUA AVAI, N. 119, Apto 705, TR 02  LT A","165.322,22","270.000,00",38.77,Não,"Apartamento, 84.87 de área total, 46.91 de área privativa, 0.00 de área do terreno,  2 qto(s), WC, 1 sala(s), cozinha, 1 vaga(s) de garagem.",Licitação Aberta,https://venda-imoveis.caixa.gov.br/sistema/detalhe-imovel.asp?hdnimovel=8787703583020,Caixa,Imóvel
7049000001130,RS,NOVO HAMBURGO,VILA NOVA,"RUA OSCAR EMILIO MULLER, N. 56, Apto 11","521.960,41","819.000,00",36.27,Sim,"Apartamento, 0.00 de área total, 153.19 de área privativa, 0.00 de área do terreno,  3 qto(s), a.serv, WC, 1 sala(s), cozinha, 3 vaga(s) de garagem.",Licitação Aberta,https://venda-imoveis.caixa.gov.br/sistema/detalhe-imovel.asp?hdnimovel=7049000001130,Caixa,Imóvel
1787701408885,RS,NOVO HAMBURGO,PATRIA NOVA,"RUA TRES DE OUTUBRO, N. 1260, Apto 11, LT 02","162.515,15","255.000,00",36.27,Não,"Apartamento, 84.70 de área total, 57.34 de área privativa, 0.00 de área do terreno,  2 qto(s), a.serv, WC, 1 sala(s), cozinha, 1 vaga(s) de garagem.",Licitação Aberta,https://venda-imoveis.caixa.gov.br/sistema/detalhe-imovel.asp?hdnimovel=1787701408885,Caixa,Imóvel
8444417436549,RS,NOVO HAMBURGO,PRIMAVERA,"RUA INDEPENDENCIA, N. 423, CS 03","210.000,00","210.000,00",0.00,Não,"Casa, 83.27 de área total, 65.14 de área privativa, 83.27 de área do terreno,  2 qto(s), a.serv, WC, 1 sala(s), 1 lavabo(s), cozinha.",Leilão SFI - Edital Único,https://venda-imoveis.caixa.gov.br/sistema/detalhe-imovel.asp?hdnimovel=8444417436549,Caixa,Imóvel
8555533890503,RS,NOVO HAMBURGO,RONDONIA,"RUA JOAO PEDRO SCHIMITT, N. 977, Apto 42, BL MANTIQUEIRA VG 71","200.000,00","200.000,00",0.00,Não,"Apartamento, 0.00 de área total, 63.01 de área privativa, 0.00 de área do terreno,  2 qto(s), WC, 1 sala(s), cozinha, 1 vaga(s) de garagem.",Leilão SFI - Edital Único,https://venda-imoveis.caixa.gov.br/sistema/detalhe-imovel.asp?hdnimovel=8555533890503,Caixa,Imóvel
8787713769738,RS,NOVO HAMBURGO,RONDONIA,"RUA CARLOS LANZER, N. 127, Apto 24, BL A VG 10","305.000,00","305.000,00",0.00,Não,"Apartamento, 80.77 de área total, 56.48 de área privativa, 0.00 de área do terreno,  2 qto(s), WC, 1 sala(s), cozinha, 1 vaga(s) de garagem.",Leilão SFI - Edital Único,https://venda-imoveis.caixa.gov.br/sistema/detalhe-imovel.asp?hdnimovel=8787713769738,Caixa,Imóvel
8444412277582,RS,NOVO HAMBURGO,CANUDOS,"RUA URUGUAI, N. 388, Apto 313, BL 4,","140.000,00","140.000,00",0.00,Não,"Apartamento, 66.15 de área total, 38.41 de área privativa, 0.00 de área do terreno,  2 qto(s), WC.",Leilão SFI - Edital Único,https://venda-imoveis.caixa.gov.br/sistema/detalhe-imovel.asp?hdnimovel=8444412277582,Caixa,Imóvel
8444426746270,RS,NOVO HAMBURGO,CANUDOS,"RUA VALDOMIRO WILHELMS, N. 82, Apto 211, BL 2","158.000,00","158.000,00",0.00,Não,"Apartamento, 80.69 de área total, 38.97 de área privativa, 0.00 de área do terreno,  2 qto(s), WC, 1 sala(s), cozinha.",Leilão SFI - Edital Único,https://venda-imoveis.caixa.gov.br/sistema/detalhe-imovel.asp?hdnimovel=8444426746270,Caixa,Imóvel
8787709514984,RS,NOVO HAMBURGO,CANUDOS,"RUA MARIA OLINDA TELLES, N. 1222, Apto 103, BL 14 VG 151","195.000,00","195.000,00",0.00,Não,"Apartamento, 88.89 de área total, 50.72 de área privativa, 0.00 de área do terreno,  2 qto(s), WC, 1 sala(s), cozinha, 1 vaga(s) de garagem.",Leilão SFI - Edital Único,https://venda-imoveis.caixa.gov.br/sistema/detalhe-imovel.asp?hdnimovel=8787709514984,Caixa,Imóvel
8787711570020,RS,NOVO HAMBURGO,CANUDOS,"RUA MARIA OLINDA TELLES, N. 1222, Apto 204, BL 10 VG 188","205.000,00","205.000,00",0.00,Não,"Apartamento, 79.03 de área total, 40.82 de área privativa, 0.00 de área do terreno,  2 qto(s), WC, 1 sala(s), cozinha, 1 vaga(s) de garagem.",Leilão SFI - Edital Único,https://venda-imoveis.caixa.gov.br/sistema/detalhe-imovel.asp?hdnimovel=8787711570020,Caixa,Imóvel
8787711993240,RS,NOVO HAMBURGO,PATRIA NOVA,"RUA TRES DE OUTUBRO, N. 1260, Apto 24, VAGA Nº 08","330.000,00","330.000,00",0.00,Não,"Apartamento, 84.70 de área total, 68.86 de área privativa, 0.00 de área do terreno,  2 qto(s), WC, 1 sala(s), cozinha, 1 vaga(s) de garagem.",Leilão SFI - Edital Único,https://venda-imoveis.caixa.gov.br/sistema/detalhe-imovel.asp?hdnimovel=8787711993240,Caixa,Imóvel
8555535443490,RS,NOVO HAMBURGO,OPERARIO,"RUA GETULIO BORGES DA FONSECA, N. 250, Apto 205, BL I BOX 05","220.000,00","220.000,00",0.00,Não,"Apartamento, 74.80 de área total, 49.85 de área privativa, 0.00 de área do terreno,  2 qto(s), WC, 1 sala(s), cozinha, 1 vaga(s) de garagem.",Leilão SFI - Edital Único,https://venda-imoveis.caixa.gov.br/sistema/detalhe-imovel.asp?hdnimovel=8555535443490,Caixa,Imóvel
8787704007286,RS,NOVO HAMBURGO,OURO BRANCO,"RUA GUANABARA, N. 110, Apto 42, BL IPIRANGA VG 74","223.000,00","223.000,00",0.00,Não,"Apartamento, 71.42 de área total, 51.49 de área privativa, 0.00 de área do terreno,  2 qto(s), WC, 1 sala(s), cozinha, 1 vaga(s) de garagem.",Leilão SFI - Edital Único,https://venda-imoveis.caixa.gov.br/sistema/detalhe-imovel.asp?hdnimovel=8787704007286,Caixa,Imóvel
8787703694638,RS,NOVO HAMBURGO,SAO JORGE,"RUA SOBRADINHO, N. 269, Apto 404, TORRE 01, BOX 144","240.000,00","230.000,00",0.00,Não,"Apartamento, 69.14 de área total, 45.60 de área privativa, 0.00 de área do terreno,  2 qto(s), WC, 1 sala(s), cozinha, 1 vaga(s) de garagem.",Leilão SFI - Edital Único,https://venda-imoveis.caixa.gov.br/sistema/detalhe-imovel.asp?hdnimovel=8787703694638,Caixa,Imóvel
1444422967915,RS,NOVO HAMBURGO,SANTO AFONSO,"RUA VISCONDE DE ARAGUAIA, N. 108, LT.27 QD.2","940.000,00","850.000,00",0.00,Não,"Casa, 332.99 de área total, 332.99 de área privativa, 900.56 de área do terreno,  3 qto(s), a.serv, WC, 1 sala(s), cozinha, 2 vaga(s) de garagem.",Leilão SFI - Edital Único,https://venda-imoveis.caixa.gov.br/sistema/detalhe-imovel.asp?hdnimovel=1444422967915,Caixa,Imóvel
8787703837218,RS,NOVO HAMBURGO,RONDONIA,"RUA GUIA LOPES, N. 3070, Apto 303, BL.8 3°PAV. VG.N°124","190.000,00","170.000,00",0.00,Não,"Apartamento, 79.29 de área total, 39.62 de área privativa, 0.00 de área do terreno,  2 qto(s), WC, 1 sala(s), cozinha, 1 vaga(s) de garagem.",Leilão SFI - Edital Único,https://venda-imoveis.caixa.gov.br/sistema/detalhe-imovel.asp?hdnimovel=8787703837218,Caixa,Imóvel
8787703843447,RS,NOVO HAMBURGO,CANUDOS,"RUA OSWALDO ARTHUR HARTZ, N. 990, Apto 102, BLOCO 01, TÉRREO OU 1° PAVIMENTO","195.000,00","170.000,00",0.00,Não,"Apartamento, 63.68 de área total, 39.63 de área privativa, 0.00 de área do terreno,  2 qto(s), WC, 1 sala(s), cozinha, 1 vaga(s) de garagem.",Leilão SFI - Edital Único,https://venda-imoveis.caixa.gov.br/sistema/detalhe-imovel.asp?hdnimovel=8787703843447,Caixa,Imóvel
8787716309371,RS,NOVO HAMBURGO,RONDONIA,"RUA GUIA LOPES, N. 900, Apto 201, BL 03 VG 18","230.000,00","196.700,00",0.00,Não,"Apartamento, 60.17 de área total, 38.40 de área privativa, 0.00 de área do terreno,  2 qto(s), WC, 1 sala(s), cozinha, 1 vaga(s) de garagem.",Leilão SFI - Edital Único,https://venda-imoveis.caixa.gov.br/sistema/detalhe-imovel.asp?hdnimovel=8787716309371,Caixa,Imóvel
8444428782923,RS,NOVO HAMBURGO,BOA SAUDE,"RUA DAS ARAUCARIAS, N. SN, LT 08 QD T","198.000,00","85.000,00",0.00,Não,"Terreno, 0.00 de área total, 0.00 de área privativa, 130.00 de área do terreno.",Leilão SFI - Edital Único,https://venda-imoveis.caixa.gov.br/sistema/detalhe-imovel.asp?hdnimovel=8444428782923,Caixa,Imóvel
8444415799474,RS,PORTO ALEGRE,RESTINGA,"RUA RUBEM PEREIRA TORELLY (ANTIGA RUA A), N. 25, Apto 303, BL A-30","15.949,18","93.000,00",82.86,Não,"Apartamento, 0.00 de área total, 49.08 de área privativa, 0.00 de área do terreno,  2 qto(s), WC, 1 sala(s), cozinha.",Venda Online,https://venda-imoveis.caixa.gov.br/sistema/detalhe-imovel.asp?hdnimovel=8444415799474,Caixa,Imóvel
10007591,RS,PORTO ALEGRE,BELEM VELHO,"Av. Professor Oscar Pereira - lado ímpar, (em frente ao nº 8300)","1.171.496,11","5.168.000,00",77.34,Não,"Gleba, 0.00 de área total, 0.00 de área privativa, 61622.47 de área do terreno.",Venda Online,https://venda-imoveis.caixa.gov.br/sistema/detalhe-imovel.asp?hdnimovel=10007591,Caixa,Imóvel
8444416111999,RS,PORTO ALEGRE,RUBEM BERTA,"RUA VINTE E QUATRO, N. SN, Apto 207, LT 05 QD 48 BL A","35.186,78","108.000,00",67.42,Não,"Apartamento, 0.00 de área total, 43.20 de área privativa, 0.00 de área do terreno.",Venda Direta Online,https://venda-imoveis.caixa.gov.br/sistema/detalhe-imovel.asp?hdnimovel=8444416111999,Caixa,Imóvel
8043000501767,RS,PORTO ALEGRE,CAVALHADA,"RUA DOUTOR JULIO TEIXEIRA (ANTIGA RUA C), N. 150, Apto 305, BL 20","22.541,61","68.000,00",66.86,Não,"Apartamento, 46.19 de área total, 36.42 de área privativa, 12025.68 de área do terreno,  2 qto(s), WC, 1 sala(s), cozinha.",Venda Direta Online,https://venda-imoveis.caixa.gov.br/sistema/detalhe-imovel.asp?hdnimovel=8043000501767,Caixa,Imóvel
10163892,RS,PORTO ALEGRE,AZENHA,"RUA DOUTOR RAMIRO D AVILA, N. 20, SL 406","102.296,53","292.000,00",64.97,Não,"Sala, 0.00 de área total, 79.92 de área privativa, 0.00 de área do terreno.",Venda Online,https://venda-imoveis.caixa.gov.br/sistema/detalhe-imovel.asp?hdnimovel=10163892,Caixa,Imóvel
8444409978176,RS,PORTO ALEGRE,RUBEM BERTA,"AVENIDA MAJOR MANOEL JOSE MONTEIRO, N. 525, Apto 202, CONJ 4, BL 4-B","45.333,56","125.000,00",63.74,Não,"Apartamento, 0.00 de área total, 39.59 de área privativa, 0.00 de área do terreno,  1 qto(s), WC, 1 sala(s), cozinha.",Venda Direta Online,https://venda-imoveis.caixa.gov.br/sistema/detalhe-imovel.asp?hdnimovel=8444409978176,Caixa,Imóvel
8555513437552,RS,PORTO ALEGRE,CAVALHADA,"RUA PAULO MACIEL, N. 120, Apto 308, BL 35","43.599,40","99.000,00",55.97,Não,"Apartamento, 0.00 de área total, 36.42 de área privativa, 0.00 de área do terreno,  2 qto(s), WC, 1 sala(s), cozinha.",Venda Direta Online,https://venda-imoveis.caixa.gov.br/sistema/detalhe-imovel.asp?hdnimovel=8555513437552,Caixa,Imóvel
8444416174877,RS,PORTO ALEGRE,RUBEM BERTA,"RUA PAULO GRANATO MARTINS, N. S/N, Apto 201, BL D, QD 75, LT 04","39.089,89","87.800,00",55.48,Não,"Apartamento, 0.00 de área total, 43.20 de área privativa, 0.00 de área do terreno,  2 qto(s), a.serv, WC, 1 sala(s), cozinha.",Venda Direta Online,https://venda-imoveis.caixa.gov.br/sistema/detalhe-imovel.asp?hdnimovel=8444416174877,Caixa,Imóvel
10143312,RS,PORTO ALEGRE,SAO GERALDO,"AVENIDA VIENA, N. 63","430.134,69","965.000,00",55.43,Não,"Comercial, 0.00 de área total, 329.00 de área privativa, 0.00 de área do terreno.",Venda Direta Online,https://venda-imoveis.caixa.gov.br/sistema/detalhe-imovel.asp?hdnimovel=10143312,Caixa,Imóvel
8045100459203,RS,PORTO ALEGRE,RUBEM BERTA,"RUA VINTE E QUATRO, N. 50, Apto 307, BLA","34.504,01","75.000,00",54.00,Não,"Apartamento, 0.00 de área total, 43.20 de área privativa, 0.00 de área do terreno.",Venda Direta Online,https://venda-imoveis.caixa.gov.br/sistema/detalhe-imovel.asp?hdnimovel=8045100459203,Caixa,Imóvel
8444415000972,RS,PORTO ALEGRE,RUBEM BERTA,"RUA VINTE E QUATRO, N. 55, Apto 106, BL D, LT 01, QD 49","45.388,52","97.000,00",53.21,Não,"Apartamento, 0.00 de área total, 42.00 de área privativa, 0.00 de área do terreno.",Venda Direta Online,https://venda-imoveis.caixa.gov.br/sistema/detalhe-imovel.asp?hdnimovel=8444415000972,Caixa,Imóvel
8555500224911,RS,PORTO ALEGRE,RUBEM BERTA,"RUA TUCANO, N. 51, Apto 106, QD 06 LT 03 BL D","51.789,18","109.000,00",52.49,Não,"Apartamento, 0.00 de área total, 42.60 de área privativa, 0.00 de área do terreno,  2 qto(s), WC, 1 sala(s), cozinha.",Venda Direta Online,https://venda-imoveis.caixa.gov.br/sistema/detalhe-imovel.asp?hdnimovel=8555500224911,Caixa,Imóvel
8555502697884,RS,PORTO ALEGRE,Alto Petrópolis,"RUA DOZE, N. SN, Apto 303, BL D LT 01 QD 22","37.293,10","75.000,00",50.28,Não,"Apartamento, 0.00 de área total, 42.60 de área privativa, 0.00 de área do terreno,  2 qto(s), WC, 1 sala(s), cozinha.",Venda Direta Online,https://venda-imoveis.caixa.gov.br/sistema/detalhe-imovel.asp?hdnimovel=8555502697884,Caixa,Imóvel
8444407328476,RS,PORTO ALEGRE,LOMBA DO PINHEIRO,"ESTRADA JOAO DE OLIVEIRA REMIAO, N. 6700, Apto 120, BL 02","68.225,21","135.000,00",49.47,Não,"Apartamento, 0.00 de área total, 39.03 de área privativa, 0.00 de área do terreno,  2 qto(s), WC, 1 sala(s), cozinha.",Venda Online,https://venda-imoveis.caixa.gov.br/sistema/detalhe-imovel.asp?hdnimovel=8444407328476,Caixa,Imóvel
8444432057111,RS,PORTO ALEGRE,CAVALHADA,"RUA DOUTOR JULIO TEIXEIRA (RUA C), N. 150, Apto 207, BL 20 QD E","44.627,32","88.100,00",49.35,Não,"Apartamento, 45.81 de área total, 36.12 de área privativa, 0.00 de área do terreno,  2 qto(s), WC, 1 sala(s), cozinha.",Venda Direta Online,https://venda-imoveis.caixa.gov.br/sistema/detalhe-imovel.asp?hdnimovel=8444432057111,Caixa,Imóvel
8787709082987,RS,PORTO ALEGRE,RUBEM BERTA,"RUA DOS MAIAS, N. 1103, Apto 504, BL11","79.403,42","155.000,00",48.78,Sim,"Apartamento, 0.00 de área total, 41.19 de área privativa, 0.00 de área do terreno.",Venda Online,https://venda-imoveis.caixa.gov.br/sistema/detalhe-imovel.asp?hdnimovel=8787709082987,Caixa,Imóvel
8444409785572,RS,PORTO ALEGRE,RUBEM BERTA,"RUA UM A, N. SN, Apto 402, BL D","51.333,84","100.000,00",48.67,Não,"Apartamento, 56.49 de área total, 52.80 de área privativa, 0.00 de área do terreno,  3 qto(s), a.serv, WC, 1 sala(s), cozinha.",Venda Direta Online,https://venda-imoveis.caixa.gov.br/sistema/detalhe-imovel.asp?hdnimovel=8444409785572,Caixa,Imóvel
8164520081109,RS,PORTO ALEGRE,CAVALHADA,"RUA PAULO MACIEL, N. 120, Apto 102, BL 35","67.286,90","131.000,00",48.64,Sim,"Apartamento, 45.73 de área total, 36.42 de área privativa, 0.00 de área do terreno,  2 qto(s), WC, 1 sala(s), cozinha.",Venda Direta Online,https://venda-imoveis.caixa.gov.br/sistema/detalhe-imovel.asp?hdnimovel=8164520081109,Caixa,Imóvel
8555500179002,RS,PORTO ALEGRE,RUBEM BERTA,"RUA DEZ, N. SN, Apto 302, BL A LT 02 QD 18","51.949,13","100.000,00",48.06,Não,"Apartamento, 0.00 de área total, 52.80 de área privativa, 0.00 de área do terreno,  2 qto(s), WC, 1 sala(s), cozinha.",Venda Direta Online,https://venda-imoveis.caixa.gov.br/sistema/detalhe-imovel.asp?hdnimovel=8555500179002,Caixa,Imóvel
8444428165460,RS,PORTO ALEGRE,LOMBA DO PINHEIRO,"RUA DOLORES DURAN, N. 701, Apto 114, BL 3, LT F","109.185,02","210.000,00",48.01,Sim,"Apartamento, 51.38 de área total, 44.96 de área privativa, 0.00 de área do terreno,  2 qto(s), a.serv, WC, 1 sala(s), cozinha.",Venda Online,https://venda-imoveis.caixa.gov.br/sistema/detalhe-imovel.asp?hdnimovel=8444428165460,Caixa,Imóvel
8043000497840,RS,PORTO ALEGRE,CAVALHADA,"RUA DEPUTADO CUNHA BUENO, N. 41, Apto 105, BL 03, QD B, LT 01, 02, 03, 04","23.457,81","45.000,00",47.88,Não,"Apartamento, 46.22 de área total, 36.42 de área privativa, 0.00 de área do terreno,  2 qto(s), WC, 1 sala(s), cozinha.",Venda Direta Online,https://venda-imoveis.caixa.gov.br/sistema/detalhe-imovel.asp?hdnimovel=8043000497840,Caixa,Imóvel
8787700266600,RS,PORTO ALEGRE,HIPICA,"RUA JOSE IUCHNO, N. 151, Apto 501, BL 09","96.000,32","180.000,00",46.67,Sim,"Apartamento, 81.20 de área total, 40.29 de área privativa, 0.00 de área do terreno,  2 qto(s), WC, 1 sala(s), cozinha.",Venda Online,https://venda-imoveis.caixa.gov.br/sistema/detalhe-imovel.asp?hdnimovel=8787700266600,Caixa,Imóvel
8444410928861,RS,PORTO ALEGRE,RUBEM BERTA,"AVENIDA MARTIM FELIX BERTA, N. 55, Apto 202, BL D, LT 01, QD 06","49.120,79","92.000,00",46.61,Não,"Apartamento, 56.50 de área total, 52.80 de área privativa, 0.00 de área do terreno,  3 qto(s), WC, 1 sala(s), cozinha.",Venda Direta Online,https://venda-imoveis.caixa.gov.br/sistema/detalhe-imovel.asp?hdnimovel=8444410928861,Caixa,Imóvel
8555537974981,RS,PORTO ALEGRE,CAVALHADA,"AVENIDA FAMILIA GONCALVES CARNEIRO, N. 441, Apto 103, BL 25","96.618,30","179.200,00",46.09,Não,"Apartamento, 0.00 de área total, 40.29 de área privativa, 0.00 de área do terreno,  2 qto(s), WC, 1 sala(s), cozinha.",Licitação Aberta,https://venda-imoveis.caixa.gov.br/sistema/detalhe-imovel.asp?hdnimovel=8555537974981,Caixa,Imóvel
8044200419124,RS,PORTO ALEGRE,RUBEM BERTA,"RUA JOSE BARCELLOS GARCIA, N. 100, Apto 107, BL B","90.787,84","168.000,00",45.96,Sim,"Apartamento, 42.19 de área total, 37.06 de área privativa, 0.00 de área do terreno,  2 qto(s), WC, 1 sala(s), cozinha.",Venda Direta Online,https://venda-imoveis.caixa.gov.br/sistema/detalhe-imovel.asp?hdnimovel=8044200419124,Caixa,Imóvel
8555527712127,RS,PORTO ALEGRE,BELEM NOVO,"ESTRADA BARRO VERMELHO, N. 799, Apto 308, BL E VG 132  2º BOX","76.359,00","141.000,00",45.85,Sim,"Apartamento, 90.05 de área total, 45.45 de área privativa, 0.00 de área do terreno,  2 qto(s), WC, 1 sala(s), cozinha, 1 vaga(s) de garagem.",Venda Direta Online,https://venda-imoveis.caixa.gov.br/sistema/detalhe-imovel.asp?hdnimovel=8555527712127,Caixa,Imóvel
8042820091102,RS,PORTO ALEGRE,RUBEM BERTA,"RUA CINCO, N. 170, Apto 301, BLOCO C LT4 QD8","54.286,84","99.000,00",45.17,Não,"Apartamento, 46.22 de área total, 43.20 de área privativa, 0.00 de área do terreno,  2 qto(s), WC, 1 sala(s), cozinha.",Venda Direta Online,https://venda-imoveis.caixa.gov.br/sistema/detalhe-imovel.asp?hdnimovel=8042820091102,Caixa,Imóvel
8555535888719,RS,PORTO ALEGRE,SARANDI,"AVENIDA FRANCISCO SILVEIRA BITENCOURT, N. 1818, Apto 201, TORRE 30","120.738,98","220.000,00",45.12,Sim,"Apartamento, 0.00 de área total, 40.26 de área privativa, 0.00 de área do terreno.",Venda Direta Online,https://venda-imoveis.caixa.gov.br/sistema/detalhe-imovel.asp?hdnimovel=8555535888719,Caixa,Imóvel
10224693,RS,PORTO ALEGRE,ABERTA DOS MORROS,"RUA CICERO VIANA, N. SN, QD E, LT 05","94.493,47","170.000,00",44.42,Não,"Terreno, 0.00 de área total, 0.00 de área privativa, 225.00 de área do terreno.",Venda Direta Online,https://venda-imoveis.caixa.gov.br/sistema/detalhe-imovel.asp?hdnimovel=10224693,Caixa,Imóvel
10274829,RS,PORTO ALEGRE,ABERTA DOS MORROS,"AV. ALTOS DO SANTA RITA(ANT AV. DIRETRIZ 6432), N. 00, QD E, LT 04","88.935,03","160.000,00",44.42,Não,"Terreno, 0.00 de área total, 0.00 de área privativa, 225.00 de área do terreno.",Venda Direta Online,https://venda-imoveis.caixa.gov.br/sistema/detalhe-imovel.asp?hdnimovel=10274829,Caixa,Imóvel
1444420058403,RS,PORTO ALEGRE,HIPICA,"RUA BALDOINO BOTTINI, N. 549, QD A","496.308,51","890.000,00",44.24,Sim,"Casa, 224.00 de área total, 224.00 de área privativa, 161.00 de área do terreno,  3 qto(s), a.serv, WC, 2 sala(s), 1 lavabo(s), cozinha.",Venda Direta Online,https://venda-imoveis.caixa.gov.br/sistema/detalhe-imovel.asp?hdnimovel=1444420058403,Caixa,Imóvel
8555506422979,RS,PORTO ALEGRE,CAVALHADA,"RUA PAULO MACIEL, N. 185, Apto 304, BL 23 ANTIGA RUA D","24.268,62","43.300,00",43.96,Não,"Apartamento, 46.19 de área total, 36.42 de área privativa, 0.00 de área do terreno,  2 qto(s), WC, 1 sala(s), cozinha.",Venda Direta Online,https://venda-imoveis.caixa.gov.br/sistema/detalhe-imovel.asp?hdnimovel=8555506422979,Caixa,Imóvel
8042810001160,RS,PORTO ALEGRE,Alto Petrópolis,"RUA PAULO RENATO KETZER DE SOUZA, N. 300, Apto 502, BL C","94.521,76","168.384,45",43.87,Sim,"Apartamento, 42.19 de área total, 37.06 de área privativa, 0.00 de área do terreno,  2 qto(s), WC, 1 sala(s), cozinha.",Venda Direta Online,https://venda-imoveis.caixa.gov.br/sistema/detalhe-imovel.asp?hdnimovel=8042810001160,Caixa,Imóvel
1444400175293,RS,PORTO ALEGRE,HIPICA,"AVENIDA JUCA BATISTA, N. 2705, UNIDADE 21","98.235,36","175.000,00",43.87,Não,"Terreno, 0.00 de área total, 0.00 de área privativa, 299.83 de área do terreno.",Venda Direta Online,https://venda-imoveis.caixa.gov.br/sistema/detalhe-imovel.asp?hdnimovel=1444400175293,Caixa,Imóvel
8787702453459,RS,PORTO ALEGRE,MARIO QUINTANA,"RUA IRMA TERESILDA STEFFEN, N. 115, Apto 401, TORRE 10","98.518,85","175.000,00",43.71,Sim,"Apartamento, 90.41 de área total, 40.29 de área privativa, 0.00 de área do terreno,  2 qto(s), WC, 1 sala(s), cozinha.",Venda Online,https://venda-imoveis.caixa.gov.br/sistema/detalhe-imovel.asp?hdnimovel=8787702453459,Caixa,Imóvel
10214195,RS,PORTO ALEGRE,ABERTA DOS MORROS,"AVENIDA CELESTINO BERTOLUCCI, N. 510, QD 12, LT 02","185.255,82","328.000,00",43.52,Não,"Casa, 0.00 de área total, 80.00 de área privativa, 330.00 de área do terreno.",Venda Direta Online,https://venda-imoveis.caixa.gov.br/sistema/detalhe-imovel.asp?hdnimovel=10214195,Caixa,Imóvel
10215014,RS,PORTO ALEGRE,PETROPOLIS,"AVENIDA IJUI, N. 86, SL 101, TÉRREO","338.882,61","600.000,00",43.52,Sim,"Sala, 0.00 de área total, 140.97 de área privativa, 0.00 de área do terreno.",Venda Online,https://venda-imoveis.caixa.gov.br/sistema/detalhe-imovel.asp?hdnimovel=10215014,Caixa,Imóvel
8444413187110,RS,PORTO ALEGRE,RUBEM BERTA,"RUA JOAO JACOB TAGLIASSUCHI, N. 25, Apto 402, BL 7","120.240,30","210.000,00",42.75,Sim,"Apartamento, 130.59 de área total, 69.90 de área privativa, 0.00 de área do terreno,  2 qto(s), a.serv, WC, 1 sala(s), cozinha.",Venda Direta Online,https://venda-imoveis.caixa.gov.br/sistema/detalhe-imovel.asp?hdnimovel=8444413187110,Caixa,Imóvel
8787708524811,RS,PORTO ALEGRE,RUBEM BERTA,"RUA DOS MAIAS, N. 1103, Apto 104, BL 21","77.043,32","133.000,00",42.08,Não,"Apartamento, 81.21 de área total, 41.19 de área privativa, 0.00 de área do terreno,  2 qto(s), WC, 1 sala(s), cozinha.",Licitação Aberta,https://venda-imoveis.caixa.gov.br/sistema/detalhe-imovel.asp?hdnimovel=8787708524811,Caixa,Imóvel
8444427590117,RS,PORTO ALEGRE,CAMPO NOVO,"RUA TOME ANTONIO DE SOUZA, N. 240, Apto 353, BL N","75.884,78","131.000,00",42.08,Não,"Apartamento, 48.89 de área total, 39.03 de área privativa, 0.00 de área do terreno,  2 qto(s), a.serv, WC, 1 sala(s), cozinha.",Licitação Aberta,https://venda-imoveis.caixa.gov.br/sistema/detalhe-imovel.asp?hdnimovel=8444427590117,Caixa,Imóvel
8444406723487,RS,PORTO ALEGRE,JARDIM LEOPOLDINA,"AVENIDA JUSCELINO KUBITSCHEK DE OLIVEIRA, N. 340, Apto 101, QD P LT 02 BL G","86.412,42","149.000,00",42.01,Sim,"Apartamento, 68.62 de área total, 38.34 de área privativa, 0.00 de área do terreno,  2 qto(s), WC, 1 sala(s), cozinha.",Venda Online,https://venda-imoveis.caixa.gov.br/sistema/detalhe-imovel.asp?hdnimovel=8444406723487,Caixa,Imóvel
1555506097930,RS,PORTO ALEGRE,IPANEMA,"RUA DOUTOR PITREZ, N. 586, QD H LT 15 LOT IPANEMA IMPERIAL PARQUE","812.097,06","1.400.000,00",42.00,Sim,"Casa, 322.00 de área total, 322.00 de área privativa, 326.74 de área do terreno,  2 qto(s), a.serv, WC, 2 sala(s), 1 lavabo(s), cozinha, 3 vaga(s) de garagem.",Venda Direta Online,https://venda-imoveis.caixa.gov.br/sistema/detalhe-imovel.asp?hdnimovel=1555506097930,Caixa,Imóvel
10171648,RS,PORTO ALEGRE,SAO GERALDO,"AVENIDA PRESIDENTE FRANKLIN ROOSEVELT, N. 1536","423.316,12","725.000,00",41.62,Não,"Prédio, 0.00 de área total, 260.00 de área privativa, 156.00 de área do terreno.",Licitação Aberta,https://venda-imoveis.caixa.gov.br/sistema/detalhe-imovel.asp?hdnimovel=10171648,Caixa,Imóvel
8787714976478,RS,PORTO ALEGRE,RUBEM BERTA,"RUA INOCENCIO DE OLIVEIRA ALVES, N. 101, Apto 504, BL 18","83.135,75","142.000,00",41.46,Não,"Apartamento, 77.79 de área total, 41.19 de área privativa, 0.00 de área do terreno,  2 qto(s), WC, 1 sala(s).",Licitação Aberta,https://venda-imoveis.caixa.gov.br/sistema/detalhe-imovel.asp?hdnimovel=8787714976478,Caixa,Imóvel
8444434925960,RS,PORTO ALEGRE,VILA NOVA,"ESTRADA CRISTIANO KRAEMER, N. 1863, Apto 241, BL J","81.964,82","140.000,00",41.46,Não,"Apartamento, 47.97 de área total, 38.24 de área privativa, 0.00 de área do terreno,  2 qto(s), WC, 1 sala(s), cozinha.",Licitação Aberta,https://venda-imoveis.caixa.gov.br/sistema/detalhe-imovel.asp?hdnimovel=8444434925960,Caixa,Imóvel
10279399,RS,PORTO ALEGRE,TERESOPOLIS,"5080, N. S/N, QD D, LT 35","94.169,23","160.500,00",41.33,Não,"Terreno, 0.00 de área total, 0.00 de área privativa, 200.00 de área do terreno.",Venda Direta Online,https://venda-imoveis.caixa.gov.br/sistema/detalhe-imovel.asp?hdnimovel=10279399,Caixa,Imóvel
10279400,RS,PORTO ALEGRE,TERESOPOLIS,"RUA 50580, N. S/N, QD D, LT 36","94.169,23","160.500,00",41.33,Não,"Terreno, 0.00 de área total, 0.00 de área privativa, 200.00 de área do terreno.",Venda Direta Online,https://venda-imoveis.caixa.gov.br/sistema/detalhe-imovel.asp?hdnimovel=10279400,Caixa,Imóvel
10279401,RS,PORTO ALEGRE,VILA NOVA,"5080, N. S/N, QD D, LT 34","94.169,23","160.500,00",41.33,Não,"Terreno, 0.00 de área total, 0.00 de área privativa, 200.00 de área do terreno.",Venda Direta Online,https://venda-imoveis.caixa.gov.br/sistema/detalhe-imovel.asp?hdnimovel=10279401,Caixa,Imóvel
8787703225697,RS,PORTO ALEGRE,HIPICA,"RUA JOSE IUCHNO, N. 205, Apto 402, BL 03","111.967,60","190.000,00",41.07,Sim,"Apartamento, 81.99 de área total, 41.19 de área privativa, 0.00 de área do terreno,  2 qto(s), WC, 1 sala(s), cozinha.",Venda Direta Online,https://venda-imoveis.caixa.gov.br/sistema/detalhe-imovel.asp?hdnimovel=8787703225697,Caixa,Imóvel
1444403719251,RS,PORTO ALEGRE,TRISTEZA,"RUA DOUTOR BARCELOS, N. 2434, Apto 103, TR A PAV 01","197.487,76","335.000,00",41.05,Não,"Apartamento, 0.00 de área total, 50.85 de área privativa, 0.00 de área do terreno, 1 vaga(s) de garagem.",Venda Direta Online,https://venda-imoveis.caixa.gov.br/sistema/detalhe-imovel.asp?hdnimovel=1444403719251,Caixa,Imóvel
8164520071286,RS,PORTO ALEGRE,CAVALHADA,"RUA DOUTOR JULIO TEIXEIRA - ANTG RUA C, N. 40, Apto 305, BL 30 PRÉDIO 02","38.990,98","66.000,00",40.93,Não,"Apartamento, 46.04 de área total, 36.42 de área privativa, 0.00 de área do terreno,  2 qto(s), WC, 1 sala(s), cozinha.",Venda Direta Online,https://venda-imoveis.caixa.gov.br/sistema/detalhe-imovel.asp?hdnimovel=8164520071286,Caixa,Imóvel
8787700577630,RS,PORTO ALEGRE,SARANDI,"AVENIDA FRANCISCO SILVEIRA BITENCOURT, N. 1818, Apto 202, TORRE 14","98.963,30","167.000,00",40.75,Sim,"Apartamento, 79.35 de área total, 40.26 de área privativa, 0.00 de área do terreno,  2 qto(s), WC, 1 sala(s), cozinha.",Venda Online,https://venda-imoveis.caixa.gov.br/sistema/detalhe-imovel.asp?hdnimovel=8787700577630,Caixa,Imóvel
8555535624487,RS,PORTO ALEGRE,RESTINGA,"RUA NAPOLEAO JACQUES DA ROSA, N. 133, Apto 501, BL A","103.111,46","174.000,00",40.75,Sim,"Apartamento, 0.00 de área total, 47.96 de área privativa, 0.00 de área do terreno.",Venda Direta Online,https://venda-imoveis.caixa.gov.br/sistema/detalhe-imovel.asp?hdnimovel=8555535624487,Caixa,Imóvel
8787708135637,RS,PORTO ALEGRE,RESTINGA,"RUA SABINO PEREIRA NUNES, N. 931, Apto 401, BL 10","100.741,08","170.000,00",40.75,Sim,"Apartamento, 69.88 de área total, 40.99 de área privativa, 0.00 de área do terreno,  2 qto(s), WC, 1 sala(s), cozinha, 1 vaga(s) de garagem.",Venda Online,https://venda-imoveis.caixa.gov.br/sistema/detalhe-imovel.asp?hdnimovel=8787708135637,Caixa,Imóvel
8787712198842,RS,PORTO ALEGRE,RESTINGA,"RUA SETE MIL E OITO, N. 300, Apto 303, BL 01, LT 01 AO 03, QD C,","97.778,11","165.000,00",40.75,Sim,"Apartamento, 61.71 de área total, 40.82 de área privativa, 0.00 de área do terreno,  2 qto(s).",Venda Online,https://venda-imoveis.caixa.gov.br/sistema/detalhe-imovel.asp?hdnimovel=8787712198842,Caixa,Imóvel
8787713038547,RS,PORTO ALEGRE,RESTINGA,"RUA SABINO PEREIRA NUNES, N. 932, Apto 402, BL 18","95.407,73","161.000,00",40.75,Sim,"Apartamento, 74.20 de área total, 41.19 de área privativa, 0.00 de área do terreno,  2 qto(s), WC, 1 sala(s), cozinha.",Venda Online,https://venda-imoveis.caixa.gov.br/sistema/detalhe-imovel.asp?hdnimovel=8787713038547,Caixa,Imóvel
8787715506300,RS,PORTO ALEGRE,VILA NOVA,"ESTRADA CRISTIANO KRAEMER, N. 2021, Apto 501, BL 10, LT 01, QD A","94.815,14","160.000,00",40.75,Não,"Apartamento, 65.43 de área total, 41.19 de área privativa, 0.00 de área do terreno,  2 qto(s), a.serv, WC, 1 sala(s), cozinha.",Licitação Aberta,https://venda-imoveis.caixa.gov.br/sistema/detalhe-imovel.asp?hdnimovel=8787715506300,Caixa,Imóvel
8787716279553,RS,PORTO ALEGRE,VILA NOVA,"ESTRADA CRISTIANO KRAEMER, N. 2021, Apto 404, BL 01","103.704,06","175.000,00",40.75,Não,"Apartamento, 65.43 de área total, 41.19 de área privativa, 0.00 de área do terreno,  2 qto(s), a.serv, WC, 1 sala(s), cozinha.",Licitação Aberta,https://venda-imoveis.caixa.gov.br/sistema/detalhe-imovel.asp?hdnimovel=8787716279553,Caixa,Imóvel
8787718928648,RS,PORTO ALEGRE,VILA NOVA,"ESTRADA CRISTIANO KRAEMER, N. 2021, Apto 404, LT 01 QD A BLOCO 04, 4º PAV","101.926,27","172.000,00",40.75,Sim,"Apartamento, 65.43 de área total, 41.19 de área privativa, 0.00 de área do terreno,  2 qto(s), WC, 1 sala(s), cozinha.",Venda Online,https://venda-imoveis.caixa.gov.br/sistema/detalhe-imovel.asp?hdnimovel=8787718928648,Caixa,Imóvel
8444434374815,RS,PORTO ALEGRE,MARIO QUINTANA,"RUA IRMA TERESILDA STEFFEN, N. 115, Apto 501, TORRE 03","94.815,14","160.000,00",40.75,Sim,"Apartamento, 90.41 de área total, 40.29 de área privativa, 0.00 de área do terreno,  2 qto(s), WC, 1 sala(s), cozinha.",Venda Online,https://venda-imoveis.caixa.gov.br/sistema/detalhe-imovel.asp?hdnimovel=8444434374815,Caixa,Imóvel
8555527647112,RS,PORTO ALEGRE,MARIO QUINTANA,"AVENIDA MARTIM FELIX BERTA, N. 3300, Apto 411, TORRE C, LT 01 AO 16, QD 156","104.889,24","177.000,00",40.75,Não,"Apartamento, 81.20 de área total, 43.35 de área privativa, 0.00 de área do terreno,  2 qto(s), WC, 1 sala(s), cozinha.",Venda Online,https://venda-imoveis.caixa.gov.br/sistema/detalhe-imovel.asp?hdnimovel=8555527647112,Caixa,Imóvel
8787701681474,RS,PORTO ALEGRE,MARIO QUINTANA,"RUA IRMA TERESILDA STEFFEN, N. 335, Apto 204, TR 09","105.185,54","177.500,00",40.75,Não,"Apartamento, 84.41 de área total, 40.29 de área privativa, 0.00 de área do terreno,  2 qto(s), WC, 1 sala(s), cozinha.",Licitação Aberta,https://venda-imoveis.caixa.gov.br/sistema/detalhe-imovel.asp?hdnimovel=8787701681474,Caixa,Imóvel
8787701852929,RS,PORTO ALEGRE,MARIO QUINTANA,"RUA IRMA TERESILDA STEFFEN, N. 335, Apto 303, TORRE 6","96.000,33","162.000,00",40.75,Sim,"Apartamento, 84.41 de área total, 40.29 de área privativa, 0.00 de área do terreno,  1 qto(s), a.serv, WC, 1 sala(s), cozinha.",Venda Online,https://venda-imoveis.caixa.gov.br/sistema/detalhe-imovel.asp?hdnimovel=8787701852929,Caixa,Imóvel
8787718392748,RS,PORTO ALEGRE,CAMPO NOVO,"ESTRADA CRISTIANO KRAEMER, N. 2021, Apto 403, BL 03","101.926,27","172.000,00",40.75,Não,"Apartamento, 65.43 de área total, 41.19 de área privativa, 0.00 de área do terreno,  2 qto(s), a.serv, WC, 1 sala(s), cozinha.",Licitação Aberta,https://venda-imoveis.caixa.gov.br/sistema/detalhe-imovel.asp?hdnimovel=8787718392748,Caixa,Imóvel
8555537267975,RS,PORTO ALEGRE,SANTA ROSA DE LIMA,"AVENIDA FRANCISCO SILVEIRA BITENCOURT, N. 1818, Apto 101, TORRE 36, 01 PAVIMENTO, QD A, LT 01","93.629,95","158.000,00",40.75,Sim,"Apartamento, 78.89 de área total, 40.00 de área privativa, 0.00 de área do terreno,  2 qto(s), WC, 1 sala(s), cozinha.",Venda Direta Online,https://venda-imoveis.caixa.gov.br/sistema/detalhe-imovel.asp?hdnimovel=8555537267975,Caixa,Imóvel
8444401122345,RS,PORTO ALEGRE,RUBEM BERTA,"RUA OSCAR FERREIRA, N. 75, Apto 408,","62.625,77","105.000,00",40.36,Sim,"Apartamento, 45.95 de área total, 39.52 de área privativa, 0.00 de área do terreno,  1 qto(s), a.serv, WC, 1 sala(s), cozinha.",Venda Online,https://venda-imoveis.caixa.gov.br/sistema/detalhe-imovel.asp?hdnimovel=8444401122345,Caixa,Imóvel
8444410709396,RS,PORTO ALEGRE,RUBEM BERTA,"AVENIDA BERNARDINO SILVEIRA DE AMORIM, N. SN, Apto 404, QD 01 LTS 01 A 09 BL 02","67.397,26","113.000,00",40.36,Não,"Apartamento, 51.70 de área total, 44.74 de área privativa, 0.00 de área do terreno,  1 qto(s), a.serv, WC, 1 sala(s), cozinha.",Venda Direta Online,https://venda-imoveis.caixa.gov.br/sistema/detalhe-imovel.asp?hdnimovel=8444410709396,Caixa,Imóvel
8444407368419,RS,PORTO ALEGRE,RESTINGA,"RUA CAPITAO PEDROSO, N. 672, Apto 403, BL 10","71.789,15","120.000,00",40.18,Não,"Apartamento, 80.81 de área total, 38.72 de área privativa, 0.00 de área do terreno,  2 qto(s), WC, 1 sala(s), cozinha.",Licitação Aberta,https://venda-imoveis.caixa.gov.br/sistema/detalhe-imovel.asp?hdnimovel=8444407368419,Caixa,Imóvel
8555507308703,RS,PORTO ALEGRE,SANTO ANTONIO,"RUA ENGENHEIRO FERNANDO MENDES RIBEIRO, N. 258, Apto 204, BL C II 3","118.200,00","197.000,00",40.00,Não,"Apartamento, 64.96 de área total, 55.56 de área privativa, 0.00 de área do terreno,  2 qto(s), WC, 1 sala(s), cozinha.",Leilão SFI - Edital Único,https://venda-imoveis.caixa.gov.br/sistema/detalhe-imovel.asp?hdnimovel=8555507308703,Caixa,Imóvel
8444413814123,RS,PORTO ALEGRE,HUMAITA,"RUA MAX JUNIMAN, N. 35, Apto 209, LT 01, QD I,","77.952,49","129.000,00",39.58,Não,"Apartamento, 65.44 de área total, 40.04 de área privativa, 0.00 de área do terreno,  1 qto(s), a.serv, WC, 1 sala(s), cozinha.",Licitação Aberta,https://venda-imoveis.caixa.gov.br/sistema/detalhe-imovel.asp?hdnimovel=8444413814123,Caixa,Imóvel
1444404094573,RS,PORTO ALEGRE,LOMBA DO PINHEIRO,"ESTRADA JOAO DE OLIVEIRA REMIAO, N. 6700, Apto 213, BL 02 TIRIRICA","78.937,48","130.630,00",39.58,Não,"Apartamento, 0.00 de área total, 39.03 de área privativa, 0.00 de área do terreno.",Licitação Aberta,https://venda-imoveis.caixa.gov.br/sistema/detalhe-imovel.asp?hdnimovel=1444404094573,Caixa,Imóvel
8787710644691,RS,PORTO ALEGRE,RESTINGA,"RUA SETE MIL E OITO, N. 280, Apto 104, BL 17, LT 02 E 03, Q, VAGA 314","122.998,15","203.500,00",39.56,Sim,"Apartamento, 70.94 de área total, 40.46 de área privativa, 0.00 de área do terreno,  2 qto(s), WC, 1 sala(s), cozinha, 1 vaga(s) de garagem.",Venda Online,https://venda-imoveis.caixa.gov.br/sistema/detalhe-imovel.asp?hdnimovel=8787710644691,Caixa,Imóvel
8787706307007,RS,PORTO ALEGRE,MORRO SANTANA,"AVENIDA PROTASIO ALVES, N. 10535, Apto 104, BL 21","114.838,57","190.000,00",39.56,Não,"Apartamento, 98.67 de área total, 40.23 de área privativa, 0.00 de área do terreno,  2 qto(s), a.serv, WC, 1 sala(s), cozinha, 1 vaga(s) de garagem.",Licitação Aberta,https://venda-imoveis.caixa.gov.br/sistema/detalhe-imovel.asp?hdnimovel=8787706307007,Caixa,Imóvel
8787702510320,RS,PORTO ALEGRE,CAVALHADA,"AVENIDA FAMILIA GONCALVES CARNEIRO, N. 441, Apto 501, BL 16","120.882,70","200.000,00",39.56,Sim,"Apartamento, 85.19 de área total, 40.29 de área privativa, 0.00 de área do terreno,  2 qto(s), WC, 1 sala(s), cozinha.",Venda Direta Online,https://venda-imoveis.caixa.gov.br/sistema/detalhe-imovel.asp?hdnimovel=8787702510320,Caixa,Imóvel
8787700500590,RS,PORTO ALEGRE,LOMBA DO PINHEIRO,"ESTRADA JOAO DE OLIVEIRA REMIAO, N. 2194, Apto 503, TR 11","111.212,08","184.000,00",39.56,Sim,"Apartamento, 89.67 de área total, 47.00 de área privativa, 0.00 de área do terreno,  2 qto(s), WC, 1 sala(s), cozinha, 1 vaga(s) de garagem.",Venda Online,https://venda-imoveis.caixa.gov.br/sistema/detalhe-imovel.asp?hdnimovel=8787700500590,Caixa,Imóvel
8787701426288,RS,PORTO ALEGRE,LOMBA DO PINHEIRO,"ESTRADA JOAO DE OLIVEIRA REMIAO, N. 2194, Apto 404, TORRE 06","118.465,05","196.000,00",39.56,Sim,"Apartamento, 70.04 de área total, 47.00 de área privativa, 0.00 de área do terreno,  2 qto(s), a.serv, WC, 1 sala(s), cozinha.",Venda Online,https://venda-imoveis.caixa.gov.br/sistema/detalhe-imovel.asp?hdnimovel=8787701426288,Caixa,Imóvel
8555526363048,RS,PORTO ALEGRE,MARIO QUINTANA,"AVENIDA MARTIM FELIX BERTA, N. 801, Apto 129, TORRE H","123.904,77","205.000,00",39.56,Sim,"Apartamento, 81.20 de área total, 43.35 de área privativa, 0.00 de área do terreno,  2 qto(s), WC, 1 sala(s), cozinha, 1 vaga(s) de garagem.",Venda Online,https://venda-imoveis.caixa.gov.br/sistema/detalhe-imovel.asp?hdnimovel=8555526363048,Caixa,Imóvel
8787718186161,RS,PORTO ALEGRE,CAMPO NOVO,"RUA TOME ANTONIO DE SOUZA, N. 2021, Apto 201, BL 14","116.107,83","192.100,00",39.56,Não,"Apartamento, 76.64 de área total, 41.19 de área privativa, 0.00 de área do terreno,  2 qto(s), WC, 1 sala(s), cozinha.",Licitação Aberta,https://venda-imoveis.caixa.gov.br/sistema/detalhe-imovel.asp?hdnimovel=8787718186161,Caixa,Imóvel
8043000498081,RS,PORTO ALEGRE,CAVALHADA,"RUA DOUTOR JULIO TEIXEIRA, N. 151, Apto 210, BL 11","34.537,46","57.000,00",39.41,Não,"Apartamento, 45.76 de área total, 36.12 de área privativa, 0.00 de área do terreno,  2 qto(s), WC, 1 sala(s), cozinha.",Venda Direta Online,https://venda-imoveis.caixa.gov.br/sistema/detalhe-imovel.asp?hdnimovel=8043000498081,Caixa,Imóvel
8164520062678,RS,PORTO ALEGRE,CAVALHADA,"RUA PAULO MACIEL, N. 210, Apto 312, BL 31","49.685,47","82.000,00",39.41,Não,"Apartamento, 45.73 de área total, 36.42 de área privativa, 0.00 de área do terreno,  2 qto(s), WC, 1 sala(s), cozinha.",Licitação Aberta,https://venda-imoveis.caixa.gov.br/sistema/detalhe-imovel.asp?hdnimovel=8164520062678,Caixa,Imóvel
10229370,RS,PORTO ALEGRE,MENINO DEUS,"RUA ITORORO, N. 200, BL A, BOX 116, PARTE COMERCIAL","19.389,45","32.000,00",39.41,Não,"Outros, 0.00 de área total, 12.00 de área privativa, 0.00 de área do terreno, 1 vaga(s) de garagem.",Venda Direta Online,https://venda-imoveis.caixa.gov.br/sistema/detalhe-imovel.asp?hdnimovel=10229370,Caixa,Imóvel
10229371,RS,PORTO ALEGRE,MENINO DEUS,"RUA ITORORO, N. 200, BL A, BOX 117, PARTE COMERCIAL","19.389,45","32.000,00",39.41,Não,"Outros, 0.00 de área total, 12.00 de área privativa, 0.00 de área do terreno, 1 vaga(s) de garagem.",Venda Direta Online,https://venda-imoveis.caixa.gov.br/sistema/detalhe-imovel.asp?hdnimovel=10229371,Caixa,Imóvel
10229374,RS,PORTO ALEGRE,MENINO DEUS,"RUA ITORORO, N. 200, BL A, BOX 115, PARTE COMERCIAL","19.389,45","32.000,00",39.41,Não,"Outros, 0.00 de área total, 12.00 de área privativa, 0.00 de área do terreno, 1 vaga(s) de garagem.",Venda Direta Online,https://venda-imoveis.caixa.gov.br/sistema/detalhe-imovel.asp?hdnimovel=10229374,Caixa,Imóvel
1444415499200,RS,PORTO ALEGRE,RUBEM BERTA,"RUA FRANCISCO GALECKI, N. 15, Apto 404, LT 01 A0 23, CJ 03, BL 03A, QD 04","86.687,14","142.000,00",38.96,Sim,"Apartamento, 66.17 de área total, 56.20 de área privativa, 0.00 de área do terreno,  2 qto(s), a.serv, WC, 1 sala(s), cozinha.",Venda Online,https://venda-imoveis.caixa.gov.br/sistema/detalhe-imovel.asp?hdnimovel=1444415499200,Caixa,Imóvel
8044200419310,RS,PORTO ALEGRE,RUBEM BERTA,"RUA JOSE BARCELLOS GARCIA, N. 100, Apto 404, QD B LT 01 BL B","85.466,19","140.000,00",38.96,Não,"Apartamento, 0.00 de área total, 149.55 de área privativa, 0.00 de área do terreno.",Venda Direta Online,https://venda-imoveis.caixa.gov.br/sistema/detalhe-imovel.asp?hdnimovel=8044200419310,Caixa,Imóvel
1787701961452,RS,PORTO ALEGRE,RUBEM BERTA,"RUA INOCENCIO DE OLIVEIRA ALVES, N. 101, Apto 301, BL 10","98.816,70","160.000,00",38.24,Não,"Apartamento, 77.79 de área total, 41.19 de área privativa, 0.00 de área do terreno,  2 qto(s), WC, 1 sala(s), cozinha.",Licitação Aberta,https://venda-imoveis.caixa.gov.br/sistema/detalhe-imovel.asp?hdnimovel=1787701961452,Caixa,Imóvel
8042810000465,RS,PORTO ALEGRE,RUBEM BERTA,"RUA PAULO RENATO KETZER DE SOUZA, N. 300, Apto 206, BL H","108.080,77","175.000,00",38.24,Não,"Apartamento, 42.19 de área total, 37.06 de área privativa, 0.00 de área do terreno,  2 qto(s), WC, 1 sala(s), cozinha.",Venda Direta Online,https://venda-imoveis.caixa.gov.br/sistema/detalhe-imovel.asp?hdnimovel=8042810000465,Caixa,Imóvel
8044200420815,RS,PORTO ALEGRE,RUBEM BERTA,"AVENIDA BALTAZAR DE OLIVEIRA GARCIA, N. 100, Apto 203, BL I LT 1 QD B","108.080,77","175.000,00",38.24,Não,"Apartamento, 42.19 de área total, 37.06 de área privativa, 0.00 de área do terreno,  2 qto(s), WC, 1 sala(s), cozinha.",Venda Direta Online,https://venda-imoveis.caixa.gov.br/sistema/detalhe-imovel.asp?hdnimovel=8044200420815,Caixa,Imóvel
8787703830779,RS,PORTO ALEGRE,SARANDI,"AVENIDA FRANCISCO SILVEIRA BITENCOURT, N. 1818, Apto 203, 1° ANDAR","113.021,61","183.000,00",38.24,Não,"Apartamento, 79.35 de área total, 40.26 de área privativa, 0.00 de área do terreno,  2 qto(s), WC, 1 sala(s), cozinha, 1 vaga(s) de garagem.",Venda Online,https://venda-imoveis.caixa.gov.br/sistema/detalhe-imovel.asp?hdnimovel=8787703830779,Caixa,Imóvel
8444408886499,RS,PORTO ALEGRE,RESTINGA,"ESTRADA BARRO VERMELHO, N. 241, Apto 304, BL 07, VAGA BOX 135","101.904,73","165.000,00",38.24,Sim,"Apartamento, 61.66 de área total, 54.66 de área privativa, 0.00 de área do terreno,  2 qto(s), WC, 1 sala(s), cozinha, 1 vaga(s) de garagem.",Venda Online,https://venda-imoveis.caixa.gov.br/sistema/detalhe-imovel.asp?hdnimovel=8444408886499,Caixa,Imóvel
8444409781984,RS,PORTO ALEGRE,MARIO QUINTANA,"RUA VINTE E SEIS DE MARCO, N. 415, Apto 307, BL B","98.816,70","160.000,00",38.24,Sim,"Apartamento, 48.07 de área total, 38.76 de área privativa, 0.00 de área do terreno,  2 qto(s), WC, 1 sala(s), cozinha.",Venda Direta Online,https://venda-imoveis.caixa.gov.br/sistema/detalhe-imovel.asp?hdnimovel=8444409781984,Caixa,Imóvel
8555517692433,RS,PORTO ALEGRE,JARDIM LEOPOLDINA,"RUA DOUTOR VARGAS NETO, N. 100, Apto 103, BL A","111.168,79","180.000,00",38.24,Não,"Apartamento, 73.57 de área total, 56.35 de área privativa, 0.00 de área do terreno,  2 qto(s), a.serv, WC, 1 sala(s), cozinha.",Venda Online,https://venda-imoveis.caixa.gov.br/sistema/detalhe-imovel.asp?hdnimovel=8555517692433,Caixa,Imóvel
10278715,RS,PORTO ALEGRE,CAMAQUA,"RUA SINODO, N. 35, QD K, LT 01","1.908.883,79","3.072.000,00",37.87,Sim,"Terreno, 0.00 de área total, 0.00 de área privativa, 7405.54 de área do terreno.",Venda Online,https://venda-imoveis.caixa.gov.br/sistema/detalhe-imovel.asp?hdnimovel=10278715,Caixa,Imóvel
10274828,RS,PORTO ALEGRE,MARIO QUINTANA,"RUA MADRE CLARA, N. 1200, UNID 32","273.407,83","440.000,00",37.87,Sim,"Terreno, 0.00 de área total, 0.00 de área privativa, 520.79 de área do terreno.",Venda Online,https://venda-imoveis.caixa.gov.br/sistema/detalhe-imovel.asp?hdnimovel=10274828,Caixa,Imóvel
8787705323793,RS,PORTO ALEGRE,SARANDI,"RUA GABRIEL FRANCO DA LUZ, N. 888, Apto 104, BL 01","91.657,98","147.000,00",37.65,Sim,"Apartamento, 0.00 de área total, 41.19 de área privativa, 0.00 de área do terreno,  1 qto(s), a.serv, WC, 1 sala(s), cozinha.",Venda Direta Online,https://venda-imoveis.caixa.gov.br/sistema/detalhe-imovel.asp?hdnimovel=8787705323793,Caixa,Imóvel
8444407156233,RS,PORTO ALEGRE,BELEM NOVO,"RUA MANOEL ANTONIO DA SILVA, N. 73,","118.331,58","188.000,00",37.06,Não,"Casa, 69.71 de área total, 69.71 de área privativa, 171.00 de área do terreno.",Licitação Aberta,https://venda-imoveis.caixa.gov.br/sistema/detalhe-imovel.asp?hdnimovel=8444407156233,Caixa,Imóvel
8444423137825,RS,PORTO ALEGRE,TERESOPOLIS,"RUA SEPE TIARAJU, N. 426, Apto 404, BL 1","146.655,63","233.000,00",37.06,Não,"Apartamento, 86.23 de área total, 56.47 de área privativa, 0.00 de área do terreno,  2 qto(s), a.serv, WC, 1 sala(s), cozinha.",Venda Direta Online,https://venda-imoveis.caixa.gov.br/sistema/detalhe-imovel.asp?hdnimovel=8444423137825,Caixa,Imóvel
8444423780027,RS,PORTO ALEGRE,TERESOPOLIS,"RUA CARLOS FERREIRA, N. 165, Apto 101, BL 11","139.731,97","222.000,00",37.06,Sim,"Apartamento, 55.48 de área total, 51.54 de área privativa, 0.00 de área do terreno,  2 qto(s), a.serv, WC, 1 sala(s), cozinha.",Venda Online,https://venda-imoveis.caixa.gov.br/sistema/detalhe-imovel.asp?hdnimovel=8444423780027,Caixa,Imóvel
1787700291623,RS,PORTO ALEGRE,RESTINGA,"RUA NAIR GARCIA MARTINS, N. 336, CS 01, LT 06C, QD C,","137.843,70","219.000,00",37.06,Não,"Casa, 61.31 de área total, 61.31 de área privativa, 173.55 de área do terreno,  3 qto(s), a.serv, WC, 1 sala(s), cozinha.",Licitação Aberta,https://venda-imoveis.caixa.gov.br/sistema/detalhe-imovel.asp?hdnimovel=1787700291623,Caixa,Imóvel
1555504755808,RS,PORTO ALEGRE,MORRO SANTANA,"AVENIDA EMILIO SCHLABITZ NETO, N. 70, Apto 305, PAV 3","184.821,15","290.000,00",36.27,Não,"Apartamento, 0.00 de área total, 38.76 de área privativa, 0.00 de área do terreno, 1 vaga(s) de garagem.",Licitação Aberta,https://venda-imoveis.caixa.gov.br/sistema/detalhe-imovel.asp?hdnimovel=1555504755808,Caixa,Imóvel
1600000109790,RS,PORTO ALEGRE,PETROPOLIS,"RUA PROFESSOR FITZGERALD, N. 146, Apto 202, PAV 02","859.099,68","1.348.000,00",36.27,Sim,"Apartamento, 225.38 de área total, 150.00 de área privativa, 0.00 de área do terreno,  3 qto(s), a.serv, WC, 1 sala(s), DCE, cozinha, 1 vaga(s) de garagem.",Licitação Aberta,https://venda-imoveis.caixa.gov.br/sistema/detalhe-imovel.asp?hdnimovel=1600000109790,Caixa,Imóvel
10283560,RS,PORTO ALEGRE,VILA NOVA,"ESTRADA CRISTIANO KRAEMER, N. 105","618.194,87","970.000,00",36.27,Sim,"Casa, 0.00 de área total, 195.40 de área privativa, 2266.00 de área do terreno.",Venda Online,https://venda-imoveis.caixa.gov.br/sistema/detalhe-imovel.asp?hdnimovel=10283560,Caixa,Imóvel
1444411432870,RS,PORTO ALEGRE,VILA NOVA,"RUA WALTON PONTES CARPES, N. 39, Apto 303, BL C","213.196,29","334.523,00",36.27,Não,"Apartamento, 0.00 de área total, 57.88 de área privativa, 0.00 de área do terreno, 1 vaga(s) de garagem.",Licitação Aberta,https://venda-imoveis.caixa.gov.br/sistema/detalhe-imovel.asp?hdnimovel=1444411432870,Caixa,Imóvel
10286296,RS,PORTO ALEGRE,HUMAITA,"RUA IRMÃO FELIZ ROBERTO, N. 100, Apto 1210, TORRE B","181.634,58","285.000,00",36.27,Sim,"Apartamento, 0.00 de área total, 50.80 de área privativa, 0.00 de área do terreno.",Venda Direta Online,https://venda-imoveis.caixa.gov.br/sistema/detalhe-imovel.asp?hdnimovel=10286296,Caixa,Imóvel
8065200000690,RS,PORTO ALEGRE,NONOAI,"AVENIDA FABIO ARAUJO SANTOS, N. 1391, Apto 445,  BL C","166.657,69","261.500,00",36.27,Sim,"Apartamento, 68.08 de área total, 60.65 de área privativa, 0.00 de área do terreno,  2 qto(s), a.serv, WC, 1 sala(s), cozinha.",Venda Direta Online,https://venda-imoveis.caixa.gov.br/sistema/detalhe-imovel.asp?hdnimovel=8065200000690,Caixa,Imóvel
1444401764519,RS,PORTO ALEGRE,JARDIM ITU,"RUA MARINA SIRANGELO CASTELLO, N. 54, Apto 122,","207.127,15","325.000,00",36.27,Sim,"Apartamento, 0.00 de área total, 67.65 de área privativa, 0.00 de área do terreno, 1 vaga(s) de garagem.",Venda Online,https://venda-imoveis.caixa.gov.br/sistema/detalhe-imovel.asp?hdnimovel=1444401764519,Caixa,Imóvel
1444420234899,RS,PORTO ALEGRE,MEDIANEIRA,"AVENIDA TERESINA, N. 281, CASA DE ALVENARIA COM TRES PAVIMENTOS","806.202,59","1.265.000,00",36.27,Sim,"Casa, 0.00 de área total, 352.95 de área privativa, 400.00 de área do terreno,  5 qto(s), varanda, a.serv, WC, WC Emp, 2 sala(s), cozinha.",Licitação Aberta,https://venda-imoveis.caixa.gov.br/sistema/detalhe-imovel.asp?hdnimovel=1444420234899,Caixa,Imóvel
10276284,RS,PORTO ALEGRE,PASSO DA AREIA,"RUA ITAPEVA, N. 80, SL 601","293.316,53","460.238,42",36.27,Sim,"Sala, 0.00 de área total, 106.20 de área privativa, 0.00 de área do terreno.",Venda Online,https://venda-imoveis.caixa.gov.br/sistema/detalhe-imovel.asp?hdnimovel=10276284,Caixa,Imóvel
1555533898891,RS,PORTO ALEGRE,JARDIM ISABEL,"R EDGAR LUIZ SCHNEIDER, N. 54, CS 9","589.515,73","925.000,00",36.27,Sim,"Casa, 405.31 de área total, 157.59 de área privativa, 126.00 de área do terreno,  3 qto(s), WC, WC Emp, 1 sala(s), 1 lavabo(s), cozinha, 2 vaga(s) de garagem.",Venda Direta Online,https://venda-imoveis.caixa.gov.br/sistema/detalhe-imovel.asp?hdnimovel=1555533898891,Caixa,Imóvel
10276269,RS,PORTO ALEGRE,JARDIM LEOPOLDINA,"RUA JOSEF HALPERN, N. 86, QD G-1, LT 24 (ANTIGA RUA 13)","260.000,00","337.000,00",22.85,Não,"Casa, 0.00 de área total, 73.00 de área privativa, 335.50 de área do terreno.",Leilão SFI - Edital Único,https://venda-imoveis.caixa.gov.br/sistema/detalhe-imovel.asp?hdnimovel=10276269,Caixa,Imóvel
8444421608715,RS,PORTO ALEGRE,RUBEM BERTA,"RUA PAULO RENATO KETZER DE SOUZA, N. 300, Apto 403, BLOCO E","143.000,00","143.000,00",0.00,Não,"Apartamento, 42.19 de área total, 37.06 de área privativa, 0.00 de área do terreno,  2 qto(s), WC, 1 sala(s), cozinha.",Leilão SFI - Edital Único,https://venda-imoveis.caixa.gov.br/sistema/detalhe-imovel.asp?hdnimovel=8444421608715,Caixa,Imóvel
8444426711239,RS,PORTO ALEGRE,RESTINGA,"ESTRADA BARRO VERMELHO, N. 799, Apto 401, BLOCO H - VAGA 242","128.000,00","128.000,00",0.00,Não,"Apartamento, 0.00 de área total, 45.45 de área privativa, 0.00 de área do terreno, 1 vaga(s) de garagem.",Leilão SFI - Edital Único,https://venda-imoveis.caixa.gov.br/sistema/detalhe-imovel.asp?hdnimovel=8444426711239,Caixa,Imóvel
8555517263605,RS,PORTO ALEGRE,RESTINGA,"RUA CAPITAO PEDROSO, N. 672, Apto 101, BL 10","136.000,00","136.000,00",0.00,Não,"Apartamento, 80.81 de área total, 38.72 de área privativa, 0.00 de área do terreno,  2 qto(s), WC, 1 sala(s), cozinha.",Leilão SFI - Edital Único,https://venda-imoveis.caixa.gov.br/sistema/detalhe-imovel.asp?hdnimovel=8555517263605,Caixa,Imóvel
8787707370632,RS,PORTO ALEGRE,RESTINGA,"RUA SABINO PEREIRA NUNES, N. SN, Apto 103, BLOCO 19","155.000,00","155.000,00",0.00,Não,"Apartamento, 69.89 de área total, 40.99 de área privativa, 0.00 de área do terreno,  2 qto(s), a.serv, WC, 1 sala(s).",Leilão SFI - Edital Único,https://venda-imoveis.caixa.gov.br/sistema/detalhe-imovel.asp?hdnimovel=8787707370632,Caixa,Imóvel
8787707935370,RS,PORTO ALEGRE,RESTINGA,"RUA SABINO PEREIRA NUNES, N. 931, Apto 304,  BLOCO 18","160.000,00","160.000,00",0.00,Não,"Apartamento, 69.88 de área total, 40.99 de área privativa, 0.00 de área do terreno,  2 qto(s), WC, 1 sala(s), cozinha, 1 vaga(s) de garagem.",Leilão SFI - Edital Único,https://venda-imoveis.caixa.gov.br/sistema/detalhe-imovel.asp?hdnimovel=8787707935370,Caixa,Imóvel
8787708339275,RS,PORTO ALEGRE,RESTINGA,"RUA SABINO PEREIRA NUNES, N. 931, Apto 503,  BLOCO 18","145.000,00","145.000,00",0.00,Não,"Apartamento, 69.88 de área total, 40.99 de área privativa, 0.00 de área do terreno,  2 qto(s), WC, 1 sala(s), cozinha, 1 vaga(s) de garagem.",Leilão SFI - Edital Único,https://venda-imoveis.caixa.gov.br/sistema/detalhe-imovel.asp?hdnimovel=8787708339275,Caixa,Imóvel
8787708504977,RS,PORTO ALEGRE,RESTINGA,"RUA SABINO PEREIRA NUNES, N. 931, Apto 404, BL.1","161.252,05","161.252,05",0.00,Não,"Apartamento, 0.00 de área total, 40.99 de área privativa, 0.00 de área do terreno.",Leilão SFI - Edital Único,https://venda-imoveis.caixa.gov.br/sistema/detalhe-imovel.asp?hdnimovel=8787708504977,Caixa,Imóvel
8787708990030,RS,PORTO ALEGRE,RESTINGA,"RUA SABINO PEREIRA NUNES, N. 931, Apto 102, BL 11 TERREO","145.000,00","145.000,00",0.00,Não,"Apartamento, 69.88 de área total, 40.99 de área privativa, 0.00 de área do terreno,  1 qto(s), WC, 1 sala(s), cozinha.",Leilão SFI - Edital Único,https://venda-imoveis.caixa.gov.br/sistema/detalhe-imovel.asp?hdnimovel=8787708990030,Caixa,Imóvel
8787709019355,RS,PORTO ALEGRE,RESTINGA,"RUA SABINO PEREIRA NUNES, N. SN, Apto 103, LT 12 PAVIMENTO TÉRREO","142.000,00","142.000,00",0.00,Não,"Apartamento, 69.88 de área total, 40.99 de área privativa, 0.00 de área do terreno,  2 qto(s), WC, 1 sala(s), cozinha.",Leilão SFI - Edital Único,https://venda-imoveis.caixa.gov.br/sistema/detalhe-imovel.asp?hdnimovel=8787709019355,Caixa,Imóvel
8787712364440,RS,PORTO ALEGRE,RESTINGA,"RUA SABINO PEREIRA NUNES, N. 932, Apto 504, BL 18","142.500,00","142.500,00",0.00,Não,"Apartamento, 74.20 de área total, 41.19 de área privativa, 0.00 de área do terreno, 1 vaga(s) de garagem.",Leilão SFI - Edital Único,https://venda-imoveis.caixa.gov.br/sistema/detalhe-imovel.asp?hdnimovel=8787712364440,Caixa,Imóvel
8787713299499,RS,PORTO ALEGRE,RESTINGA,"RUA SABINO PEREIRA NUNES, N. 932, Apto 203, BL 14","156.523,64","156.523,64",0.00,Não,"Apartamento, 74.20 de área total, 41.19 de área privativa, 0.00 de área do terreno.",Leilão SFI - Edital Único,https://venda-imoveis.caixa.gov.br/sistema/detalhe-imovel.asp?hdnimovel=8787713299499,Caixa,Imóvel
8787718407176,RS,PORTO ALEGRE,RESTINGA,"RUA SETE MIL E OITO, N. 300, Apto 401, BL 22","192.299,55","192.299,55",0.00,Não,"Apartamento, 61.71 de área total, 40.82 de área privativa, 0.00 de área do terreno,  2 qto(s), WC, 1 sala(s), cozinha.",Leilão SFI - Edital Único,https://venda-imoveis.caixa.gov.br/sistema/detalhe-imovel.asp?hdnimovel=8787718407176,Caixa,Imóvel
8555535443121,RS,PORTO ALEGRE,MORRO SANTANA,"AVENIDA PROTASIO ALVES, N. 8201, Apto 106, TORRE 6 VG 703","205.000,00","205.000,00",0.00,Não,"Apartamento, 67.55 de área total, 42.39 de área privativa, 0.00 de área do terreno,  1 qto(s), WC, 1 sala(s), cozinha, 1 vaga(s) de garagem.",Leilão SFI - Edital Único,https://venda-imoveis.caixa.gov.br/sistema/detalhe-imovel.asp?hdnimovel=8555535443121,Caixa,Imóvel
8787706453550,RS,PORTO ALEGRE,MORRO SANTANA,"AVENIDA PROTASIO ALVES, N. 10535, Apto 501, BL 20 VG 484","160.000,00","160.000,00",0.00,Não,"Apartamento, 98.67 de área total, 40.23 de área privativa, 0.00 de área do terreno,  2 qto(s), WC, 1 sala(s), cozinha, 1 vaga(s) de garagem.",Leilão SFI - Edital Único,https://venda-imoveis.caixa.gov.br/sistema/detalhe-imovel.asp?hdnimovel=8787706453550,Caixa,Imóvel
8787706860938,RS,PORTO ALEGRE,MORRO SANTANA,"AVENIDA PROTASIO ALVES, N. 10535, Apto 502, BL 12 VG 268","169.000,00","169.000,00",0.00,Não,"Apartamento, 98.67 de área total, 40.23 de área privativa, 0.00 de área do terreno,  2 qto(s), WC, 1 sala(s), cozinha, 1 vaga(s) de garagem.",Leilão SFI - Edital Único,https://venda-imoveis.caixa.gov.br/sistema/detalhe-imovel.asp?hdnimovel=8787706860938,Caixa,Imóvel
1444420014171,RS,PORTO ALEGRE,ESPIRITO SANTO,"RUA PROFESSORA THEREZA NORONHA, N. SN, CASA 26","380.000,00","380.000,00",0.00,Não,"Casa, 130.19 de área total, 115.03 de área privativa, 57.28 de área do terreno,  2 qto(s), a.serv, WC, 1 sala(s), 1 vaga(s) de garagem.",Leilão SFI - Edital Único,https://venda-imoveis.caixa.gov.br/sistema/detalhe-imovel.asp?hdnimovel=1444420014171,Caixa,Imóvel
1444420938837,RS,PORTO ALEGRE,CAVALHADA,"AVENIDA DA CAVALHADA, N. 6247, CASA 02","668.000,00","668.000,00",0.00,Não,"Casa, 133.36 de área total, 111.75 de área privativa, 150.00 de área do terreno,  4 qto(s), a.serv, WC, 1 sala(s), 1 lavabo(s), cozinha, Terraco, 3 vaga(s) de garagem.",Leilão SFI - Edital Único,https://venda-imoveis.caixa.gov.br/sistema/detalhe-imovel.asp?hdnimovel=1444420938837,Caixa,Imóvel
8787701443794,RS,PORTO ALEGRE,CAVALHADA,"AVENIDA FAMILIA GONCALVES CARNEIRO, N. 441, Apto 401,  BLOCO 22","177.000,00","177.000,00",0.00,Não,"Apartamento, 85.19 de área total, 40.29 de área privativa, 0.00 de área do terreno, 1 vaga(s) de garagem.",Leilão SFI - Edital Único,https://venda-imoveis.caixa.gov.br/sistema/detalhe-imovel.asp?hdnimovel=8787701443794,Caixa,Imóvel
8787710903492,RS,PORTO ALEGRE,CAVALHADA,"AVENIDA FAMILIA GONCALVES CARNEIRO, N. 201, Apto 501, BL.4 5°PAV. VG.N°52","186.000,00","186.000,00",0.00,Não,"Apartamento, 73.41 de área total, 40.82 de área privativa, 0.00 de área do terreno,  2 qto(s), WC, 1 sala(s), cozinha, 1 vaga(s) de garagem.",Leilão SFI - Edital Único,https://venda-imoveis.caixa.gov.br/sistema/detalhe-imovel.asp?hdnimovel=8787710903492,Caixa,Imóvel
1444424463736,RS,PORTO ALEGRE,FARROUPILHA,"RUA SANTANA, N. 703,","470.000,00","470.000,00",0.00,Não,"Casa, 101.00 de área total, 101.00 de área privativa, 108.10 de área do terreno,  2 qto(s), WC, 1 sala(s), cozinha.",Leilão SFI - Edital Único,https://venda-imoveis.caixa.gov.br/sistema/detalhe-imovel.asp?hdnimovel=1444424463736,Caixa,Imóvel
1444414616904,RS,PORTO ALEGRE,JARDIM CARVALHO,"RUA ATTILIO BILIBIO, N. 120, 128","1.333.000,00","1.333.000,00",0.00,Não,"Casa, 350.08 de área total, 223.41 de área privativa, 350.08 de área do terreno,  3 qto(s), a.serv, WC, 1 sala(s), 1 lavabo(s), cozinha, 2 vaga(s) de garagem.",Leilão SFI - Edital Único,https://venda-imoveis.caixa.gov.br/sistema/detalhe-imovel.asp?hdnimovel=1444414616904,Caixa,Imóvel
8555513943415,RS,PORTO ALEGRE,VILA NOVA,"RUA ATILIO SUPERTTI, N. 1430, Apto 147, BLOCO M TÉRREO","130.000,00","130.000,00",0.00,Não,"Apartamento, 40.40 de área total, 36.03 de área privativa, 0.00 de área do terreno,  2 qto(s), WC, 1 sala(s), cozinha, 1 vaga(s) de garagem.",Leilão SFI - Edital Único,https://venda-imoveis.caixa.gov.br/sistema/detalhe-imovel.asp?hdnimovel=8555513943415,Caixa,Imóvel
8555519183749,RS,PORTO ALEGRE,VILA NOVA,"RUA ATILIO SUPERTTI, N. 1430, Apto 116, BL D","120.000,00","120.000,00",0.00,Não,"Apartamento, 40.40 de área total, 36.03 de área privativa, 0.00 de área do terreno,  2 qto(s), WC, 1 sala(s), cozinha.",Leilão SFI - Edital Único,https://venda-imoveis.caixa.gov.br/sistema/detalhe-imovel.asp?hdnimovel=8555519183749,Caixa,Imóvel
8787704037584,RS,PORTO ALEGRE,HUMAITA,"AVENIDA ERNESTO NEUGEBAUER, N. 1820, Apto 104, TR 02","237.000,00","237.000,00",0.00,Não,"Apartamento, 0.00 de área total, 43.91 de área privativa, 0.00 de área do terreno,  2 qto(s), a.serv, WC, 1 sala(s), cozinha.",Leilão SFI - Edital Único,https://venda-imoveis.caixa.gov.br/sistema/detalhe-imovel.asp?hdnimovel=8787704037584,Caixa,Imóvel
8787721611250,RS,PORTO ALEGRE,HUMAITA,"AVENIDA ERNESTO NEUGEBAUER, N. 820, Apto 101, TORRE 3","300.000,00","300.000,00",0.00,Não,"Apartamento, 102.25 de área total, 67.31 de área privativa, 0.00 de área do terreno,  2 qto(s), WC, 1 sala(s), cozinha, 1 vaga(s) de garagem.",Leilão SFI - Edital Único,https://venda-imoveis.caixa.gov.br/sistema/detalhe-imovel.asp?hdnimovel=8787721611250,Caixa,Imóvel
8787718199247,RS,PORTO ALEGRE,HIPICA,"RUA CINCO MIL CENTO E DEZESSETE, N. 615, Apto 301, BL19","180.000,00","180.000,00",0.00,Não,"Apartamento, 36.39 de área total, 24.08 de área privativa, 0.00 de área do terreno,  1 qto(s), WC, 1 sala(s), cozinha.",Leilão SFI - Edital Único,https://venda-imoveis.caixa.gov.br/sistema/detalhe-imovel.asp?hdnimovel=8787718199247,Caixa,Imóvel
8787719119913,RS,PORTO ALEGRE,HIPICA,"RUA CINCO MIL CENTO E DEZESSETE, N. 615, Apto 303, BLOCO 22 TERCEIRO PAVIMENTO","155.000,00","155.000,00",0.00,Não,"Apartamento, 35.93 de área total, 23.78 de área privativa, 0.00 de área do terreno,  1 qto(s), WC.",Leilão SFI - Edital Único,https://venda-imoveis.caixa.gov.br/sistema/detalhe-imovel.asp?hdnimovel=8787719119913,Caixa,Imóvel
8444436554373,RS,PORTO ALEGRE,NONOAI,"AVENIDA QUARAI, N. 408, Apto 410, ST B 4° PAV","130.000,00","130.000,00",0.00,Não,"Apartamento, 42.49 de área total, 35.05 de área privativa, 0.00 de área do terreno,  1 qto(s), a.serv, WC, 1 sala(s), cozinha.",Leilão SFI - Edital Único,https://venda-imoveis.caixa.gov.br/sistema/detalhe-imovel.asp?hdnimovel=8444436554373,Caixa,Imóvel
1444414101254,RS,PORTO ALEGRE,LOMBA DO PINHEIRO,"RUA TALITA DA CUNHA CHAVES, N. 620, QD A, LOTE 06","420.000,00","420.000,00",0.00,Não,"Casa, 0.00 de área total, 112.12 de área privativa, 140.40 de área do terreno,  3 qto(s), a.serv, WC, 1 sala(s), cozinha.",Leilão SFI - Edital Único,https://venda-imoveis.caixa.gov.br/sistema/detalhe-imovel.asp?hdnimovel=1444414101254,Caixa,Imóvel
8043000502119,RS,PORTO ALEGRE,IPANEMA,"RUA PAULO MACIEL, N. 65, Apto 109, BL 29, LT 01 AO 06, QD F","86.000,00","86.000,00",0.00,Não,"Apartamento, 46.04 de área total, 36.42 de área privativa, 0.00 de área do terreno,  2 qto(s), WC, 1 sala(s), cozinha.",Leilão SFI - Edital Único,https://venda-imoveis.caixa.gov.br/sistema/detalhe-imovel.asp?hdnimovel=8043000502119,Caixa,Imóvel
8787709196583,RS,PORTO ALEGRE,RESTINGA,"RUA SABINO PEREIRA NUNES, N. 931, Apto 502, B17 5 PAV","142.134,78","142.000,00",0.00,Não,"Apartamento, 69.88 de área total, 40.99 de área privativa, 0.00 de área do terreno.",Leilão SFI - Edital Único,https://venda-imoveis.caixa.gov.br/sistema/detalhe-imovel.asp?hdnimovel=8787709196583,Caixa,Imóvel
8787717924657,RS,PORTO ALEGRE,HIPICA,"RUA CINCO MIL CENTO E DEZESSETE, N. 615, Apto 203, BL 19","147.291,25","147.000,00",0.00,Não,"Apartamento, 35.93 de área total, 23.78 de área privativa, 0.00 de área do terreno,  1 qto(s), cozinha.",Leilão SFI - Edital Único,https://venda-imoveis.caixa.gov.br/sistema/detalhe-imovel.asp?hdnimovel=8787717924657,Caixa,Imóvel
8787709043531,RS,PORTO ALEGRE,RESTINGA,"RUA SABINO PEREIRA NUNES, N. 931, Apto 502, BL 11, LT 01 E 02, QD B,","140.825,86","140.000,00",0.00,Não,"Apartamento, 69.88 de área total, 40.99 de área privativa, 0.00 de área do terreno,  2 qto(s), WC, 1 sala(s), cozinha.",Leilão SFI - Edital Único,https://venda-imoveis.caixa.gov.br/sistema/detalhe-imovel.asp?hdnimovel=8787709043531,Caixa,Imóvel
8787721202202,RS,PORTO ALEGRE,SANTA TEREZA,"RUA CRUZEIRO DO SUL, N. 2077, Apto 202, BL 6","221.384,00","219.000,00",0.00,Não,"Apartamento, 80.51 de área total, 41.19 de área privativa, 0.00 de área do terreno,  2 qto(s), WC, 1 sala(s), cozinha.",Leilão SFI - Edital Único,https://venda-imoveis.caixa.gov.br/sistema/detalhe-imovel.asp?hdnimovel=8787721202202,Caixa,Imóvel
1555527981090,RS,PORTO ALEGRE,SAO JOAO,"RUA CARLOS VON KOSERITZ, N. 553, Apto 302, 2° PAV","500.627,66","492.000,00",0.00,Não,"Apartamento, 139.17 de área total, 107.86 de área privativa, 0.00 de área do terreno,  2 qto(s), a.serv, WC, 1 sala(s), cozinha.",Leilão SFI - Edital Único,https://venda-imoveis.caixa.gov.br/sistema/detalhe-imovel.asp?hdnimovel=1555527981090,Caixa,Imóvel
8444435618939,RS,PORTO ALEGRE,VILA NOVA,"BECO IMPERIO, N. 241, Apto 407, BL B","140.839,45","138.000,00",0.00,Não,"Apartamento, 53.36 de área total, 43.17 de área privativa, 0.00 de área do terreno,  2 qto(s), 1 sala(s), cozinha.",Leilão SFI - Edital Único,https://venda-imoveis.caixa.gov.br/sistema/detalhe-imovel.asp?hdnimovel=8444435618939,Caixa,Imóvel
8444432575422,RS,PORTO ALEGRE,LOMBA DO PINHEIRO,"ESTRADA JOAO DE OLIVEIRA REMIAO, N. 6700, Apto 156, BLOCO 05 PAVIMENTO TÉRREO","127.876,50","125.000,00",0.00,Não,"Apartamento, 0.00 de área total, 39.03 de área privativa, 0.00 de área do terreno,  2 qto(s), WC, 1 sala(s), cozinha.",Leilão SFI - Edital Único,https://venda-imoveis.caixa.gov.br/sistema/detalhe-imovel.asp?hdnimovel=8444432575422,Caixa,Imóvel
8787710629242,RS,PORTO ALEGRE,COSTA E SILVA,"RUA WALDEMAR LUIZ DE FREITAS FILHO, N. 470, Apto 203, T.1 2°PAV VG.N°11 LT.2 QD.B LOT.USINAS","215.258,10","210.000,00",0.00,Não,"Apartamento, 0.00 de área total, 44.31 de área privativa, 0.00 de área do terreno, 1 vaga(s) de garagem.",Leilão SFI - Edital Único,https://venda-imoveis.caixa.gov.br/sistema/detalhe-imovel.asp?hdnimovel=8787710629242,Caixa,Imóvel
8787718366275,RS,PORTO ALEGRE,HIPICA,"RUA EMBIRA (ESQUINA RUA 5117), N. 615, Apto 301, BLOCO 23","148.809,86","145.000,00",0.00,Não,"Apartamento, 36.39 de área total, 24.08 de área privativa, 0.00 de área do terreno,  1 qto(s), cozinha.",Leilão SFI - Edital Único,https://venda-imoveis.caixa.gov.br/sistema/detalhe-imovel.asp?hdnimovel=8787718366275,Caixa,Imóvel
8787718452112,RS,PORTO ALEGRE,HIPICA,"RUA EMBIRA, N. 615, Apto 505, BL 23, LT 01, QD B","148.099,03","144.000,00",0.00,Não,"Apartamento, 36.22 de área total, 23.97 de área privativa, 0.00 de área do terreno,  1 qto(s), cozinha.",Leilão SFI - Edital Único,https://venda-imoveis.caixa.gov.br/sistema/detalhe-imovel.asp?hdnimovel=8787718452112,Caixa,Imóvel
1444423880805,RS,PORTO ALEGRE,FARROUPILHA,"RUA SANTANA, N. 701,","576.665,03","560.000,00",0.00,Não,"Casa, 141.25 de área total, 141.25 de área privativa, 108.10 de área do terreno,  3 qto(s), a.serv, WC, 1 sala(s), cozinha.",Leilão SFI - Edital Único,https://venda-imoveis.caixa.gov.br/sistema/detalhe-imovel.asp?hdnimovel=1444423880805,Caixa,Imóvel
8555537205090,RS,PORTO ALEGRE,HIPICA,"AVENIDA EDGAR PIRES DE CASTRO, N. 151, Apto 402, BL 5  ANTIGA RUA 7091","157.018,81","150.000,00",0.00,Não,"Apartamento, 0.00 de área total, 40.29 de área privativa, 0.00 de área do terreno.",Leilão SFI - Edital Único,https://venda-imoveis.caixa.gov.br/sistema/detalhe-imovel.asp?hdnimovel=8555537205090,Caixa,Imóvel
8444428106537,RS,PORTO ALEGRE,CAMPO NOVO,"RUA TOME ANTONIO DE SOUZA, N. 240, Apto 464, BLOCO  P, QUARTO PAVIMENTO","131.619,19","125.000,00",0.00,Não,"Apartamento, 48.89 de área total, 39.03 de área privativa, 0.00 de área do terreno,  2 qto(s), WC, 1 sala(s), cozinha.",Leilão SFI - Edital Único,https://venda-imoveis.caixa.gov.br/sistema/detalhe-imovel.asp?hdnimovel=8444428106537,Caixa,Imóvel
8555537689080,RS,PORTO ALEGRE,MORRO SANTANA,"AVENIDA PROTASIO ALVES, N. 9277, Apto 101, BL 02, VAGA N 113","195.000,00","185.000,00",0.00,Não,"Apartamento, 64.51 de área total, 45.35 de área privativa, 0.00 de área do terreno,  2 qto(s), WC, 1 sala(s), cozinha, 1 vaga(s) de garagem.",Leilão SFI - Edital Único,https://venda-imoveis.caixa.gov.br/sistema/detalhe-imovel.asp?hdnimovel=8555537689080,Caixa,Imóvel
8787720230504,RS,PORTO ALEGRE,IPANEMA,"ESTRADA CAMPO NOVO, N. 459, Apto 202, BLOCO 10","211.002,45","200.000,00",0.00,Não,"Apartamento, 68.15 de área total, 41.19 de área privativa, 0.00 de área do terreno,  2 qto(s), WC, 1 sala(s), cozinha.",Leilão SFI - Edital Único,https://venda-imoveis.caixa.gov.br/sistema/detalhe-imovel.asp?hdnimovel=8787720230504,Caixa,Imóvel
1444400783668,RS,PORTO ALEGRE,CAMAQUA,"AVENIDA OTTO NIEMEYER, N. 1702, Apto 806, TORRE B - ESPÍRITO SANTO 7º ANDAR","330.300,00","313.000,00",0.00,Não,"Apartamento, 123.69 de área total, 67.54 de área privativa, 0.00 de área do terreno,  3 qto(s), WC, 1 sala(s), cozinha, 1 vaga(s) de garagem.",Leilão SFI - Edital Único,https://venda-imoveis.caixa.gov.br/sistema/detalhe-imovel.asp?hdnimovel=1444400783668,Caixa,Imóvel
8787706861632,RS,PORTO ALEGRE,RESTINGA,"RUA SABINO PEREIRA NUNES, N. 931, Apto 302, BL 3","143.382,19","135.118,00",0.00,Não,"Apartamento, 69.88 de área total, 40.99 de área privativa, 0.00 de área do terreno,  2 qto(s), WC, 1 sala(s), cozinha.",Leilão SFI - Edital Único,https://venda-imoveis.caixa.gov.br/sistema/detalhe-imovel.asp?hdnimovel=8787706861632,Caixa,Imóvel
8787720626092,RS,PORTO ALEGRE,CAMPO NOVO,"RUA TOME ANTONIO DE SOUZA, N. 100, Apto 301, BLOCO 08","209.861,50","195.000,00",0.00,Não,"Apartamento, 77.39 de área total, 41.19 de área privativa, 0.00 de área do terreno,  2 qto(s), WC, 1 sala(s), cozinha, 1 vaga(s) de garagem.",Leilão SFI - Edital Único,https://venda-imoveis.caixa.gov.br/sistema/detalhe-imovel.asp?hdnimovel=8787720626092,Caixa,Imóvel
8787704120180,RS,PORTO ALEGRE,SARANDI,"AVENIDA FRANCISCO SILVEIRA BITENCOURT, N. 1818, Apto 102, TORRE 23","167.441,25","155.000,00",0.00,Não,"Apartamento, 0.00 de área total, 40.26 de área privativa, 0.00 de área do terreno.",Leilão SFI - Edital Único,https://venda-imoveis.caixa.gov.br/sistema/detalhe-imovel.asp?hdnimovel=8787704120180,Caixa,Imóvel
8787715883546,RS,PORTO ALEGRE,VILA NOVA,"ESTRADA CRISTIANO KRAEMER, N. 2021, Apto 504, BL 11 5 PAV","172.942,56","160.000,00",0.00,Não,"Apartamento, 65.43 de área total, 41.19 de área privativa, 0.00 de área do terreno,  2 qto(s), a.serv, WC, 1 sala(s), cozinha.",Leilão SFI - Edital Único,https://venda-imoveis.caixa.gov.br/sistema/detalhe-imovel.asp?hdnimovel=8787715883546,Caixa,Imóvel
8787708982860,RS,PORTO ALEGRE,RESTINGA,"RUA SABINO PEREIRA NUNES, N. 931, Apto 103, BL 8","142.000,00","130.000,00",0.00,Não,"Apartamento, 69.88 de área total, 40.99 de área privativa, 0.00 de área do terreno,  2 qto(s), a.serv, WC, 1 sala(s), cozinha.",Leilão SFI - Edital Único,https://venda-imoveis.caixa.gov.br/sistema/detalhe-imovel.asp?hdnimovel=8787708982860,Caixa,Imóvel
8444433448998,RS,PORTO ALEGRE,VILA NOVA,"ESTRADA CRISTIANO KRAEMER, N. 1863, Apto 404, BL A","149.427,82","135.000,00",0.00,Não,"Apartamento, 47.97 de área total, 38.24 de área privativa, 0.00 de área do terreno,  2 qto(s), WC, 1 sala(s), cozinha.",Leilão SFI - Edital Único,https://venda-imoveis.caixa.gov.br/sistema/detalhe-imovel.asp?hdnimovel=8444433448998,Caixa,Imóvel
8787712901730,RS,PORTO ALEGRE,RESTINGA,"RUA SABINO PEREIRA NUNES, N. 932, Apto 302, BL 13","141.925,03","128.000,00",0.00,Não,"Apartamento, 74.20 de área total, 41.19 de área privativa, 0.00 de área do terreno,  2 qto(s), WC, 1 sala(s), cozinha.",Leilão SFI - Edital Único,https://venda-imoveis.caixa.gov.br/sistema/detalhe-imovel.asp?hdnimovel=8787712901730,Caixa,Imóvel
8787718192153,RS,PORTO ALEGRE,RESTINGA,"ESTRADA JOAO ANTONIO SILVEIRA, N. 441, Apto 23, BOX 23","255.704,01","230.000,00",0.00,Não,"Apartamento, 47.62 de área total, 44.39 de área privativa, 0.00 de área do terreno,  2 qto(s), a.serv, WC, 1 sala(s), cozinha, 1 vaga(s) de garagem.",Leilão SFI - Edital Único,https://venda-imoveis.caixa.gov.br/sistema/detalhe-imovel.asp?hdnimovel=8787718192153,Caixa,Imóvel
8787719391702,RS,PORTO ALEGRE,VILA NOVA,"ESTRADA CRISTIANO KRAEMER, N. 2021, Apto 203, BLOCO 11 SEGUNDO PAVIMENTO","211.163,56","185.000,00",0.00,Não,"Apartamento, 76.63 de área total, 41.19 de área privativa, 0.00 de área do terreno,  2 qto(s), WC, 1 sala(s), cozinha, 1 vaga(s) de garagem.",Leilão SFI - Edital Único,https://venda-imoveis.caixa.gov.br/sistema/detalhe-imovel.asp?hdnimovel=8787719391702,Caixa,Imóvel
8787719374085,RS,PORTO ALEGRE,SANTA ROSA DE LIMA,"RUA JOAO PARIS, N. 452, Apto 404, BL 02 4 PAV","212.083,25","177.000,00",0.00,Não,"Apartamento, 66.99 de área total, 41.19 de área privativa, 0.00 de área do terreno,  2 qto(s), WC, 1 sala(s), cozinha.",Leilão SFI - Edital Único,https://venda-imoveis.caixa.gov.br/sistema/detalhe-imovel.asp?hdnimovel=8787719374085,Caixa,Imóvel
8787712010134,RS,PORTO ALEGRE,COSTA E SILVA,"RUA WALTER ERWIG FILHO, N. 470, Apto 404, TORRE 2, VAGA 645","270.000,00","221.600,00",0.00,Não,"Apartamento, 75.98 de área total, 44.31 de área privativa, 0.00 de área do terreno,  2 qto(s), WC, 1 sala(s), cozinha, 1 vaga(s) de garagem.",Leilão SFI - Edital Único,https://venda-imoveis.caixa.gov.br/sistema/detalhe-imovel.asp?hdnimovel=8787712010134,Caixa,Imóvel
8787718788536,RS,PORTO ALEGRE,SANTA ROSA DE LIMA,"RUA JOAO PARIS, N. 452, Apto 401, BLOCO 03","210.000,00","170.000,00",0.00,Não,"Apartamento, 66.99 de área total, 41.19 de área privativa, 0.00 de área do terreno,  2 qto(s), WC, 1 sala(s), cozinha, 1 vaga(s) de garagem.",Leilão SFI - Edital Único,https://venda-imoveis.caixa.gov.br/sistema/detalhe-imovel.asp?hdnimovel=8787718788536,Caixa,Imóvel
8787720556876,RS,PORTO ALEGRE,SANTA ROSA DE LIMA,"RUA JOAO PARIS, N. 452, Apto 503, BLOCO 10","211.473,04","170.000,00",0.00,Não,"Apartamento, 66.99 de área total, 41.19 de área privativa, 0.00 de área do terreno,  2 qto(s), WC, 1 sala(s), cozinha.",Leilão SFI - Edital Único,https://venda-imoveis.caixa.gov.br/sistema/detalhe-imovel.asp?hdnimovel=8787720556876,Caixa,Imóvel
8787719617476,RS,PORTO ALEGRE,SANTA ROSA DE LIMA,"RUA JOAO PARIS, N. 452, Apto 101, BLOCO 13","212.064,87","170.000,00",0.00,Não,"Apartamento, 66.99 de área total, 41.19 de área privativa, 0.00 de área do terreno,  2 qto(s), WC, 1 sala(s), cozinha, 1 vaga(s) de garagem.",Leilão SFI - Edital Único,https://venda-imoveis.caixa.gov.br/sistema/detalhe-imovel.asp?hdnimovel=8787719617476,Caixa,Imóvel
8787719849393,RS,PORTO ALEGRE,VILA NOVA,"ESTRADA CRISTIANO KRAEMER, N. 2021, Apto 104, BL 19 TERREO","200.967,31","157.000,00",0.00,Não,"Apartamento, 65.44 de área total, 41.19 de área privativa, 0.00 de área do terreno,  2 qto(s), WC, 1 sala(s), cozinha.",Leilão SFI - Edital Único,https://venda-imoveis.caixa.gov.br/sistema/detalhe-imovel.asp?hdnimovel=8787719849393,Caixa,Imóvel
8787718822491,RS,PORTO ALEGRE,SANTA ROSA DE LIMA,"RUA JOAO PARIS, N. 452, Apto 401, BLOCO 08","187.586,25","143.220,00",0.00,Não,"Apartamento, 66.99 de área total, 41.19 de área privativa, 0.00 de área do terreno,  2 qto(s), WC, 1 sala(s), cozinha.",Leilão SFI - Edital Único,https://venda-imoveis.caixa.gov.br/sistema/detalhe-imovel.asp?hdnimovel=8787718822491,Caixa,Imóvel
8444433714841,RS,PORTO ALEGRE,RUBEM BERTA,"RUA SATURNINO VANZELOTTI, N. 20, Apto 404, BLOCO 3","154.817,13","110.000,00",0.00,Não,"Apartamento, 49.83 de área total, 43.03 de área privativa, 0.00 de área do terreno,  1 qto(s), a.serv, WC, 1 sala(s), cozinha.",Leilão SFI - Edital Único,https://venda-imoveis.caixa.gov.br/sistema/detalhe-imovel.asp?hdnimovel=8444433714841,Caixa,Imóvel
8787720230571,RS,PORTO ALEGRE,SANTA ROSA DE LIMA,"RUA JOAO PARIS, N. 452, Apto 502, BL 09 5 PAV","211.600,80","143.220,00",0.00,Não,"Apartamento, 66.99 de área total, 41.19 de área privativa, 0.00 de área do terreno,  2 qto(s), WC, 1 sala(s), cozinha.",Leilão SFI - Edital Único,https://venda-imoveis.caixa.gov.br/sistema/detalhe-imovel.asp?hdnimovel=8787720230571,Caixa,Imóvel
8787720089984,RS,PORTO ALEGRE,SANTA ROSA DE LIMA,"RUA JOAO PARIS, N. 452, Apto 501, BLOCO 11","211.797,53","143.220,00",0.00,Não,"Apartamento, 66.99 de área total, 41.19 de área privativa, 0.00 de área do terreno,  2 qto(s), WC, 1 sala(s), cozinha.",Leilão SFI - Edital Único,https://venda-imoveis.caixa.gov.br/sistema/detalhe-imovel.asp?hdnimovel=8787720089984,Caixa,Imóvel
8787719378323,RS,PORTO ALEGRE,SANTA ROSA DE LIMA,"RUA JOAO PARIS, N. 452, Apto 403, BLOCO 02  4º PAVIMENTO","211.989,93","143.220,00",0.00,Não,"Apartamento, 66.99 de área total, 41.19 de área privativa, 0.00 de área do terreno,  2 qto(s), WC, 1 sala(s), cozinha.",Leilão SFI - Edital Único,https://venda-imoveis.caixa.gov.br/sistema/detalhe-imovel.asp?hdnimovel=8787719378323,Caixa,Imóvel
8444411798422,RS,SAO LEOPOLDO,FEITORIA,"RUA APARICIO BRITTO, N. SN, Apto 102, BL 12-B","43.868,51","110.000,00",60.12,Não,"Apartamento, 0.00 de área total, 34.66 de área privativa, 0.00 de área do terreno,  2 qto(s), a.serv, WC, 1 sala(s), cozinha, 1 vaga(s) de garagem.",Venda Direta Online,https://venda-imoveis.caixa.gov.br/sistema/detalhe-imovel.asp?hdnimovel=8444411798422,Caixa,Imóvel
8444401647901,RS,SAO LEOPOLDO,FEITORIA,"AVENIDA FEITORIA, N. S/N, Apto 102, BL 03-A","55.766,75","110.000,00",49.31,Não,"Apartamento, 0.00 de área total, 42.45 de área privativa, 0.00 de área do terreno,  2 qto(s), a.serv, WC, 1 sala(s), cozinha.",Venda Direta Online,https://venda-imoveis.caixa.gov.br/sistema/detalhe-imovel.asp?hdnimovel=8444401647901,Caixa,Imóvel
8787705238338,RS,SAO LEOPOLDO,SANTOS DUMONT,"RUA RICARDO JOAO MERKER, N. 44, Apto 401, BL 26 QD 2918 ZN 20 SETOR B","86.579,57","170.000,00",49.08,Sim,"Apartamento, 81.29 de área total, 41.19 de área privativa, 0.00 de área do terreno,  2 qto(s), WC, 1 sala(s), cozinha.",Venda Direta Online,https://venda-imoveis.caixa.gov.br/sistema/detalhe-imovel.asp?hdnimovel=8787705238338,Caixa,Imóvel
8444416274723,RS,SAO LEOPOLDO,SAO MIGUEL,"RUA OSVALDO ARANHA, N. 1571A, Apto 404, BL 03D1","68.511,10","131.800,00",48.02,Não,"Apartamento, 44.20 de área total, 40.07 de área privativa, 0.00 de área do terreno,  1 qto(s), WC, 1 sala(s), cozinha.",Venda Direta Online,https://venda-imoveis.caixa.gov.br/sistema/detalhe-imovel.asp?hdnimovel=8444416274723,Caixa,Imóvel
8787706307457,RS,SAO LEOPOLDO,SANTOS DUMONT,"RUA RICARDO JOAO MERKER, N. 44, Apto 203, BL 29","86.059,54","157.000,00",45.19,Sim,"Apartamento, 81.29 de área total, 41.19 de área privativa, 0.00 de área do terreno,  2 qto(s), WC, 1 sala(s), cozinha.",Venda Direta Online,https://venda-imoveis.caixa.gov.br/sistema/detalhe-imovel.asp?hdnimovel=8787706307457,Caixa,Imóvel
8444412311217,RS,SAO LEOPOLDO,SAO MIGUEL,"AVENIDA DOM JOAO BECKER, N. 1598, Apto 104, BL 02","85.403,76","154.000,00",44.55,Sim,"Apartamento, 44.17 de área total, 40.07 de área privativa, 0.00 de área do terreno,  2 qto(s), WC, 1 sala(s), cozinha.",Venda Direta Online,https://venda-imoveis.caixa.gov.br/sistema/detalhe-imovel.asp?hdnimovel=8444412311217,Caixa,Imóvel
8444413821456,RS,SAO LEOPOLDO,FAZENDA SAO BORJA,"RUA DILMAR LIMA FLORES, N. SN, LT 09, QD 2115","91.198,61","161.162,56",43.42,Não,"Casa, 0.00 de área total, 44.41 de área privativa, 417.24 de área do terreno,  2 qto(s), WC, 1 sala(s), cozinha, 1 vaga(s) de garagem.",Licitação Aberta,https://venda-imoveis.caixa.gov.br/sistema/detalhe-imovel.asp?hdnimovel=8444413821456,Caixa,Imóvel
1444417502560,RS,SAO LEOPOLDO,RIO DOS SINOS,"RUA ALBINO KEMPF, N. 272, Apto 701, BLOCO 1","172.074,86","300.000,00",42.65,Sim,"Apartamento, 89.18 de área total, 72.22 de área privativa, 0.00 de área do terreno,  3 qto(s), a.serv, WC, 1 sala(s), cozinha.",Venda Online,https://venda-imoveis.caixa.gov.br/sistema/detalhe-imovel.asp?hdnimovel=1444417502560,Caixa,Imóvel
8444437474519,RS,SAO LEOPOLDO,DUQUE DE CAXIAS,"RUA GENERAL OSORIO, N. 600, Apto 423,  BL 04 PAV 2","78.201,87","135.000,00",42.08,Não,"Apartamento, 47.07 de área total, 42.54 de área privativa, 0.00 de área do terreno,  2 qto(s), WC, 1 sala(s), cozinha.",Licitação Aberta,https://venda-imoveis.caixa.gov.br/sistema/detalhe-imovel.asp?hdnimovel=8444437474519,Caixa,Imóvel
1444408662576,RS,SAO LEOPOLDO,CAMPINA,"RUA OITO, N. SN, LT 06 QD 2453","168.220,11","290.000,00",42.00,Não,"Casa, 0.00 de área total, 133.12 de área privativa, 240.75 de área do terreno.",Venda Direta Online,https://venda-imoveis.caixa.gov.br/sistema/detalhe-imovel.asp?hdnimovel=1444408662576,Caixa,Imóvel
8444436691974,RS,SAO LEOPOLDO,CAMPINA,"RUA WALDEMIRO DA SILVA, N. 420, Apto 11, BL J, QD 1951,","85.477,60","146.000,00",41.46,Não,"Apartamento, 43.26 de área total, 42.50 de área privativa, 0.00 de área do terreno,  2 qto(s), WC, 1 sala(s), cozinha.",Venda Direta Online,https://venda-imoveis.caixa.gov.br/sistema/detalhe-imovel.asp?hdnimovel=8444436691974,Caixa,Imóvel
8555521805662,RS,SAO LEOPOLDO,SANTOS DUMONT,"RUA TOME DE SOUZA, N. 36, Apto 32, BL 03,  QD SN, ZN 20, ST B,","90.746,77","155.000,00",41.46,Não,"Apartamento, 52.44 de área total, 42.52 de área privativa, 0.00 de área do terreno,  2 qto(s), WC, 1 sala(s), cozinha.",Venda Online,https://venda-imoveis.caixa.gov.br/sistema/detalhe-imovel.asp?hdnimovel=8555521805662,Caixa,Imóvel
8787717504330,RS,SAO LEOPOLDO,SANTOS DUMONT,"AVENIDA LIONS SCHARLAU, N. 131, Apto 203, BL 15 VG 222","100.148,49","169.000,00",40.75,Não,"Apartamento, 82.74 de área total, 40.82 de área privativa, 0.00 de área do terreno,  2 qto(s), WC, 1 sala(s), cozinha, 1 vaga(s) de garagem.",Licitação Aberta,https://venda-imoveis.caixa.gov.br/sistema/detalhe-imovel.asp?hdnimovel=8787717504330,Caixa,Imóvel
8051100528625,RS,SAO LEOPOLDO,SAO MIGUEL,"AV TOMAZ EDISON, N. 3900-A, Apto 401, BL 02","73.583,88","123.000,00",40.18,Sim,"Apartamento, 62.98 de área total, 47.13 de área privativa, 0.00 de área do terreno,  2 qto(s), WC, 1 sala(s), cozinha.",Venda Online,https://venda-imoveis.caixa.gov.br/sistema/detalhe-imovel.asp?hdnimovel=8051100528625,Caixa,Imóvel
8555526126518,RS,SAO LEOPOLDO,SANTOS DUMONT,"RUA TOME DE SOUZA, N. 100, Apto 104, BL 12","123.904,77","205.000,00",39.56,Sim,"Apartamento, 138.61 de área total, 101.81 de área privativa, 0.00 de área do terreno,  2 qto(s), a.serv, WC, 1 sala(s), cozinha.",Venda Online,https://venda-imoveis.caixa.gov.br/sistema/detalhe-imovel.asp?hdnimovel=8555526126518,Caixa,Imóvel
10222635,RS,SAO LEOPOLDO,FEITORIA,"AVENIDA ALBINO TIMM, N. 00, QD 2064, LT 01","165.349,49","273.102,45",39.46,Não,"Casa, 0.00 de área total, 85.00 de área privativa, 200.00 de área do terreno.",Venda Online,https://venda-imoveis.caixa.gov.br/sistema/detalhe-imovel.asp?hdnimovel=10222635,Caixa,Imóvel
8444408854961,RS,SAO LEOPOLDO,PINHEIRO,"AVENIDA IMPERATRIZ LEOPOLDINA, N. 2500, Apto 258, BL 02 5 PAV","85.466,19","140.000,00",38.96,Não,"Apartamento, 47.53 de área total, 43.60 de área privativa, 0.00 de área do terreno,  2 qto(s), a.serv, WC, 1 sala(s), cozinha.",Licitação Aberta,https://venda-imoveis.caixa.gov.br/sistema/detalhe-imovel.asp?hdnimovel=8444408854961,Caixa,Imóvel
8444409333485,RS,SAO LEOPOLDO,CAMPESTRE,"RUA OSCAR RIETH, N. 271, CS 01 QD 1675 LT 08","157.974,56","258.000,00",38.77,Não,"Casa, 105.50 de área total, 45.50 de área privativa, 171.60 de área do terreno,  1 qto(s), a.serv, WC, 1 sala(s), cozinha.",Licitação Aberta,https://venda-imoveis.caixa.gov.br/sistema/detalhe-imovel.asp?hdnimovel=8444409333485,Caixa,Imóvel
10285646,RS,SAO LEOPOLDO,SCHARLAU,"RUA IPIRANGA, N. 234, QD O, LT 05-11","945.774,42","1.484.000,00",36.27,Sim,"Galpão, 0.00 de área total, 861.59 de área privativa, 780.00 de área do terreno.",Venda Online,https://venda-imoveis.caixa.gov.br/sistema/detalhe-imovel.asp?hdnimovel=10285646,Caixa,Imóvel
1444405139775,RS,SAO LEOPOLDO,SANTOS DUMONT,"RUA SAO SIMAO, N. 178, LT 18 QD 286","363.269,15","570.000,00",36.27,Sim,"Casa, 300.00 de área total, 300.00 de área privativa, 300.00 de área do terreno, WC.",Venda Direta Online,https://venda-imoveis.caixa.gov.br/sistema/detalhe-imovel.asp?hdnimovel=1444405139775,Caixa,Imóvel
8444406197777,RS,SAO LEOPOLDO,SAO MIGUEL,"RUA OSVALDO ARANHA, N. 1571, Apto 404, BL 04 D1","92.713,48","141.000,00",34.25,Não,"Apartamento, 44.20 de área total, 40.07 de área privativa, 0.00 de área do terreno,  2 qto(s), WC, 1 sala(s), cozinha.",Leilão SFI - Edital Único,https://venda-imoveis.caixa.gov.br/sistema/detalhe-imovel.asp?hdnimovel=8444406197777,Caixa,Imóvel
8444433105330,RS,SAO LEOPOLDO,FEITORIA,"AVENIDA FEITORIA, N. 5518, Apto 102, BL F BOX 61","118.226,10","169.000,00",30.05,Não,"Apartamento, 61.13 de área total, 54.08 de área privativa, 0.00 de área do terreno,  2 qto(s), WC, 1 sala(s), cozinha, 1 vaga(s) de garagem.",Leilão SFI - Edital Único,https://venda-imoveis.caixa.gov.br/sistema/detalhe-imovel.asp?hdnimovel=8444433105330,Caixa,Imóvel
8787702024477,RS,SAO LEOPOLDO,SANTO ANDRE,"RUA CORONEL BORDINI, N. 1151, Apto 504, BL 11 BOX 296","128.786,47","134.000,00",3.90,Não,"Apartamento, 89.93 de área total, 40.23 de área privativa, 0.00 de área do terreno,  2 qto(s), WC, cozinha, 1 vaga(s) de garagem.",Leilão SFI - Edital Único,https://venda-imoveis.caixa.gov.br/sistema/detalhe-imovel.asp?hdnimovel=8787702024477,Caixa,Imóvel
8787701223310,RS,SAO LEOPOLDO,FEITORIA,"RUA ODILO ALOYSIO DAUDT, N. 1199, Apto 53, BL B VG 10 5 PAV","210.000,00","210.000,00",0.00,Não,"Apartamento, 0.00 de área total, 63.24 de área privativa, 0.00 de área do terreno,  2 qto(s), a.serv, WC, 1 sala(s), cozinha, 1 vaga(s) de garagem.",Leilão SFI - Edital Único,https://venda-imoveis.caixa.gov.br/sistema/detalhe-imovel.asp?hdnimovel=8787701223310,Caixa,Imóvel
8787701804606,RS,SAO LEOPOLDO,FEITORIA,"RUA ANGOLA, N. 99,","235.000,00","235.000,00",0.00,Não,"Casa, 110.81 de área total, 61.02 de área privativa, 95.40 de área do terreno,  2 qto(s), a.serv, WC, 1 sala(s), cozinha.",Leilão SFI - Edital Único,https://venda-imoveis.caixa.gov.br/sistema/detalhe-imovel.asp?hdnimovel=8787701804606,Caixa,Imóvel
8787707693903,RS,SAO LEOPOLDO,FEITORIA,"RUA ANGOLA, N. 99, UNIDADE HABITACIONAL 05","235.000,00","235.000,00",0.00,Não,"Casa, 137.18 de área total, 55.41 de área privativa, 110.70 de área do terreno,  2 qto(s), a.serv, 1 sala(s), cozinha.",Leilão SFI - Edital Único,https://venda-imoveis.caixa.gov.br/sistema/detalhe-imovel.asp?hdnimovel=8787707693903,Caixa,Imóvel
8444420191128,RS,SAO LEOPOLDO,ARROIO DA MANTEIGA,"RUA RIO GUAIBA, N. 426, Apto 302, LT 02, O3 E 04, QD 2892","120.000,00","120.000,00",0.00,Não,"Apartamento, 53.96 de área total, 31.33 de área privativa, 0.00 de área do terreno,  1 qto(s), a.serv, WC, 1 sala(s), cozinha.",Leilão SFI - Edital Único,https://venda-imoveis.caixa.gov.br/sistema/detalhe-imovel.asp?hdnimovel=8444420191128,Caixa,Imóvel
8444418568929,RS,SAO LEOPOLDO,SAO MIGUEL,"RUA N, N. 35, LT 04, QD OA, LOT PAIM II","155.000,00","155.000,00",0.00,Não,"Casa, 39.10 de área total, 39.10 de área privativa, 160.00 de área do terreno,  2 qto(s), WC, 1 sala(s), cozinha.",Leilão SFI - Edital Único,https://venda-imoveis.caixa.gov.br/sistema/detalhe-imovel.asp?hdnimovel=8444418568929,Caixa,Imóvel
8555531217542,RS,SAO LEOPOLDO,SANTOS DUMONT,"RUA TOME DE SOUZA, N. 100, Apto 201, BL 21, ZONA 20, SETOR B,","185.000,00","185.000,00",0.00,Não,"Apartamento, 88.37 de área total, 52.38 de área privativa, 0.00 de área do terreno,  3 qto(s), varanda, WC, 1 sala(s), cozinha.",Leilão SFI - Edital Único,https://venda-imoveis.caixa.gov.br/sistema/detalhe-imovel.asp?hdnimovel=8555531217542,Caixa,Imóvel
8787700552816,RS,SAO LEOPOLDO,SANTOS DUMONT,"RUA RICARDO JOAO MERKER, N. 44, Apto 204, BL 03","175.000,00","175.000,00",0.00,Não,"Apartamento, 81.28 de área total, 41.19 de área privativa, 0.00 de área do terreno,  2 qto(s), WC, 1 sala(s), cozinha.",Leilão SFI - Edital Único,https://venda-imoveis.caixa.gov.br/sistema/detalhe-imovel.asp?hdnimovel=8787700552816,Caixa,Imóvel
8787704152995,RS,SAO LEOPOLDO,SANTOS DUMONT,"RUA RICARDO JOAO MERKER, N. 44, Apto 102, BL 23","140.000,00","140.000,00",0.00,Não,"Apartamento, 81.28 de área total, 41.19 de área privativa, 0.00 de área do terreno,  2 qto(s), WC, 1 sala(s), cozinha.",Leilão SFI - Edital Único,https://venda-imoveis.caixa.gov.br/sistema/detalhe-imovel.asp?hdnimovel=8787704152995,Caixa,Imóvel
8787708291485,RS,SAO LEOPOLDO,SANTOS DUMONT,"AVENIDA LIONS SCHARLAU, N. 343, Apto 403, BL 01 VG 11","165.000,00","165.000,00",0.00,Não,"Apartamento, 83.72 de área total, 40.82 de área privativa, 0.00 de área do terreno,  2 qto(s), WC, 1 sala(s), cozinha, 1 vaga(s) de garagem.",Leilão SFI - Edital Único,https://venda-imoveis.caixa.gov.br/sistema/detalhe-imovel.asp?hdnimovel=8787708291485,Caixa,Imóvel
8787713281727,RS,SAO LEOPOLDO,SANTOS DUMONT,"AVENIDA LIONS SCHARLAU, N. 131, Apto 504, BL 13 VG 389","155.000,00","155.000,00",0.00,Não,"Apartamento, 82.74 de área total, 40.82 de área privativa, 0.00 de área do terreno,  2 qto(s), WC, 1 sala(s), cozinha, 1 vaga(s) de garagem.",Leilão SFI - Edital Único,https://venda-imoveis.caixa.gov.br/sistema/detalhe-imovel.asp?hdnimovel=8787713281727,Caixa,Imóvel
8787713971324,RS,SAO LEOPOLDO,SANTOS DUMONT,"AVENIDA LIONS SCHARLAU, N. 131, Apto 504, BLOCO 10","185.000,00","185.000,00",0.00,Não,"Apartamento, 82.74 de área total, 40.82 de área privativa, 0.00 de área do terreno,  2 qto(s), WC, 1 sala(s), cozinha, 1 vaga(s) de garagem.",Leilão SFI - Edital Único,https://venda-imoveis.caixa.gov.br/sistema/detalhe-imovel.asp?hdnimovel=8787713971324,Caixa,Imóvel
8787714527606,RS,SAO LEOPOLDO,SANTOS DUMONT,"AVENIDA LIONS SCHARLAU, N. 343, Apto 503, BL 3 5° PAV VAGA 59","165.000,00","165.000,00",0.00,Não,"Apartamento, 83.72 de área total, 40.82 de área privativa, 0.00 de área do terreno,  2 qto(s), WC, 1 sala(s), cozinha, 1 vaga(s) de garagem.",Leilão SFI - Edital Único,https://venda-imoveis.caixa.gov.br/sistema/detalhe-imovel.asp?hdnimovel=8787714527606,Caixa,Imóvel
8787714619934,RS,SAO LEOPOLDO,SANTOS DUMONT,"AVENIDA LIONS SCHARLAU, N. 343, Apto 402, BLOCO 11 VAGA  249","165.005,42","165.000,00",0.00,Não,"Apartamento, 83.72 de área total, 40.82 de área privativa, 0.00 de área do terreno,  2 qto(s), WC, 1 sala(s), cozinha, 1 vaga(s) de garagem.",Leilão SFI - Edital Único,https://venda-imoveis.caixa.gov.br/sistema/detalhe-imovel.asp?hdnimovel=8787714619934,Caixa,Imóvel
8787700802898,RS,SAO LEOPOLDO,SANTOS DUMONT,"RUA RICARDO JOAO MERKER, N. 44, Apto 402, BL 03","145.330,89","140.000,00",0.00,Não,"Apartamento, 81.28 de área total, 41.19 de área privativa, 0.00 de área do terreno,  2 qto(s), WC, 1 sala(s), cozinha.",Leilão SFI - Edital Único,https://venda-imoveis.caixa.gov.br/sistema/detalhe-imovel.asp?hdnimovel=8787700802898,Caixa,Imóvel
8444402955154,RS,SAO LEOPOLDO,CENTRO,"RUA BRASIL, N. 885, Apto 202, 2 PAV","116.275,40","110.000,00",0.00,Não,"Apartamento, 61.84 de área total, 51.61 de área privativa, 0.00 de área do terreno,  1 qto(s), WC, 1 sala(s), cozinha.",Leilão SFI - Edital Único,https://venda-imoveis.caixa.gov.br/sistema/detalhe-imovel.asp?hdnimovel=8444402955154,Caixa,Imóvel
8444431176079,RS,SAO LEOPOLDO,SANTOS DUMONT,"RUA RICARDO JOAO MERKER, N. 44, Apto 504, BL 36","145.830,94","134.000,00",0.00,Não,"Apartamento, 81.28 de área total, 41.19 de área privativa, 0.00 de área do terreno,  2 qto(s), WC, 1 sala(s), cozinha.",Leilão SFI - Edital Único,https://venda-imoveis.caixa.gov.br/sistema/detalhe-imovel.asp?hdnimovel=8444431176079,Caixa,Imóvel
8787706708680,RS,SAO LEOPOLDO,SANTOS DUMONT,"RUA RICARDO JOAO MERKER, N. 44, Apto 504, BL 31, LT SN, QD 2918,","144.455,81","132.000,00",0.00,Não,"Apartamento, 81.29 de área total, 41.19 de área privativa, 0.00 de área do terreno,  2 qto(s), WC, 1 sala(s), cozinha.",Leilão SFI - Edital Único,https://venda-imoveis.caixa.gov.br/sistema/detalhe-imovel.asp?hdnimovel=8787706708680,Caixa,Imóvel
8787717522664,RS,SAO LEOPOLDO,SANTOS DUMONT,"AVENIDA LIONS SCHARLAU, N. 131, Apto 203, BLOCO 12 VAGA 143","193.904,80","175.000,00",0.00,Não,"Apartamento, 82.74 de área total, 40.82 de área privativa, 0.00 de área do terreno,  2 qto(s), WC, 1 sala(s), cozinha, 1 vaga(s) de garagem.",Leilão SFI - Edital Único,https://venda-imoveis.caixa.gov.br/sistema/detalhe-imovel.asp?hdnimovel=8787717522664,Caixa,Imóvel
8787710747245,RS,SAO LEOPOLDO,SANTOS DUMONT,"RUA RICARDO JOAO MERKER, N. 44, Apto 103, BLOCO 33","139.150,23","125.000,00",0.00,Não,"Apartamento, 81.29 de área total, 41.19 de área privativa, 0.00 de área do terreno,  2 qto(s), WC, 1 sala(s), cozinha, 1 vaga(s) de garagem.",Leilão SFI - Edital Único,https://venda-imoveis.caixa.gov.br/sistema/detalhe-imovel.asp?hdnimovel=8787710747245,Caixa,Imóvel
8787716440788,RS,SAO LEOPOLDO,SANTOS DUMONT,"AVENIDA LIONS SCHARLAU, N. 131, Apto 203, BLOCO 08 VAGA 350","195.522,27","171.000,00",0.00,Não,"Apartamento, 82.74 de área total, 40.82 de área privativa, 0.00 de área do terreno,  2 qto(s), WC, 1 sala(s), cozinha, 1 vaga(s) de garagem.",Leilão SFI - Edital Único,https://venda-imoveis.caixa.gov.br/sistema/detalhe-imovel.asp?hdnimovel=8787716440788,Caixa,Imóvel
8444428235426,RS,SAO LEOPOLDO,SAO MIGUEL,"AVENIDA TOMAZ EDISON, N. 3500, Apto 402, BL 32","166.594,30","143.000,00",0.00,Não,"Apartamento, 0.00 de área total, 42.64 de área privativa, 0.00 de área do terreno,  2 qto(s), WC, 1 sala(s), cozinha, 1 vaga(s) de garagem.",Leilão SFI - Edital Único,https://venda-imoveis.caixa.gov.br/sistema/detalhe-imovel.asp?hdnimovel=8444428235426,Caixa,Imóvel
1444420601298,RS,SAO LEOPOLDO,ARROIO DA MANTEIGA,"RUA MECA, N. 320, LT 06 QD 01","616.027,50","528.000,00",0.00,Não,"Casa, 139.60 de área total, 119.60 de área privativa, 330.00 de área do terreno,  3 qto(s), a.serv, WC, 1 sala(s), cozinha.",Leilão SFI - Edital Único,https://venda-imoveis.caixa.gov.br/sistema/detalhe-imovel.asp?hdnimovel=1444420601298,Caixa,Imóvel
8787719205950,RS,SAO LEOPOLDO,SANTOS DUMONT,"AVENIDA LIONS SCHARLAU, N. 131, Apto 404, BLOCO 03 VAGA 83","202.338,62","172.000,00",0.00,Não,"Apartamento, 82.74 de área total, 40.82 de área privativa, 0.00 de área do terreno,  2 qto(s), WC, 1 sala(s), cozinha, 1 vaga(s) de garagem.",Leilão SFI - Edital Único,https://venda-imoveis.caixa.gov.br/sistema/detalhe-imovel.asp?hdnimovel=8787719205950,Caixa,Imóvel
8787717144740,RS,SAO LEOPOLDO,SANTOS DUMONT,"AVENIDA LIONS SCHARLAU, N. 131, Apto 303, BL 11 VG 127","194.358,11","165.000,00",0.00,Não,"Apartamento, 82.74 de área total, 40.82 de área privativa, 0.00 de área do terreno,  2 qto(s), WC, 1 sala(s), cozinha, 1 vaga(s) de garagem.",Leilão SFI - Edital Único,https://venda-imoveis.caixa.gov.br/sistema/detalhe-imovel.asp?hdnimovel=8787717144740,Caixa,Imóvel
8787720499147,RS,SAO LEOPOLDO,SANTOS DUMONT,"AVENIDA LIONS SCHARLAU, N. 131, Apto 201, BL 21 VG 169","214.040,79","175.000,00",0.00,Não,"Apartamento, 82.74 de área total, 40.82 de área privativa, 0.00 de área do terreno,  2 qto(s), WC, 1 sala(s), cozinha, 1 vaga(s) de garagem.",Leilão SFI - Edital Único,https://venda-imoveis.caixa.gov.br/sistema/detalhe-imovel.asp?hdnimovel=8787720499147,Caixa,Imóvel
8787718631424,RS,SAO LEOPOLDO,SANTOS DUMONT,"AVENIDA LIONS SCHARLAU, N. 131, Apto 504, BL 03 VG 87","192.091,53","155.000,00",0.00,Não,"Apartamento, 82.74 de área total, 40.82 de área privativa, 0.00 de área do terreno,  2 qto(s), WC, 1 sala(s), cozinha, 1 vaga(s) de garagem.",Leilão SFI - Edital Único,https://venda-imoveis.caixa.gov.br/sistema/detalhe-imovel.asp?hdnimovel=8787718631424,Caixa,Imóvel
1555519675686,RS,SAO LEOPOLDO,FEITORIA,"RUA JORGE SCHUCH, N. 317, LOTES 18/19, QUADRA 1183","431.000,00","303.000,00",0.00,Sim,"Terreno, 0.00 de área total, 0.00 de área privativa, 792.00 de área do terreno.",Leilão SFI - Edital Único,https://venda-imoveis.caixa.gov.br/sistema/detalhe-imovel.asp?hdnimovel=1555519675686,Caixa,Imóvel
8444434799166,RS,SAO LEOPOLDO,CAMPESTRE,"RUA WALTER ROST, N. SN, PARTE LT 08 QD A","231.795,72","105.000,00",0.00,Não,"Terreno, 0.00 de área total, 0.00 de área privativa, 160.48 de área do terreno.",Leilão SFI - Edital Único,https://venda-imoveis.caixa.gov.br/sistema/detalhe-imovel.asp?hdnimovel=8444434799166,Caixa,Imóvel
8444422250857,RS,SAPUCAIA DO SUL,COHAB,"RUA DAVID MACHADO, N. SN, Apto 408, BL 29, SETOR 04G68","41.787,14","118.000,00",64.59,Não,"Apartamento, 0.00 de área total, 38.64 de área privativa, 0.00 de área do terreno,  2 qto(s), WC, 1 sala(s), cozinha.",Venda Direta Online,https://venda-imoveis.caixa.gov.br/sistema/detalhe-imovel.asp?hdnimovel=8444422250857,Caixa,Imóvel
8444414692900,RS,SAPUCAIA DO SUL,COHAB,"RUA MATHEUS RIBEIRO, N. S/N, Apto 405, BL 16","32.204,10","90.000,00",64.22,Não,"Apartamento, 0.00 de área total, 28.14 de área privativa, 0.00 de área do terreno,  2 qto(s), a.serv, WC, 1 sala(s), cozinha.",Venda Direta Online,https://venda-imoveis.caixa.gov.br/sistema/detalhe-imovel.asp?hdnimovel=8444414692900,Caixa,Imóvel
8444413372244,RS,SAPUCAIA DO SUL,COHAB,"RUA DORALINO DE OLIVEIRA, N. 0, Apto 406, BL 18, ESTR FEDERAL BR-116, KM 21","38.513,13","104.000,00",62.97,Não,"Apartamento, 0.00 de área total, 38.64 de área privativa, 0.00 de área do terreno,  2 qto(s), WC, 1 sala(s), cozinha.",Venda Direta Online,https://venda-imoveis.caixa.gov.br/sistema/detalhe-imovel.asp?hdnimovel=8444413372244,Caixa,Imóvel
8444415796335,RS,SAPUCAIA DO SUL,COHAB,"RUA MATHEUS RIBEIRO, N. 0, Apto 401, BL 13  QD ALFA","38.961,84","90.000,00",56.71,Não,"Apartamento, 0.00 de área total, 38.70 de área privativa, 0.00 de área do terreno,  2 qto(s), WC, 1 sala(s), cozinha.",Venda Direta Online,https://venda-imoveis.caixa.gov.br/sistema/detalhe-imovel.asp?hdnimovel=8444415796335,Caixa,Imóvel
8444405870753,RS,SAPUCAIA DO SUL,COHAB,"RUA MATHEUS RIBEIRO, N. SN, Apto 103, BL 13","44.743,68","103.000,00",56.56,Não,"Apartamento, 0.00 de área total, 38.70 de área privativa, 0.00 de área do terreno,  2 qto(s), WC, 1 sala(s), cozinha, Terraco.",Venda Direta Online,https://venda-imoveis.caixa.gov.br/sistema/detalhe-imovel.asp?hdnimovel=8444405870753,Caixa,Imóvel
8444423401018,RS,SAPUCAIA DO SUL,COHAB,"RUA CELESTE CATTO, N. SN, Apto 408, BL 37 LT 06 QD 01 SETOR 04G78","46.193,63","95.900,00",51.84,Não,"Apartamento, 0.00 de área total, 38.64 de área privativa, 0.00 de área do terreno.",Venda Direta Online,https://venda-imoveis.caixa.gov.br/sistema/detalhe-imovel.asp?hdnimovel=8444423401018,Caixa,Imóvel
8444408925931,RS,SAPUCAIA DO SUL,VARGAS,"RUA ENI CAMARGO ALVES, N. SN, LT 23 QD 15 SETOR 04H47","69.424,44","142.000,00",51.11,Sim,"Casa, 36.96 de área total, 36.96 de área privativa, 156.76 de área do terreno,  1 qto(s), WC, 1 sala(s), cozinha.",Venda Online,https://venda-imoveis.caixa.gov.br/sistema/detalhe-imovel.asp?hdnimovel=8444408925931,Caixa,Imóvel
8444416176624,RS,SAPUCAIA DO SUL,COHAB,"RUA RODOLFO HICKMANN, N. SN, Apto 108, BL 02","56.655,96","108.560,99",47.82,Não,"Apartamento, 38.70 de área total, 38.70 de área privativa, 0.00 de área do terreno,  2 qto(s), WC, 1 sala(s), cozinha.",Venda Direta Online,https://venda-imoveis.caixa.gov.br/sistema/detalhe-imovel.asp?hdnimovel=8444416176624,Caixa,Imóvel
8444407851241,RS,SAPUCAIA DO SUL,COHAB,"RUA DAVID MACHADO, N. SN, Apto 104, BL 29","39.763,52","75.000,00",46.99,Não,"Apartamento, 36.75 de área total, 33.66 de área privativa, 0.00 de área do terreno,  1 qto(s), a.serv, WC, 1 sala(s), cozinha.",Venda Direta Online,https://venda-imoveis.caixa.gov.br/sistema/detalhe-imovel.asp?hdnimovel=8444407851241,Caixa,Imóvel
8444423099192,RS,SAPUCAIA DO SUL,COHAB,"RUA MATHEUS RIBEIRO, N. SN, Apto 104, BL 13","40.823,88","77.000,00",46.99,Não,"Apartamento, 36.75 de área total, 33.66 de área privativa, 0.00 de área do terreno,  2 qto(s), a.serv, WC, 1 sala(s), cozinha.",Venda Direta Online,https://venda-imoveis.caixa.gov.br/sistema/detalhe-imovel.asp?hdnimovel=8444423099192,Caixa,Imóvel
8444427898847,RS,SAPUCAIA DO SUL,COHAB,"RUA DAVID MACHADO, N. SN, Apto 207, BL 26","58.420,26","110.000,00",46.90,Não,"Apartamento, 42.18 de área total, 38.64 de área privativa, 0.00 de área do terreno,  2 qto(s), WC, 1 sala(s), cozinha.",Venda Direta Online,https://venda-imoveis.caixa.gov.br/sistema/detalhe-imovel.asp?hdnimovel=8444427898847,Caixa,Imóvel
8444426570929,RS,SAPUCAIA DO SUL,COHAB,"ESTRADA FEDERAL BR-116 KM 21, N. S/N, Apto 305, BLOCO 41","44.062,06","82.000,00",46.27,Não,"Apartamento, 30.98 de área total, 28.38 de área privativa, 0.00 de área do terreno,  1 qto(s), WC, 1 sala(s), cozinha.",Venda Direta Online,https://venda-imoveis.caixa.gov.br/sistema/detalhe-imovel.asp?hdnimovel=8444426570929,Caixa,Imóvel
8444425488714,RS,SAPUCAIA DO SUL,COHAB,"R DAVID MACHADO, N. S/N, Apto 204, BL 32","71.654,14","125.000,00",42.68,Sim,"Apartamento, 42.18 de área total, 38.64 de área privativa, 0.00 de área do terreno,  2 qto(s), WC, 1 sala(s), cozinha.",Venda Online,https://venda-imoveis.caixa.gov.br/sistema/detalhe-imovel.asp?hdnimovel=8444425488714,Caixa,Imóvel
8444432178857,RS,SAPUCAIA DO SUL,IPIRANGA,"AVENIDA CORONEL THEODOMIRO PORTO DA FONS, N. 2435, Apto 551, BL 5 LT 22 QD 1 SETOR 04H51","90.133,64","156.000,00",42.23,Sim,"Apartamento, 47.20 de área total, 42.54 de área privativa, 0.00 de área do terreno,  2 qto(s), WC, 1 sala(s), cozinha.",Venda Direta Online,https://venda-imoveis.caixa.gov.br/sistema/detalhe-imovel.asp?hdnimovel=8444432178857,Caixa,Imóvel
8444424639727,RS,SAPUCAIA DO SUL,COHAB,"R DAVID MACHADO, N. S/N, Apto 105, BL 26","47.053,76","81.000,00",41.91,Não,"Apartamento, 30.99 de área total, 28.38 de área privativa, 0.00 de área do terreno,  1 qto(s), WC, 1 sala(s), cozinha.",Venda Direta Online,https://venda-imoveis.caixa.gov.br/sistema/detalhe-imovel.asp?hdnimovel=8444424639727,Caixa,Imóvel
8444409451569,RS,SAPUCAIA DO SUL,COHAB,"RUA DAVID MACHADO, N. SN, Apto 305, BL 26","43.717,15","74.000,00",40.93,Não,"Apartamento, 30.98 de área total, 28.38 de área privativa, 0.00 de área do terreno,  1 qto(s), WC, 1 sala(s), cozinha.",Venda Direta Online,https://venda-imoveis.caixa.gov.br/sistema/detalhe-imovel.asp?hdnimovel=8444409451569,Caixa,Imóvel
8555534774302,RS,SAPUCAIA DO SUL,BAIRRO KURASHIKI,"AVENIDA LUCIO BITTENCOURT, N. 1410, Apto 303, PAV 3","104.296,65","176.000,00",40.75,Não,"Apartamento, 0.00 de área total, 50.15 de área privativa, 0.00 de área do terreno, 1 vaga(s) de garagem.",Licitação Aberta,https://venda-imoveis.caixa.gov.br/sistema/detalhe-imovel.asp?hdnimovel=8555534774302,Caixa,Imóvel
8555518648900,RS,SAPUCAIA DO SUL,PASQUALINI,"RUA H32 H32 1181, N. 417, Apto 202, BL22","96.480,42","162.810,16",40.75,Não,"Apartamento, 0.00 de área total, 38.81 de área privativa, 0.00 de área do terreno,  2 qto(s), a.serv, WC, 1 sala(s), cozinha.",Licitação Aberta,https://venda-imoveis.caixa.gov.br/sistema/detalhe-imovel.asp?hdnimovel=8555518648900,Caixa,Imóvel
8787711654720,RS,SAPUCAIA DO SUL,NOVA SAPUCAIA,"AVENIDA AMERICO VESPUCIO, N. 471, Apto 23, BL N PAV 2","95.342,55","160.890,00",40.75,Não,"Apartamento, 47.44 de área total, 54.17 de área privativa, 0.00 de área do terreno,  2 qto(s), a.serv, WC, 1 sala(s), cozinha, 1 vaga(s) de garagem.",Licitação Aberta,https://venda-imoveis.caixa.gov.br/sistema/detalhe-imovel.asp?hdnimovel=8787711654720,Caixa,Imóvel
8787715741245,RS,SAPUCAIA DO SUL,NOVA SAPUCAIA,"AVENIDA AMERICO VESPUCIO, N. 471, Apto 41, BL F, VAGA 76","103.704,06","175.000,00",40.75,Sim,"Apartamento, 58.96 de área total, 42.65 de área privativa, 0.00 de área do terreno,  2 qto(s), WC, 1 sala(s), cozinha, 1 vaga(s) de garagem.",Venda Online,https://venda-imoveis.caixa.gov.br/sistema/detalhe-imovel.asp?hdnimovel=8787715741245,Caixa,Imóvel
8787706225434,RS,SAPUCAIA DO SUL,SETE,"AVENIDA JUSTINO CAMBOIM, N. 1049, Apto 404, BL 04 AP 404 VG 114","101.926,27","172.000,00",40.75,Não,"Apartamento, 82.89 de área total, 39.62 de área privativa, 0.00 de área do terreno,  2 qto(s), varanda, a.serv, WC, 1 sala(s), cozinha, 1 vaga(s) de garagem.",Licitação Aberta,https://venda-imoveis.caixa.gov.br/sistema/detalhe-imovel.asp?hdnimovel=8787706225434,Caixa,Imóvel
8787706404851,RS,SAPUCAIA DO SUL,IPIRANGA,"RUA PEJUCARA, N. 36, Apto 206, TORRE A FIGUEIRA 1 ANDAR OU 2 PAV VG 2","98.963,30","167.000,00",40.75,Não,"Apartamento, 62.36 de área total, 45.35 de área privativa, 0.00 de área do terreno,  2 qto(s), WC, 1 sala(s), cozinha, 1 vaga(s) de garagem.",Licitação Aberta,https://venda-imoveis.caixa.gov.br/sistema/detalhe-imovel.asp?hdnimovel=8787706404851,Caixa,Imóvel
8555538264376,RS,SAPUCAIA DO SUL,IPIRANGA,"RUA CRISTAL, N. 75,","132.970,97","220.000,00",39.56,Sim,"Casa, 52.78 de área total, 52.78 de área privativa, 80.00 de área do terreno,  2 qto(s), a.serv, WC, 1 sala(s), cozinha, 1 vaga(s) de garagem.",Venda Online,https://venda-imoveis.caixa.gov.br/sistema/detalhe-imovel.asp?hdnimovel=8555538264376,Caixa,Imóvel
8444405745355,RS,SAPUCAIA DO SUL,PASQUALINI,"RUA DONA ERNESTINA, N. 417, Apto 504, BL 13","88.518,56","145.000,00",38.96,Sim,"Apartamento, 75.25 de área total, 38.81 de área privativa, 0.00 de área do terreno,  2 qto(s), WC, 1 sala(s), cozinha.",Venda Online,https://venda-imoveis.caixa.gov.br/sistema/detalhe-imovel.asp?hdnimovel=8444405745355,Caixa,Imóvel
8444408916452,RS,SAPUCAIA DO SUL,PASQUALINI,"RUA DONA ERNESTINA, N. 417, Apto 502, BL 09 LT 01 QD 12","92.181,39","151.000,00",38.96,Não,"Apartamento, 75.25 de área total, 38.81 de área privativa, 0.00 de área do terreno,  2 qto(s), WC, 1 sala(s), cozinha.",Licitação Aberta,https://venda-imoveis.caixa.gov.br/sistema/detalhe-imovel.asp?hdnimovel=8444408916452,Caixa,Imóvel
8444406923770,RS,SAPUCAIA DO SUL,PASQUALINI,"RUA H32-H31-1181, N. 417, Apto 501, BL 13","98.816,70","160.000,00",38.24,Sim,"Apartamento, 75.25 de área total, 38.81 de área privativa, 0.00 de área do terreno,  2 qto(s), a.serv, WC, 1 sala(s), cozinha.",Venda Online,https://venda-imoveis.caixa.gov.br/sistema/detalhe-imovel.asp?hdnimovel=8444406923770,Caixa,Imóvel
1444401302108,RS,SAPUCAIA DO SUL,CAPAO DA CRUZ,"RUA JACOB SCHIMIDT, N. 43, LT 26 QD 13 SETOR 04H03","299.537,72","470.000,00",36.27,Sim,"Casa, 203.80 de área total, 203.80 de área privativa, 300.00 de área do terreno,  5 qto(s), a.serv, WC, 1 sala(s), cozinha, Terraco.",Licitação Aberta,https://venda-imoveis.caixa.gov.br/sistema/detalhe-imovel.asp?hdnimovel=1444401302108,Caixa,Imóvel
8444408637308,RS,SAPUCAIA DO SUL,PASQUALINI,"RUA DONA ERNESTINA, N. 417, Apto 403, BLOCO 14","128.000,00","128.000,00",0.00,Não,"Apartamento, 0.00 de área total, 38.81 de área privativa, 0.00 de área do terreno,  2 qto(s), WC, 1 sala(s), cozinha, 1 vaga(s) de garagem.",Leilão SFI - Edital Único,https://venda-imoveis.caixa.gov.br/sistema/detalhe-imovel.asp?hdnimovel=8444408637308,Caixa,Imóvel
8444432574655,RS,SAPUCAIA DO SUL,NOVA SAPUCAIA,"AVENIDA AMERICO VESPUCIO, N. 591, Apto 336, BL 3 3 PAV","170.000,00","170.000,00",0.00,Não,"Apartamento, 48.02 de área total, 44.05 de área privativa, 0.00 de área do terreno,  2 qto(s), WC, 1 sala(s), cozinha.",Leilão SFI - Edital Único,https://venda-imoveis.caixa.gov.br/sistema/detalhe-imovel.asp?hdnimovel=8444432574655,Caixa,Imóvel
8555527473467,RS,SAPUCAIA DO SUL,KURASHIKI,"AVENIDA LUCIO BITTENCOURT, N. 1410, Apto 306, BL 02 VG 460","195.000,00","195.000,00",0.00,Não,"Apartamento, 68.74 de área total, 47.05 de área privativa, 0.00 de área do terreno,  2 qto(s), WC, 1 sala(s), cozinha, 1 vaga(s) de garagem.",Leilão SFI - Edital Único,https://venda-imoveis.caixa.gov.br/sistema/detalhe-imovel.asp?hdnimovel=8555527473467,Caixa,Imóvel
8787705035798,RS,SAPUCAIA DO SUL,CAMBOIM,"AVENIDA JUSTINO CAMBOIM, N. 1049, Apto 101, BL 05 1° PAV","170.000,00","170.000,00",0.00,Não,"Apartamento, 60.65 de área total, 39.63 de área privativa, 0.00 de área do terreno,  2 qto(s), a.serv, WC, 1 sala(s), cozinha, 1 vaga(s) de garagem.",Leilão SFI - Edital Único,https://venda-imoveis.caixa.gov.br/sistema/detalhe-imovel.asp?hdnimovel=8787705035798,Caixa,Imóvel
8787701005134,RS,SAPUCAIA DO SUL,IPIRANGA,"RUA IRMA EDVIGES, N. 816, Apto 42  A,","207.500,00","207.500,00",0.00,Não,"Apartamento, 66.13 de área total, 60.64 de área privativa, 0.00 de área do terreno,  2 qto(s), a.serv, 1 sala(s), cozinha, 1 vaga(s) de garagem.",Leilão SFI - Edital Único,https://venda-imoveis.caixa.gov.br/sistema/detalhe-imovel.asp?hdnimovel=8787701005134,Caixa,Imóvel
8444406190713,RS,SAPUCAIA DO SUL,COHAB,"BR116 KM 21, N. SN, Apto 104, BL 48 LT 4 QD 3 ST 04G78","80.000,00","80.000,00",0.00,Não,"Apartamento, 36.75 de área total, 33.66 de área privativa, 0.00 de área do terreno,  2 qto(s), WC, 1 sala(s), cozinha.",Leilão SFI - Edital Único,https://venda-imoveis.caixa.gov.br/sistema/detalhe-imovel.asp?hdnimovel=8444406190713,Caixa,Imóvel
10306257,RS,SAPUCAIA DO SUL,DIHEL,"RUA CAMPOS SALES, N. 138, STR 04G75, QD V, LT 04, QD 24 MAPA GER","408.000,00","408.000,00",0.00,Não,"Comercial, 0.00 de área total, 179.64 de área privativa, 283.50 de área do terreno.",Leilão SFI - Edital Único,https://venda-imoveis.caixa.gov.br/sistema/detalhe-imovel.asp?hdnimovel=10306257,Caixa,Imóvel
8444415293651,RS,SAPUCAIA DO SUL,LOMBA DA PALMEIRA,"RUA LUIZA CLARINDA THIESEN, N. 32, CASA 03","185.000,00","185.000,00",0.00,Não,"Casa, 45.56 de área total, 45.56 de área privativa, 64.55 de área do terreno,  2 qto(s), WC, 1 sala(s), cozinha.",Leilão SFI - Edital Único,https://venda-imoveis.caixa.gov.br/sistema/detalhe-imovel.asp?hdnimovel=8444415293651,Caixa,Imóvel
8555529520977,RS,SAPUCAIA DO SUL,CENTRO,"AVENIDA LUCIO BITTENCOURT, N. 1410, Apto 105,  BLOCO 01","158.859,14","158.500,00",0.00,Não,"Apartamento, 72.18 de área total, 49.94 de área privativa, 0.00 de área do terreno,  2 qto(s), WC, 1 sala(s), cozinha, 1 vaga(s) de garagem.",Leilão SFI - Edital Único,https://venda-imoveis.caixa.gov.br/sistema/detalhe-imovel.asp?hdnimovel=8555529520977,Caixa,Imóvel
8444433551926,RS,SAPUCAIA DO SUL,PASQUALINI,"RUA DONA ERNESTINA, N. SN, Apto 503, BL 18 LT 1 SBLT 3 QD 12 ST 04H32","160.123,18","150.000,00",0.00,Não,"Apartamento, 75.25 de área total, 38.81 de área privativa, 0.00 de área do terreno,  2 qto(s), WC, 1 sala(s), cozinha.",Leilão SFI - Edital Único,https://venda-imoveis.caixa.gov.br/sistema/detalhe-imovel.asp?hdnimovel=8444433551926,Caixa,Imóvel
10211602,RS,VIAMAO,SANTA ISABEL,"RUA CAMPUS DA COLINA (ANTIGA RUA B), N. 190, QD D LT 30","186.996,04","350.000,00",46.58,Não,"Casa, 0.00 de área total, 218.44 de área privativa, 300.00 de área do terreno, 1 vaga(s) de garagem.",Venda Direta Online,https://venda-imoveis.caixa.gov.br/sistema/detalhe-imovel.asp?hdnimovel=10211602,Caixa,Imóvel
1444416442474,RS,VIAMAO,QUERENCIA,"RUA CANTEGRIL, N. SN, UNI HAB 13L","59.583,94","108.000,00",44.83,Não,"Terreno, 0.00 de área total, 0.00 de área privativa, 117996.33 de área do terreno.",Venda Online,https://venda-imoveis.caixa.gov.br/sistema/detalhe-imovel.asp?hdnimovel=1444416442474,Caixa,Imóvel
1444406709931,RS,VIAMAO,SANTA ISABEL,"AVENIDA LIBERDADE, N. 3500, SETOR SOL","228.636,50","410.000,00",44.24,Sim,"Terreno, 0.00 de área total, 0.00 de área privativa, 1047.07 de área do terreno.",Venda Online,https://venda-imoveis.caixa.gov.br/sistema/detalhe-imovel.asp?hdnimovel=1444406709931,Caixa,Imóvel
8444416091467,RS,VIAMAO,CECILIA,"RUA CONDE DE PORTO ALEGRE, N. 223, CS 09","56.155,03","97.000,00",42.11,Não,"Casa, 35.49 de área total, 30.39 de área privativa, 66.49 de área do terreno,  1 qto(s), a.serv, WC, 1 sala(s), cozinha, 1 vaga(s) de garagem.",Licitação Aberta,https://venda-imoveis.caixa.gov.br/sistema/detalhe-imovel.asp?hdnimovel=8444416091467,Caixa,Imóvel
1159120080399,RS,VIAMAO,TARUMA,"RUA TELMO GODOY PINTO, N. 837,","577.725,40","980.000,00",41.05,Sim,"Casa, 265.28 de área total, 199.54 de área privativa, 1000.37 de área do terreno,  4 qto(s), a.serv, WC, WC Emp, 2 sala(s), cozinha, 1 vaga(s) de garagem.",Venda Direta Online,https://venda-imoveis.caixa.gov.br/sistema/detalhe-imovel.asp?hdnimovel=1159120080399,Caixa,Imóvel
8787708845790,RS,VIAMAO,CECILIA,"RODOVIA TAPIR ROCHA(ANTIGAAV SENADOR SALGADO FILHO, N. 1820, Apto 402, BL 36 PAV 04","100.741,08","170.000,00",40.75,Não,"Apartamento, 64.09 de área total, 40.82 de área privativa, 0.00 de área do terreno,  2 qto(s), WC, 1 sala(s), cozinha, 1 vaga(s) de garagem.",Licitação Aberta,https://venda-imoveis.caixa.gov.br/sistema/detalhe-imovel.asp?hdnimovel=8787708845790,Caixa,Imóvel
8787718546028,RS,VIAMAO,ESTALAGEM,"AVENIDA JOSE GARIBALDI, N. 1514, CS 68","132.366,56","219.000,00",39.56,Não,"Casa, 109.14 de área total, 78.00 de área privativa, 144.24 de área do terreno.",Licitação Aberta,https://venda-imoveis.caixa.gov.br/sistema/detalhe-imovel.asp?hdnimovel=8787718546028,Caixa,Imóvel
1444401858033,RS,VIAMAO,QUERENCIA,"AV SENADOR SALGADO FILHO, N. 8450, UA  AC9 QD AC","686.924,21","1.125.000,00",38.95,Não,"Casa, 0.00 de área total, 280.00 de área privativa, 330.00 de área do terreno,  3 qto(s), a.serv, WC, 1 sala(s), 1 lavabo(s), cozinha.",Venda Direta Online,https://venda-imoveis.caixa.gov.br/sistema/detalhe-imovel.asp?hdnimovel=1444401858033,Caixa,Imóvel
1444406664008,RS,VIAMAO,SANTA ISABEL,"AVENIDA LIBERDADE, N. 3500, ECO20 SETOR ÁGUA","130.531,38","212.700,00",38.64,Sim,"Terreno, 0.00 de área total, 0.00 de área privativa, 1037.50 de área do terreno.",Venda Online,https://venda-imoveis.caixa.gov.br/sistema/detalhe-imovel.asp?hdnimovel=1444406664008,Caixa,Imóvel
1444412653896,RS,VIAMAO,SAO TOME,"RUA PADRE REUS, N. 50, UNIDADE 12 QD 06","125.884,66","200.000,00",37.06,Não,"Casa, 0.00 de área total, 48.00 de área privativa, 303.55 de área do terreno,  2 qto(s), a.serv, WC, 1 sala(s), cozinha.",Licitação Aberta,https://venda-imoveis.caixa.gov.br/sistema/detalhe-imovel.asp?hdnimovel=1444412653896,Caixa,Imóvel
8444425900755,RS,VIAMAO,PASSO DA FIGUEIRA,"RUA TOM JOBIM, N. 269, CS 01","127.080,16","180.000,00",29.40,Não,"Casa, 48.30 de área total, 48.30 de área privativa, 150.67 de área do terreno,  2 qto(s), a.serv, WC, 1 sala(s), cozinha.",Leilão SFI - Edital Único,https://venda-imoveis.caixa.gov.br/sistema/detalhe-imovel.asp?hdnimovel=8444425900755,Caixa,Imóvel
8787709156620,RS,VIAMAO,FIUZA,"RUA ALCEBIADES AZEREDO DOS SANTOS, N. 1633, Apto 104,  TORRE 3","160.000,00","160.000,00",0.00,Não,"Apartamento, 63.57 de área total, 44.65 de área privativa, 0.00 de área do terreno,  2 qto(s), WC, 1 sala(s), cozinha, 1 vaga(s) de garagem.",Leilão SFI - Edital Único,https://venda-imoveis.caixa.gov.br/sistema/detalhe-imovel.asp?hdnimovel=8787709156620,Caixa,Imóvel
8787708945647,RS,VIAMAO,CECILIA,"RODOVIA TAPIR ROCHA, N. 1820, Apto 401, BL 35  BOX 269","170.000,00","170.000,00",0.00,Não,"Apartamento, 74.66 de área total, 40.82 de área privativa, 0.00 de área do terreno,  2 qto(s), WC, 1 sala(s), cozinha, 1 vaga(s) de garagem.",Leilão SFI - Edital Único,https://venda-imoveis.caixa.gov.br/sistema/detalhe-imovel.asp?hdnimovel=8787708945647,Caixa,Imóvel
8787709632022,RS,VIAMAO,CECILIA,"RODOVIA TAPIR ROCHA, N. 1820, Apto 202, BL 15, BOX N 155","215.761,66","215.761,66",0.00,Não,"Apartamento, 0.00 de área total, 40.82 de área privativa, 0.00 de área do terreno.",Leilão SFI - Edital Único,https://venda-imoveis.caixa.gov.br/sistema/detalhe-imovel.asp?hdnimovel=8787709632022,Caixa,Imóvel
8444422167437,RS,VIAMAO,QUERENCIA,"RUA CANTEGRIL, N. 935, UNIDADE 08","191.400,00","191.400,00",0.00,Não,"Casa, 60.48 de área total, 60.48 de área privativa, 66.89 de área do terreno,  2 qto(s), WC Emp, 1 sala(s), 1 lavabo(s), cozinha, Terraco.",Leilão SFI - Edital Único,https://venda-imoveis.caixa.gov.br/sistema/detalhe-imovel.asp?hdnimovel=8444422167437,Caixa,Imóvel
1444414757168,RS,VIAMAO,TARUMA,"AVENIDA DAS AZALEIAS, N. 161, LT 05, QD 12,","479.916,66","470.000,00",0.00,Não,"Casa, 183.96 de área total, 66.12 de área privativa, 480.00 de área do terreno.",Leilão SFI - Edital Único,https://venda-imoveis.caixa.gov.br/sistema/detalhe-imovel.asp?hdnimovel=1444414757168,Caixa,Imóvel
X127556,,Canoas,,Casa 236 m² - Igara - Canoas - RS,"475200,0","475200,0","0,0",,Casa 236 m² - Igara - Canoas - RS,"Extrajudicial Lote 127

                                            P. Única",https://www.megaleiloes.com.br/imoveis/casas/rs/canoas/casa-236-m2-igara-canoas-rs-x127556?utm_source=megaleiloes&utm_medium=link&utm_campaign=casa-236-m2-igara-canoas-rs-x127556&utm_term=X127556&utm_content=link,Mega Leilões,Imóvel
X127557,,Canoas,,Casa em Condomínio 69 m² (Unid. 08) - Mathias Velho - Canoas - RS,"136100,0","136100,0","0,0",,Casa em Condomínio 69 m² (Unid. 08) - Mathias Velho - Canoas - RS,"Extrajudicial Lote 128

                                            P. Única",https://www.megaleiloes.com.br/imoveis/casas/rs/canoas/casa-em-condominio-69-m2-unid-08-mathias-velho-canoas-rs-x127557?utm_source=megaleiloes&utm_medium=link&utm_campaign=casa-em-condominio-69-m2-unid-08-mathias-velho-canoas-rs-x127557&utm_term=X127557&utm_content=link,Mega Leilões,Imóvel
X127592,,Sapucaia Do Sul,,Casa em Condomínio 43 m² (Unid. 11) - Pasqualini - Sapucaia Do Sul - RS,"110400,0","110400,0","0,0",,Casa em Condomínio 43 m² (Unid. 11) - Pasqualini - Sapucaia Do Sul - RS,"Extrajudicial Lote 163

                                            P. Única",https://www.megaleiloes.com.br/imoveis/casas/rs/sapucaia-do-sul/casa-em-condominio-43-m2-unid-11-pasqualini-sapucaia-do-sul-rs-x127592?utm_source=megaleiloes&utm_medium=link&utm_campaign=casa-em-condominio-43-m2-unid-11-pasqualini-sapucaia-do-sul-rs-x127592&utm_term=X127592&utm_content=link,Mega Leilões,Imóvel
X127605,,Novo Hamburgo,,Terreno 1.360 m² - Rio Branco - Novo Hamburgo - RS,"1182600,0","1182600,0","0,0",,Terreno 1.360 m² - Rio Branco - Novo Hamburgo - RS,"Extrajudicial Lote 176

                                            P. Única",https://www.megaleiloes.com.br/imoveis/terrenos-e-lotes/rs/novo-hamburgo/terreno-1360-m2-rio-branco-novo-hamburgo-rs-x127605?utm_source=megaleiloes&utm_medium=link&utm_campaign=terreno-1360-m2-rio-branco-novo-hamburgo-rs-x127605&utm_term=X127605&utm_content=link,Mega Leilões,Imóvel
X127621,,Porto Alegre,,Casa em Condomínio 141 m² (Unid. 38) - Serraria - Porto Alegre - RS,"320000,0","320000,0","0,0",,Casa em Condomínio 141 m² (Unid. 38) - Serraria - Porto Alegre - RS,"Extrajudicial Lote 192

                                            P. Única",https://www.megaleiloes.com.br/imoveis/casas/rs/porto-alegre/casa-em-condominio-141-m2-unid-38-serraria-porto-alegre-rs-x127621?utm_source=megaleiloes&utm_medium=link&utm_campaign=casa-em-condominio-141-m2-unid-38-serraria-porto-alegre-rs-x127621&utm_term=X127621&utm_content=link,Mega Leilões,Imóvel
X127444,,Esteio,,Apartamento 42 m² (Unid. 405) - Centro - Esteio - RS,"79200,0","79200,0","0,0",,Apartamento 42 m² (Unid. 405) - Centro - Esteio - RS,"Extrajudicial Lote 16

                                            P. Única",https://www.megaleiloes.com.br/imoveis/apartamentos/rs/esteio/apartamento-42-m2-unid-405-centro-esteio-rs-x127444?utm_source=megaleiloes&utm_medium=link&utm_campaign=apartamento-42-m2-unid-405-centro-esteio-rs-x127444&utm_term=X127444&utm_content=link,Mega Leilões,Imóvel
X127956,,Esteio,,Apartamento 42 m² (Unid. 206) - Centro - Esteio - RS,"78800,0","78800,0","0,0",,Apartamento 42 m² (Unid. 206) - Centro - Esteio - RS,"Extrajudicial Lote 207

                                            P. Única",https://www.megaleiloes.com.br/imoveis/apartamentos/rs/esteio/apartamento-42-m2-unid-206-centro-esteio-rs-x127956?utm_source=megaleiloes&utm_medium=link&utm_campaign=apartamento-42-m2-unid-206-centro-esteio-rs-x127956&utm_term=X127956&utm_content=link,Mega Leilões,Imóvel
X127461,,Alvorada,,Casa 172 m² - Aparecida - Alvorada - RS,"272000,0","272000,0","0,0",,Casa 172 m² - Aparecida - Alvorada - RS,"Extrajudicial Lote 33

                                            P. Única",https://www.megaleiloes.com.br/imoveis/casas/rs/alvorada/casa-172-m2-aparecida-alvorada-rs-x127461?utm_source=megaleiloes&utm_medium=link&utm_campaign=casa-172-m2-aparecida-alvorada-rs-x127461&utm_term=X127461&utm_content=link,Mega Leilões,Imóvel
X127231,,São Leopoldo,,"Casa 167 m² - São Leopoldo-RS - Rua João Carlos Haas Sobrinho, 245 - Feitoria","438695,55","438695,55","45,0",,"Casa 167 m² - São Leopoldo-RS - Rua João Carlos Haas Sobrinho, 245 - Feitoria","Extrajudicial Lote 10

                                                                        2 Praças",https://www.megaleiloes.com.br/imoveis/casas/rs/sao-leopoldo/casa-167-m2-sao-leopoldo-rs-rua-joao-carlos-haas-sobrinho-245-feitoria-x127231?utm_source=megaleiloes&utm_medium=link&utm_campaign=casa-167-m2-sao-leopoldo-rs-rua-joao-carlos-haas-sobrinho-245-feitoria-x127231&utm_term=X127231&utm_content=link,Mega Leilões,Imóvel
X127112,,Porto Alegre,,Domínio Útil das Vagas de Estacionamento (Unids. 704 ao 708 do Edifício Garagem Alfa) - Centro Histórico - Porto Alegre - RS,"33955,56","33955,56","0,0",,Domínio Útil das Vagas de Estacionamento (Unids. 704 ao 708 do Edifício Garagem Alfa) - Centro Histórico - Porto Alegre - RS,"Extrajudicial Lote 7

                                            P. Única",https://www.megaleiloes.com.br/imoveis/vagas-de-garagem/rs/porto-alegre/dominio-util-das-vagas-de-estacionamento-unids-704-ao-708-do-edificio-garagem-alfa-centro-historico-porto-alegre-rs-x127112?utm_source=megaleiloes&utm_medium=link&utm_campaign=dominio-util-das-vagas-de-estacionamento-unids-704-ao-708-do-edificio-garagem-alfa-centro-historico-porto-alegre-rs-x127112&utm_term=X127112&utm_content=link,Mega Leilões,Imóvel
J124873,,Porto Alegre,,Direitos sobre Apartamento 40 m² - Mário Quintana - Porto Alegre - RS,"92497,91","184995,81","50,0",,Direitos sobre Apartamento 40 m² - Mário Quintana - Porto Alegre - RS,"Judicial Lote 1

                                                                        2 Praças",https://www.megaleiloes.com.br/imoveis/apartamentos/rs/porto-alegre/direitos-sobre-apartamento-40-m2-mario-quintana-porto-alegre-rs-j124873?utm_source=megaleiloes&utm_medium=link&utm_campaign=direitos-sobre-apartamento-40-m2-mario-quintana-porto-alegre-rs-j124873&utm_term=J124873&utm_content=link,Mega Leilões,Imóvel
J126826,,Canoas,,Casa 84 m² com Terreno de 642 m² - Harmonia - Canoas - RS,"870754,07","870754,07","40,0",,Casa 84 m² com Terreno de 642 m² - Harmonia - Canoas - RS,"Judicial Lote 1

                                                                        2 Praças",https://www.megaleiloes.com.br/imoveis/casas/rs/canoas/casa-84-m2-com-terreno-de-642-m2-harmonia-canoas-rs-j126826?utm_source=megaleiloes&utm_medium=link&utm_campaign=casa-84-m2-com-terreno-de-642-m2-harmonia-canoas-rs-j126826&utm_term=J126826&utm_content=link,Mega Leilões,Imóvel
J124532,,Porto Alegre,,Área 7 ha - Ilha do Pavão - Porto Alegre - RS,"275755,82","5515116,31","50,0",,Área 7 ha - Ilha do Pavão - Porto Alegre - RS,"Judicial Lote 2

                                                                        3 Praças",https://www.megaleiloes.com.br/imoveis/terrenos-e-lotes/rs/porto-alegre/area-7-ha-ilha-do-pavao-porto-alegre-rs-j124532?utm_source=megaleiloes&utm_medium=link&utm_campaign=area-7-ha-ilha-do-pavao-porto-alegre-rs-j124532&utm_term=J124532&utm_content=link,Mega Leilões,Imóvel
J124533,,Porto Alegre,,Área 4.680 m² - Ilha do Pavão - Porto Alegre - RS,"25412,79","508255,82","50,0",,Área 4.680 m² - Ilha do Pavão - Porto Alegre - RS,"Judicial Lote 3

                                                                        3 Praças",https://www.megaleiloes.com.br/imoveis/terrenos-e-lotes/rs/porto-alegre/area-4680-m2-ilha-do-pavao-porto-alegre-rs-j124533?utm_source=megaleiloes&utm_medium=link&utm_campaign=area-4680-m2-ilha-do-pavao-porto-alegre-rs-j124533&utm_term=J124533&utm_content=link,Mega Leilões,Imóvel
J124534,,Porto Alegre,,Área 7.302 m² - Ilha das Flores - Porto Alegre - RS,"34604,65","692093,02","50,0",,Área 7.302 m² - Ilha das Flores - Porto Alegre - RS,"Judicial Lote 4

                                                                        3 Praças",https://www.megaleiloes.com.br/imoveis/terrenos-e-lotes/rs/porto-alegre/area-7302-m2-ilha-das-flores-porto-alegre-rs-j124534?utm_source=megaleiloes&utm_medium=link&utm_campaign=area-7302-m2-ilha-das-flores-porto-alegre-rs-j124534&utm_term=J124534&utm_content=link,Mega Leilões,Imóvel
X127810,,Porto Alegre,,Apartamento 90 m² (01 vaga) - Ipanema - Porto Alegre - RS,"299200,0","299200,0","0,0",,Apartamento 90 m² (01 vaga) - Ipanema - Porto Alegre - RS,"Extrajudicial Lote 12

                                            P. Única",https://www.megaleiloes.com.br/imoveis/apartamentos/rs/porto-alegre/apartamento-90-m2-01-vaga-ipanema-porto-alegre-rs-x127810?utm_source=megaleiloes&utm_medium=link&utm_campaign=apartamento-90-m2-01-vaga-ipanema-porto-alegre-rs-x127810&utm_term=X127810&utm_content=link,Mega Leilões,Imóvel
X127830,,Sapucaia Do Sul,,Apartamento 33 m² - COHAB - Sapucaia do Sul - RS,"26500,0","26500,0","0,0",,Apartamento 33 m² - COHAB - Sapucaia do Sul - RS,"Extrajudicial Lote 31

                                            P. Única",https://www.megaleiloes.com.br/imoveis/apartamentos/rs/sapucaia-do-sul/apartamento-33-m2-cohab-sapucaia-do-sul-rs-x127830?utm_source=megaleiloes&utm_medium=link&utm_campaign=apartamento-33-m2-cohab-sapucaia-do-sul-rs-x127830&utm_term=X127830&utm_content=link,Mega Leilões,Imóvel
X127841,,Porto Alegre,,Apartamento 78 m² - Centro Histórico - Porto Alegre - RS,"143100,0","143100,0","0,0",,Apartamento 78 m² - Centro Histórico - Porto Alegre - RS,"Extrajudicial Lote 41

                                            P. Única",https://www.megaleiloes.com.br/imoveis/apartamentos/rs/porto-alegre/apartamento-78-m2-centro-historico-porto-alegre-rs-x127841?utm_source=megaleiloes&utm_medium=link&utm_campaign=apartamento-78-m2-centro-historico-porto-alegre-rs-x127841&utm_term=X127841&utm_content=link,Mega Leilões,Imóvel
X127850,,Viamão,,Casa 58 m² - Vila Minuano - Viamão - RS,"112100,0","112100,0","0,0",,Casa 58 m² - Vila Minuano - Viamão - RS,"Extrajudicial Lote 49

                                            P. Única",https://www.megaleiloes.com.br/imoveis/casas/rs/viamao/casa-58-m2-vila-minuano-viamao-rs-x127850?utm_source=megaleiloes&utm_medium=link&utm_campaign=casa-58-m2-vila-minuano-viamao-rs-x127850&utm_term=X127850&utm_content=link,Mega Leilões,Imóvel
X127852,,Viamão,,Casa 61 m² - Santa Isabel - Viamão - RS,"147600,0","147600,0","0,0",,Casa 61 m² - Santa Isabel - Viamão - RS,"Extrajudicial Lote 51

                                            P. Única",https://www.megaleiloes.com.br/imoveis/casas/rs/viamao/casa-61-m2-santa-isabel-viamao-rs-x127852?utm_source=megaleiloes&utm_medium=link&utm_campaign=casa-61-m2-santa-isabel-viamao-rs-x127852&utm_term=X127852&utm_content=link,Mega Leilões,Imóvel
X127961,,Porto Alegre,,Apartamento 331 m² - Moinhos de Vento - Porto Alegre - RS,"2207000,0","2207000,0","37,0",,Apartamento 331 m² - Moinhos de Vento - Porto Alegre - RS,"Extrajudicial Lote 1

                                                                        2 Praças",https://www.megaleiloes.com.br/imoveis/apartamentos/rs/porto-alegre/apartamento-331-m2-moinhos-de-vento-porto-alegre-rs-x127961?utm_source=megaleiloes&utm_medium=link&utm_campaign=apartamento-331-m2-moinhos-de-vento-porto-alegre-rs-x127961&utm_term=X127961&utm_content=link,Mega Leilões,Imóvel
X127672,,Porto Alegre,,"Casa 319 m² - Porto Alegre-RS - Rua Patrício de Matos Fernandes, 30 - Santa Tereza","630000,0","630000,0","0,0",,"Casa 319 m² - Porto Alegre-RS - Rua Patrício de Matos Fernandes, 30 - Santa Tereza","Extrajudicial Lote 15

                                            P. Única",https://www.megaleiloes.com.br/imoveis/casas/rs/porto-alegre/casa-319-m2-porto-alegre-rs-rua-patricio-de-matos-fernandes-30-santa-tereza-x127672?utm_source=megaleiloes&utm_medium=link&utm_campaign=casa-319-m2-porto-alegre-rs-rua-patricio-de-matos-fernandes-30-santa-tereza-x127672&utm_term=X127672&utm_content=link,Mega Leilões,Imóvel
X127360,,Canoas,,Casa 220 m² - São José - Canoas - RS,"662000,0","662000,0","0,0",,Casa 220 m² - São José - Canoas - RS,"Extrajudicial Lote 3

                                            P. Única",https://www.megaleiloes.com.br/imoveis/casas/rs/canoas/casa-220-m2-sao-jose-canoas-rs-x127360?utm_source=megaleiloes&utm_medium=link&utm_campaign=casa-220-m2-sao-jose-canoas-rs-x127360&utm_term=X127360&utm_content=link,Mega Leilões,Imóvel
X128026,,Porto Alegre,,Ex-Agência 2.700 m² - Centro Histórico - Porto Alegre - RS,"4830000,0","4830000,0","0,0",,Ex-Agência 2.700 m² - Centro Histórico - Porto Alegre - RS,"Extrajudicial Lote 17

                                            P. Única",https://www.megaleiloes.com.br/imoveis/imoveis-comerciais/rs/porto-alegre/ex-agencia-2700-m2-centro-historico-porto-alegre-rs-x128026?utm_source=megaleiloes&utm_medium=link&utm_campaign=ex-agencia-2700-m2-centro-historico-porto-alegre-rs-x128026&utm_term=X128026&utm_content=link,Mega Leilões,Imóvel
J128033,,Porto Alegre,,Direitos sobre Sala Comercial 64 m² e Box 12 m² (Unid. 19 do Edifício Paladium) - Cidade Baixa - Porto Alegre - RS,"232655,67","232655,67","50,0",,Direitos sobre Sala Comercial 64 m² e Box 12 m² (Unid. 19 do Edifício Paladium) - Cidade Baixa - Porto Alegre - RS,"Judicial Lote 1

                                                                        2 Praças",https://www.megaleiloes.com.br/imoveis/imoveis-comerciais/rs/porto-alegre/direitos-sobre-sala-comercial-64-m2-e-box-12-m2-unid-19-do-edificio-paladium-cidade-baixa-porto-alegre-rs-j128033?utm_source=megaleiloes&utm_medium=link&utm_campaign=direitos-sobre-sala-comercial-64-m2-e-box-12-m2-unid-19-do-edificio-paladium-cidade-baixa-porto-alegre-rs-j128033&utm_term=J128033&utm_content=link,Mega Leilões,Imóvel
#208495,,Novo Hamburgo,,"Inst. p/ indústria -3.624,26m² -Terreno -4.339m²-Pátria Nova","5860694,0","11721388,0","50,00",,"Inst. p/ indústria -3.624,26m² -Terreno -4.339m²-Pátria Nova",Judicial,https://www.leiloesjudiciais.com.br/lote/97462/208495,Leilões Judiciais,Imóvel
#208836,,Alvorada,,"Complexo Industrial - 7.116,61 m² - Estância Grande","4966112,79","9932225,58","50,00",,"Complexo Industrial - 7.116,61 m² - Estância Grande",Judicial,https://www.leiloesjudiciais.com.br/lote/97614/208836,Leilões Judiciais,Imóvel
#206318,,Porto Alegre,,Prédio Comercial - 07 Pavimentos - 2.878m² - B. Santana,"3502600,0","5570000,0","37,12",,Prédio Comercial - 07 Pavimentos - 2.878m² - B. Santana,Judicial,https://www.leiloesjudiciais.com.br/lote/96846/206318,Leilões Judiciais,Imóvel
#209975,,Porto Alegre,,"Prédio comercial 02 pavs.- 1.200,00m²  - B. Paternon","2027192,14","4054384,28","50,00",,"Prédio comercial 02 pavs.- 1.200,00m²  - B. Paternon",Judicial,https://www.leiloesjudiciais.com.br/lote/97911/209975,Leilões Judiciais,Imóvel
#208750,,Cachoeirinha,,Prédio indl. -1.200m² - Terreno - 3.450m²- Av. Cruzeiro 271,"1500000,0","3000000,0","50,00",,Prédio indl. -1.200m² - Terreno - 3.450m²- Av. Cruzeiro 271,Judicial,https://www.leiloesjudiciais.com.br/lote/97462/208750,Leilões Judiciais,Imóvel
#207405,,Novo Hamburgo,,"Sobrado c/aprox. 467,83m² -Terreno c/aprox. 1.521m² -Canudos","1200000,0","2400000,0","50,00",,"Sobrado c/aprox. 467,83m² -Terreno c/aprox. 1.521m² -Canudos",Judicial,https://www.leiloesjudiciais.com.br/lote/94963/207405,Leilões Judiciais,Imóvel
#209977,,Porto Alegre,,"Sala 01, 02 e 03 - 479,05m² - Ed. Chaves e Almeida - Centro","1180000,0","1180000,0","0,00",,"Sala 01, 02 e 03 - 479,05m² - Ed. Chaves e Almeida - Centro",Judicial,https://www.leiloesjudiciais.com.br/lote/97911/209977,Leilões Judiciais,Imóvel
#208838,,Porto Alegre,,"Prédio comercial c/ 428,87m² - B. Navegantes","1080000,0","1800000,0","40,00",,"Prédio comercial c/ 428,87m² - B. Navegantes",Judicial,https://www.leiloesjudiciais.com.br/lote/97614/208838,Leilões Judiciais,Imóvel
#203624,,Canoas,,"Unidade 09-W c/ 471,60m² -Cond. Res. Altavista II","1056000,0","1320000,0","20,00",,"Unidade 09-W c/ 471,60m² -Cond. Res. Altavista II",Judicial,https://www.leiloesjudiciais.com.br/lote/95777/203624,Leilões Judiciais,Imóvel
#209973,,Porto Alegre,,"Sala - 479,05m² - Ed. Chaves e Almeida - Centro","816300,0","816300,0","0,00",,"Sala - 479,05m² - Ed. Chaves e Almeida - Centro",Judicial,https://www.leiloesjudiciais.com.br/lote/97911/209973,Leilões Judiciais,Imóvel
#204739,,Canoas,,"Apartamento 1104- 111,52m² -Res. Residencial Mani -Centro","442719,0","590292,0","25,00",,"Apartamento 1104- 111,52m² -Res. Residencial Mani -Centro",Judicial,https://www.leiloesjudiciais.com.br/lote/96158/204739,Leilões Judiciais,Imóvel
#208498,,Porto Alegre,,"2 Casas e depósito c/ 87m²- terreno 1.062,00m²- B. Vila Nova","385000,0","550000,0","30,00",,"2 Casas e depósito c/ 87m²- terreno 1.062,00m²- B. Vila Nova",Judicial,https://www.leiloesjudiciais.com.br/lote/97462/208498,Leilões Judiciais,Imóvel
#201638,,Porto Alegre,,"Apartamento - 145,83m² - Vaga de Garagem 12m²- B. Petrópolis","374000,0","748000,0","50,00",,"Apartamento - 145,83m² - Vaga de Garagem 12m²- B. Petrópolis",Judicial,https://www.leiloesjudiciais.com.br/lote/94965/201638,Leilões Judiciais,Imóvel
#208834,,Porto Alegre,,Terreno c/ aprox. 300m² - s/ benfeitoria - Boa Vista,"331434,0","662868,0","50,00",,Terreno c/ aprox. 300m² - s/ benfeitoria - Boa Vista,Judicial,https://www.leiloesjudiciais.com.br/lote/97614/208834,Leilões Judiciais,Imóvel
#209982,,Porto Alegre,,"Conjunto nº 1303 c/ 58,17m² - Ed. Cimex-Uhr - Centro","251890,0","251890,0","0,00",,"Conjunto nº 1303 c/ 58,17m² - Ed. Cimex-Uhr - Centro",Judicial,https://www.leiloesjudiciais.com.br/lote/97911/209982,Leilões Judiciais,Imóvel
#209983,,Porto Alegre,,"Apto. 207 - 56,24m² - Ed. Otto Niemeyer - B. Tristeza","250000,0","250000,0","0,00",,"Apto. 207 - 56,24m² - Ed. Otto Niemeyer - B. Tristeza",Judicial,https://www.leiloesjudiciais.com.br/lote/97911/209983,Leilões Judiciais,Imóvel
#209932,,Gravataí,,"Apartamento nº 104 c/ 77,76m² - Edifício Generino","248000,0","310000,0","20,00",,"Apartamento nº 104 c/ 77,76m² - Edifício Generino",Judicial,https://www.leiloesjudiciais.com.br/lote/34840/209932,Leilões Judiciais,Imóvel
#204832,,Porto Alegre,,"Sobrado - 141,30m² - Residencial Vida Nova Garden","244748,04","489496,07","50,00",,"Sobrado - 141,30m² - Residencial Vida Nova Garden",Judicial,https://www.leiloesjudiciais.com.br/lote/94965/204832,Leilões Judiciais,Imóvel
#209523,,Guaíba,,Terreno c/ 720m² - Av. General Flores da Cunha - Vila Elsa,"238000,0","280000,0","15,00",,Terreno c/ 720m² - Av. General Flores da Cunha - Vila Elsa,Judicial,https://www.leiloesjudiciais.com.br/lote/97736/209523,Leilões Judiciais,Imóvel
#208499,,Porto Alegre,,"Apto 406 - 85,4162m² - R.São Manoel - 1.970 - Paternon","219000,0","438000,0","50,00",,"Apto 406 - 85,4162m² - R.São Manoel - 1.970 - Paternon",Judicial,https://www.leiloesjudiciais.com.br/lote/97462/208499,Leilões Judiciais,Imóvel
#202442,,Viamão,,"Terreno no Jardim Krahe, em Viamão/RS","200000,0","400000,0","50,00",,"Terreno no Jardim Krahe, em Viamão/RS",Judicial,https://www.leiloesjudiciais.com.br/lote/95342/202442,Leilões Judiciais,Imóvel
#210911,,Viamão,,Terreno n° 55 - Viamão/RS,"200000,0","400000,0","50,00",,Terreno n° 55 - Viamão/RS,Judicial,https://www.leiloesjudiciais.com.br/lote/98103/210911,Leilões Judiciais,Imóvel
#208206,,Porto Alegre,,"Apartamento 201 - 76,36m² - B. Menino Deus","190000,0","380000,0","50,00",,"Apartamento 201 - 76,36m² - B. Menino Deus",Judicial,https://www.leiloesjudiciais.com.br/lote/97341/208206,Leilões Judiciais,Imóvel
#204740,,Canoas,,"Apartamento 401 -  80,50m²  - Res. Porto Canoas - Harmonia","160000,0","320000,0","50,00",,"Apartamento 401 -  80,50m²  - Res. Porto Canoas - Harmonia",Judicial,https://www.leiloesjudiciais.com.br/lote/96158/204740,Leilões Judiciais,Imóvel
#209972,,Porto Alegre,,"Terreno - 389,31m² - Ipanema Imperial Parque","142500,0","190000,0","25,00",,"Terreno - 389,31m² - Ipanema Imperial Parque",Judicial,https://www.leiloesjudiciais.com.br/lote/97911/209972,Leilões Judiciais,Imóvel
#208504,,Porto Alegre,,"Casa - 82m² -Terreno -363,66m² - R. Sr. do Bonfim-B. Sarandi","125000,0","250000,0","50,00",,"Casa - 82m² -Terreno -363,66m² - R. Sr. do Bonfim-B. Sarandi",Judicial,https://www.leiloesjudiciais.com.br/lote/97462/208504,Leilões Judiciais,Imóvel
#209969,,Porto Alegre,,"Apto nº 1.304 c/ 24,37m² - Ed. Cimex-Uhr - Centro","124920,0","124920,0","0,00",,"Apto nº 1.304 c/ 24,37m² - Ed. Cimex-Uhr - Centro",Judicial,https://www.leiloesjudiciais.com.br/lote/97911/209969,Leilões Judiciais,Imóvel
#208506,,Gravataí,,"Apto. 402-49,17m²- Bl 02- Vaga - 12m² - R. Pirajá-204-Centro","115145,0","230290,0","50,00",,"Apto. 402-49,17m²- Bl 02- Vaga - 12m² - R. Pirajá-204-Centro",Judicial,https://www.leiloesjudiciais.com.br/lote/97462/208506,Leilões Judiciais,Imóvel
#208507,,Gravataí,,"Apto. 402-49,17m²- Bl. 04 - vaga 12m² - R. Pirajá-204-Centro","115145,0","230290,0","50,00",,"Apto. 402-49,17m²- Bl. 04 - vaga 12m² - R. Pirajá-204-Centro",Judicial,https://www.leiloesjudiciais.com.br/lote/97462/208507,Leilões Judiciais,Imóvel
#205792,,Canoas,,"Apto c/ 55,340m² - Cond. Viver Canoas -R. Armando Fajardo","115000,0","230000,0","50,00",,"Apto c/ 55,340m² - Cond. Viver Canoas -R. Armando Fajardo",Judicial,https://www.leiloesjudiciais.com.br/lote/96660/205792,Leilões Judiciais,Imóvel
#209978,,Porto Alegre,,Casa - terreno - 150m² - B. Restinga,"112500,0","150000,0","25,00",,Casa - terreno - 150m² - B. Restinga,Judicial,https://www.leiloesjudiciais.com.br/lote/97911/209978,Leilões Judiciais,Imóvel
#209372,,Porto Alegre,,"Casa 258 - 41,5104m² - Av. Antônio Giudice 127 Morro Santana","85000,0","170000,0","50,00",,"Casa 258 - 41,5104m² - Av. Antônio Giudice 127 Morro Santana",Judicial,https://www.leiloesjudiciais.com.br/lote/94965/209372,Leilões Judiciais,Imóvel
#204939,,Canoas,,"Apartamento 104 - 41,19m² - Residencial Alto da Baviera","80000,0","160000,0","50,00",,"Apartamento 104 - 41,19m² - Residencial Alto da Baviera",Judicial,https://www.leiloesjudiciais.com.br/lote/94965/204939,Leilões Judiciais,Imóvel
#209970,,Alvorada,,Terreno - 385m² - Rua Frei Caneca - 45 -Piratini,"78251,25","104335,0","25,00",,Terreno - 385m² - Rua Frei Caneca - 45 -Piratini,Judicial,https://www.leiloesjudiciais.com.br/lote/97911/209970,Leilões Judiciais,Imóvel
#204741,,Gravataí,,Fração ideal de terreno - 7.000m² - Santa Tecla,"75000,0","100000,0","25,00",,Fração ideal de terreno - 7.000m² - Santa Tecla,Judicial,https://www.leiloesjudiciais.com.br/lote/96158/204741,Leilões Judiciais,Imóvel
#208753,,Porto Alegre,,"Direitos - Apto c/ 45,87m² - Rua T - 270 - B. Belém Novo","62500,0","125000,0","50,00",,"Direitos - Apto c/ 45,87m² - Rua T - 270 - B. Belém Novo",Judicial,https://www.leiloesjudiciais.com.br/lote/97586/208753,Leilões Judiciais,Imóvel
#202558,,Porto Alegre,,"50% - Apartamento - 24,91m² - Ed. Dom Lúcio - Santa Cecília","45000,0","90000,0","50,00",,"50% - Apartamento - 24,91m² - Ed. Dom Lúcio - Santa Cecília",Judicial,https://www.leiloesjudiciais.com.br/lote/94965/202558,Leilões Judiciais,Imóvel
#209905,,Eldorado do Sul,,Terreno c/ 1.200m² - L.22-Q.31 - Lot. Rural Eldorado,"43500,0","87000,0","50,00",,Terreno c/ 1.200m² - L.22-Q.31 - Lot. Rural Eldorado,Judicial,https://www.leiloesjudiciais.com.br/lote/97890/209905,Leilões Judiciais,Imóvel
#209904,,Eldorado do Sul,,Terreno c/ 1.200m² - L.23L-Q.31 - Lot. Rural Eldorado,"43500,0","87000,0","50,00",,Terreno c/ 1.200m² - L.23L-Q.31 - Lot. Rural Eldorado,Judicial,https://www.leiloesjudiciais.com.br/lote/97890/209904,Leilões Judiciais,Imóvel
#208833,,Porto Alegre,,"Box nº 30 c/ 13,30m² - Subsolo - Av. Pirapó - B. Petrópolis","38250,0","45000,0","15,00",,"Box nº 30 c/ 13,30m² - Subsolo - Av. Pirapó - B. Petrópolis",Judicial,https://www.leiloesjudiciais.com.br/lote/97614/208833,Leilões Judiciais,Imóvel
#208832,,Porto Alegre,,"Box nº 31 c/ 13,20m² - Subsolo - Av. Pirapó - B. Petrópolis","38250,0","45000,0","15,00",,"Box nº 31 c/ 13,20m² - Subsolo - Av. Pirapó - B. Petrópolis",Judicial,https://www.leiloesjudiciais.com.br/lote/97614/208832,Leilões Judiciais,Imóvel
#208839,,Porto Alegre,,"Box nº 36 c/ 13,20m² -Subsolo - Av. Pirapó - B. Petrópolis","38250,0","45000,0","15,00",,"Box nº 36 c/ 13,20m² -Subsolo - Av. Pirapó - B. Petrópolis",Judicial,https://www.leiloesjudiciais.com.br/lote/97614/208839,Leilões Judiciais,Imóvel
#208822,,São Leopoldo,,Box 37 - 12m² - R. Sapucaia do Sul - 232 - Bairro Campestre,"30000,0","60000,0","50,00",,Box 37 - 12m² - R. Sapucaia do Sul - 232 - Bairro Campestre,Judicial,https://www.leiloesjudiciais.com.br/lote/97462/208822,Leilões Judiciais,Imóvel
#208842,,São Leopoldo,,Box 38 - 12m² - R. Sapucaia do Sul - 232 - Bairro Campestre,"30000,0","60000,0","50,00",,Box 38 - 12m² - R. Sapucaia do Sul - 232 - Bairro Campestre,Judicial,https://www.leiloesjudiciais.com.br/lote/97462/208842,Leilões Judiciais,Imóvel
#208844,,São Leopoldo,,Box 39 - 12m² - R. Sapucaia do Sul - 232 - Bairro Campestre,"30000,0","60000,0","50,00",,Box 39 - 12m² - R. Sapucaia do Sul - 232 - Bairro Campestre,Judicial,https://www.leiloesjudiciais.com.br/lote/97462/208844,Leilões Judiciais,Imóvel
#211044,,Porto Alegre,,"Box de garagem - 12,0000m² - B. Independência","29000,0","58000,0","50,00",,"Box de garagem - 12,0000m² - B. Independência",Judicial,https://www.leiloesjudiciais.com.br/lote/98169/211044,Leilões Judiciais,Imóvel
#203330,,Porto Alegre,,"Garagem 17 c/ 12,70m² - Edifício La Provecen - B. São João","28500,0","38000,0","25,00",,"Garagem 17 c/ 12,70m² - Edifício La Provecen - B. São João",Judicial,https://www.leiloesjudiciais.com.br/lote/95719/203330,Leilões Judiciais,Imóvel
#209855,,Porto Alegre,,"Box nº 02 c/ 21,16m² - Resid. Páteo Lara - B. Mont'Serrat","26000,0","52000,0","50,00",,"Box nº 02 c/ 21,16m² - Resid. Páteo Lara - B. Mont'Serrat",Judicial,https://www.leiloesjudiciais.com.br/lote/97878/209855,Leilões Judiciais,Imóvel
#209856,,Porto Alegre,,"Box nº 09 c/ 10,58m²- Resid. Páteo Lara - B. Mont'Serrat","26000,0","52000,0","50,00",,"Box nº 09 c/ 10,58m²- Resid. Páteo Lara - B. Mont'Serrat",Judicial,https://www.leiloesjudiciais.com.br/lote/97878/209856,Leilões Judiciais,Imóvel
#203331,,Porto Alegre,,"Garagem 12 c/ 10,58m² - Edifício La Provecen - B. São João","24750,0","33000,0","25,00",,"Garagem 12 c/ 10,58m² - Edifício La Provecen - B. São João",Judicial,https://www.leiloesjudiciais.com.br/lote/95719/203331,Leilões Judiciais,Imóvel
#208854,,Novo Hamburgo,,"Box 32 c/ 12,48 m² - R. Tomé de Souza - 355 - B. Pátria Nova","24500,0","49000,0","50,00",,"Box 32 c/ 12,48 m² - R. Tomé de Souza - 355 - B. Pátria Nova",Judicial,https://www.leiloesjudiciais.com.br/lote/97462/208854,Leilões Judiciais,Imóvel
#208575,,Novo Hamburgo,,"Box de Garagem p/ 2 veículos - 29,00m² - Centro","22500,0","45000,0","50,00",,"Box de Garagem p/ 2 veículos - 29,00m² - Centro",Judicial,https://www.leiloesjudiciais.com.br/lote/97495/208575,Leilões Judiciais,Imóvel
#132943,,Porto Alegre,,"Box descoberto c/ 10,58m² - Cond. Campus do Vale","20000,0","40000,0","50,00",,"Box descoberto c/ 10,58m² - Cond. Campus do Vale",Judicial,https://www.leiloesjudiciais.com.br/lote/37433/132943,Leilões Judiciais,Imóvel
#208831,,Porto Alegre,,"Box nº 48 - 10,58m² - Edifício Village - Bela Vista","12500,0","25000,0","50,00",,"Box nº 48 - 10,58m² - Edifício Village - Bela Vista",Judicial,https://www.leiloesjudiciais.com.br/lote/97614/208831,Leilões Judiciais,Imóvel
#211043,,Porto Alegre,,Direito - 01 Vaga - Ed. Uarumã - B. Centro Histórico,"10400,0","20800,0","50,00",,Direito - 01 Vaga - Ed. Uarumã - B. Centro Histórico,Judicial,https://www.leiloesjudiciais.com.br/lote/98169/211043,Leilões Judiciais,Imóvel
#208830,,Porto Alegre,,"Box nº 06 - 10,58m² - Edifício Village - Bela Vista","10000,0","20000,0","50,00",,"Box nº 06 - 10,58m² - Edifício Village - Bela Vista",Judicial,https://www.leiloesjudiciais.com.br/lote/97614/208830,Leilões Judiciais,Imóvel
#208829,,Porto Alegre,,"Box nº 07 10,58m² - Edifício Village - Bela Vista","10000,0","20000,0","50,00",,"Box nº 07 10,58m² - Edifício Village - Bela Vista",Judicial,https://www.leiloesjudiciais.com.br/lote/97614/208829,Leilões Judiciais,Imóvel
#211064,,Porto Alegre,,I/BMW X5 M50D - 18/19 - Preta - Depósito,"152000,0","190000,0","20,00",,I/BMW X5 M50D - 18/19 - Preta - Depósito,Judicial,https://www.leiloesjudiciais.com.br/lote/98172/211064,Leilões Judiciais,Veículo
#211063,,Porto Alegre,,I/BMW X6 M GZ01 - 14/14 - Preta - Depósito,"108058,4","135073,0","20,00",,I/BMW X6 M GZ01 - 14/14 - Preta - Depósito,Judicial,https://www.leiloesjudiciais.com.br/lote/98172/211063,Leilões Judiciais,Veículo
#210898,,Canoas,,VW/17230EOD Neobus Mega - 14/14 - Azul,"75340,0","150680,0","50,00",,VW/17230EOD Neobus Mega - 14/14 - Azul,Judicial,https://www.leiloesjudiciais.com.br/lote/98090/210898,Leilões Judiciais,Veículo
#210899,,Canoas,,VW/17230EOD Neobus Mega - 14/14 - Azul,"75340,0","150680,0","50,00",,VW/17230EOD Neobus Mega - 14/14 - Azul,Judicial,https://www.leiloesjudiciais.com.br/lote/98090/210899,Leilões Judiciais,Veículo
#211072,,Novo Hamburgo,,TOYOTA/COROLLA APREMIUMH - 23/24 - Cinza,"74107,0","148214,0","50,00",,TOYOTA/COROLLA APREMIUMH - 23/24 - Cinza,Judicial,https://www.leiloesjudiciais.com.br/lote/98175/211072,Leilões Judiciais,Veículo
#208515,,Porto Alegre,,Embarcação Scudetto - Sea Ray 24 pés,"72000,0","144000,0","50,00",,Embarcação Scudetto - Sea Ray 24 pés,Judicial,https://www.leiloesjudiciais.com.br/lote/97462/208515,Leilões Judiciais,Veículo
#209903,,Eldorado do Sul,,Semi-Reboque - SR/NOMA SR2E18RT2 CG - 11/11 - Cinza,"58500,0","90000,0","35,00",,Semi-Reboque - SR/NOMA SR2E18RT2 CG - 11/11 - Cinza,Judicial,https://www.leiloesjudiciais.com.br/lote/97890/209903,Leilões Judiciais,Veículo
#208517,,Porto Alegre,,Embarcação Olho D'Água II - Proski 590 19 pés,"42000,0","84000,0","50,00",,Embarcação Olho D'Água II - Proski 590 19 pés,Judicial,https://www.leiloesjudiciais.com.br/lote/97462/208517,Leilões Judiciais,Veículo
#209902,,Guaíba,,FORD/ECOSPORT SE - 18/19 - Branca,"33755,0","67510,0","50,00",,FORD/ECOSPORT SE - 18/19 - Branca,Judicial,https://www.leiloesjudiciais.com.br/lote/97890/209902,Leilões Judiciais,Veículo
#211062,,Porto Alegre,,I/KIA SPORTAGE EX2 OFFG4 - 15/15 - Branca - Depósito,"32800,0","41000,0","20,00",,I/KIA SPORTAGE EX2 OFFG4 - 15/15 - Branca - Depósito,Judicial,https://www.leiloesjudiciais.com.br/lote/98172/211062,Leilões Judiciais,Veículo
#210900,,Canoas,,Toyota/Corolla Seg18 Flex - 08/09 - Cinza,"27769,5","55539,0","50,00",,Toyota/Corolla Seg18 Flex - 08/09 - Cinza,Judicial,https://www.leiloesjudiciais.com.br/lote/98090/210900,Leilões Judiciais,Veículo
#209960,,Esteio,,VOLVO/NL12 360 4X2 - 94/95 - Branco,"27500,0","55000,0","50,00",,VOLVO/NL12 360 4X2 - 94/95 - Branco,Judicial,https://www.leiloesjudiciais.com.br/lote/97911/209960,Leilões Judiciais,Veículo
#210219,,Porto Alegre,,CHEVROLET/MONTANA LS - 2011/2012 - Branco,"21000,0","35000,0","40,00",,CHEVROLET/MONTANA LS - 2011/2012 - Branco,Judicial,https://www.leiloesjudiciais.com.br/lote/97990/210219,Leilões Judiciais,Veículo
#209987,,Novo Hamburgo,,Caminhão - M.BENZ/L 1113 - 78/78 - Laranja,"17500,0","35000,0","50,00",,Caminhão - M.BENZ/L 1113 - 78/78 - Laranja,Judicial,https://www.leiloesjudiciais.com.br/lote/97911/209987,Leilões Judiciais,Veículo
#209438,,Guaíba,,CHEVROLET/COBALT 1.8 LT - 2012/2013 - Azul,"16910,0","33820,0","50,00",,CHEVROLET/COBALT 1.8 LT - 2012/2013 - Azul,Judicial,https://www.leiloesjudiciais.com.br/lote/96212/209438,Leilões Judiciais,Veículo
#209859,,Guaíba,,FORD RANGER XLT 13D - 2000 - Cinza,"16000,0","32000,0","50,00",,FORD RANGER XLT 13D - 2000 - Cinza,Judicial,https://www.leiloesjudiciais.com.br/lote/96212/209859,Leilões Judiciais,Veículo
#209484,,São Leopoldo,,GM/ZAFIRA ELITE - 06/06 - Prata,"14799,5","29599,0","50,00",,GM/ZAFIRA ELITE - 06/06 - Prata,Judicial,https://www.leiloesjudiciais.com.br/lote/97719/209484,Leilões Judiciais,Veículo
#209958,,Canoas,,GM/ZAFIRA ELITE - 07/08 - Preta,"14000,0","28000,0","50,00",,GM/ZAFIRA ELITE - 07/08 - Preta,Judicial,https://www.leiloesjudiciais.com.br/lote/97911/209958,Leilões Judiciais,Veículo
#209957,,Cachoeirinha,,FIAT/IDEA ADVENTURE 1.8 - 11/11 - Preta - flex,"12500,0","25000,0","50,00",,FIAT/IDEA ADVENTURE 1.8 - 11/11 - Preta - flex,Judicial,https://www.leiloesjudiciais.com.br/lote/97911/209957,Leilões Judiciais,Veículo
#208099,,Gravataí,,I/CITROEN C4 PALLAS20EXA - 2007/2008 - Preta,"11414,5","22829,0","50,00",,I/CITROEN C4 PALLAS20EXA - 2007/2008 - Preta,Judicial,https://www.leiloesjudiciais.com.br/lote/97312/208099,Leilões Judiciais,Veículo
#206400,,Porto Alegre,,FIAT/UNO MILLE ECONOMY - 13/13 - Branco - Flex,"11410,5","22821,0","50,00",,FIAT/UNO MILLE ECONOMY - 13/13 - Branco - Flex,Judicial,https://www.leiloesjudiciais.com.br/lote/94965/206400,Leilões Judiciais,Veículo
#210901,,Canoas,,Fiat/Uno Mille Economy - 11/12 - Branca - Flex,"11107,0","22214,0","50,00",,Fiat/Uno Mille Economy - 11/12 - Branca - Flex,Judicial,https://www.leiloesjudiciais.com.br/lote/98090/210901,Leilões Judiciais,Veículo
#207413,,São Leopoldo,,FIAT/SIENA FIRE - 03/04 - Prata,"9256,2","15427,0","40,00",,FIAT/SIENA FIRE - 03/04 - Prata,Judicial,https://www.leiloesjudiciais.com.br/lote/96217/207413,Leilões Judiciais,Veículo
#206912,,Porto Alegre,,FORD/FIESTA FLEX - 09/10 - Prata,"9000,0","18000,0","50,00",,FORD/FIESTA FLEX - 09/10 - Prata,Judicial,https://www.leiloesjudiciais.com.br/lote/94965/206912,Leilões Judiciais,Veículo
#210902,,Canoas,,Fiat/Uno Mille Fire Flex - 06/06 - Branca - Flex,"7502,0","15004,0","50,00",,Fiat/Uno Mille Fire Flex - 06/06 - Branca - Flex,Judicial,https://www.leiloesjudiciais.com.br/lote/98090/210902,Leilões Judiciais,Veículo
#208841,,São Leopoldo,,Fiat/Uno Mille Fire - 05/06 - Branco,"7200,0","12000,0","40,00",,Fiat/Uno Mille Fire - 05/06 - Branco,Judicial,https://www.leiloesjudiciais.com.br/lote/97615/208841,Leilões Judiciais,Veículo
#211029,,Porto Alegre,,GM/Celta 3 Portas - 2003/2003 - Gasolina,"6500,0","13000,0","50,00",,GM/Celta 3 Portas - 2003/2003 - Gasolina,Judicial,https://www.leiloesjudiciais.com.br/lote/98166/211029,Leilões Judiciais,Veículo
#204830,,Guaíba,,Fiat/Palio Weekend Stile - 1998/1998 - Verde,"6300,0","9000,0","30,00",,Fiat/Palio Weekend Stile - 1998/1998 - Verde,Judicial,https://www.leiloesjudiciais.com.br/lote/96212/204830,Leilões Judiciais,Veículo
#206914,,Canoas,,GM/PRISMA MAXX - 09/09 - Branco,"5937,5","11875,0","50,00",,GM/PRISMA MAXX - 09/09 - Branco,Judicial,https://www.leiloesjudiciais.com.br/lote/94965/206914,Leilões Judiciais,Veículo
#208098,,Cachoeirinha,,FIAT/FIORINO 1.0 - 1994/1994 - Branca,"5753,5","11507,0","50,00",,FIAT/FIORINO 1.0 - 1994/1994 - Branca,Judicial,https://www.leiloesjudiciais.com.br/lote/97312/208098,Leilões Judiciais,Veículo
#208522,,Porto Alegre,,Embarcação Paquita - Lancha Lotus 16,"5000,0","10000,0","50,00",,Embarcação Paquita - Lancha Lotus 16,Judicial,https://www.leiloesjudiciais.com.br/lote/97462/208522,Leilões Judiciais,Veículo
#209907,,Guaíba,,FORD/KA GL - 07/07 - Preto - Atingido por enchente,"4500,0","9000,0","50,00",,FORD/KA GL - 07/07 - Preto - Atingido por enchente,Judicial,https://www.leiloesjudiciais.com.br/lote/97890/209907,Leilões Judiciais,Veículo
#201634,,Novo Hamburgo,,I/M.BENZ 412D SPRINTER C - 00/01 - Branca - Diesel,"4000,0","8000,0","50,00",,I/M.BENZ 412D SPRINTER C - 00/01 - Branca - Diesel,Judicial,https://www.leiloesjudiciais.com.br/lote/94963/201634,Leilões Judiciais,Veículo
#205787,,Porto Alegre,,VW/GOLTLMB - 14/15 - Branco - Atingido por enchente,"3460,0","6920,0","50,00",,VW/GOLTLMB - 14/15 - Branco - Atingido por enchente,Judicial,https://www.leiloesjudiciais.com.br/lote/94965/205787,Leilões Judiciais,Veículo
#205229,,Porto Alegre,,IMP/VW POLO CLAS 1.8 MI - 99/99 - Prata,"3134,7","6269,4","50,00",,IMP/VW POLO CLAS 1.8 MI - 99/99 - Prata,Judicial,https://www.leiloesjudiciais.com.br/lote/94965/205229,Leilões Judiciais,Veículo
#204425,,Canoas,,FIAT/PALIO ED - 98/98 - Cinza,"1000,0","2000,0","50,00",,FIAT/PALIO ED - 98/98 - Cinza,Judicial,https://www.leiloesjudiciais.com.br/lote/94965/204425,Leilões Judiciais,Veículo
#208055,,Guaíba,,GM/CELTA 5 PORTAS SUPER - 02/03 - Sucata inservível,"425,0","850,0","50,00",,GM/CELTA 5 PORTAS SUPER - 02/03 - Sucata inservível,Judicial,https://www.leiloesjudiciais.com.br/lote/96425/208055,Leilões Judiciais,Veículo
ZUK-37009-230809,,PORTO ALEGRE,TERESOPOLIS,"Rua Bispo William Thomas,  260","705461,34","705461,34","0,00",,Apartamento em Teresópolis,Leilão,https://www.portalzuk.com.br/imovel/rs/porto-alegre/teresopolis/rua-bispo-william-thomas-260/37009-230809,Zukerman,Imóvel
ZUK-37007-230806,,PORTO ALEGRE,MENINO DEUS,"Rua Barão de Cerro Largo,  11","166590,05","166590,05","0,00",,Loja / Sala Comercial em Menino Deus,Leilão,https://www.portalzuk.com.br/imovel/rs/porto-alegre/menino-deus/rua-barao-de-cerro-largo-11/37007-230806,Zukerman,Imóvel
ZUK-37007-230807,,PORTO ALEGRE,MENINO DEUS,"Rua Barão do Cerro Largo,  11","166590,05","166590,05","0,00",,Loja / Sala Comercial em Menino Deus,Leilão,https://www.portalzuk.com.br/imovel/rs/porto-alegre/menino-deus/rua-barao-do-cerro-largo-11/37007-230807,Zukerman,Imóvel
ZUK-37111-231606,,PORTO ALEGRE,CENTRO HISTORICO,"Rua dos Andradas,  1560","45975,0","143671,88","68,00",,Loja / Sala Comercial em Centro Histórico,Leilão,https://www.portalzuk.com.br/imovel/rs/porto-alegre/centro-historico/rua-dos-andradas-1560/37111-231606,Zukerman,Imóvel
ZUK-37152-231976,,PORTO ALEGRE,CRISTO REDENTOR,"Rua Eugênio Du Pasquier,  255","289000,0","555769,23","48,00",,Apartamento em Cristo Redentor,Leilão,https://www.portalzuk.com.br/imovel/rs/porto-alegre/cristo-redentor/rua-eugenio-du-pasquier-255/37152-231976,Zukerman,Imóvel
ZUK-37220-232286,,PORTO ALEGRE,MENINO DEUS,"Rua Dona Augusta,  486","134082,0","134082,0","0,00",,Apartamento em Menino Deus,Leilão,https://www.portalzuk.com.br/imovel/rs/porto-alegre/menino-deus/rua-dona-augusta-486/37220-232286,Zukerman,Imóvel
ZUK-37220-232322,,PORTO ALEGRE,CAMPO NOVO,"Rua Tome Antonio De Souza,  240","87360,0","87360,0","0,00",,Apartamento em Campo Novo,Leilão,https://www.portalzuk.com.br/imovel/rs/porto-alegre/campo-novo/rua-tome-antonio-de-souza-240/37220-232322,Zukerman,Imóvel
ZUK-,,PORTO ALEGRE,FLORESTA,"Rua Voluntários da Pátria,  700","24000,0","24000,0","0,00",,Apartamento em Floresta,Leilão,https://www.portalzuk.com.br,Zukerman,Imóvel
ZUK-,,PORTO ALEGRE,FLORESTA,"Rua Voluntários da Pátria,  700","23000,0","23000,0","0,00",,Apartamento em Floresta,Leilão,https://www.portalzuk.com.br,Zukerman,Imóvel
ZUK-,,PORTO ALEGRE,FLORESTA,"Rua Voluntários da Pátria,  700","39000,0","39000,0","0,00",,Apartamento em Floresta,Leilão,https://www.portalzuk.com.br,Zukerman,Imóvel
ZUK-37111-231641,,CANOAS,HARMONIA,"Rua República,  2119","231825,0","515166,67","55,00",,Casa em Harmonia,Leilão,https://www.portalzuk.com.br/imovel/rs/canoas/harmonia/rua-republica-2119/37111-231641,Zukerman,Imóvel
ZUK-37111-232173,,CANOAS,HARMONIA,"Rua Marcilio Dias,  161","291675,0","530318,18","45,00",,Casa em Harmonia,Leilão,https://www.portalzuk.com.br/imovel/rs/canoas/harmonia/rua-marcilio-dias-161/37111-232173,Zukerman,Imóvel
ZUK-37152-231969,,CANOAS,SAO JOSE,"Rua Verona,  395","191000,0","367307,69","48,00",,Casa em São José,Leilão,https://www.portalzuk.com.br/imovel/rs/canoas/sao-jose/rua-verona-395/37152-231969,Zukerman,Imóvel
ZUK-37220-232296,,CANOAS,RIO BRANCO,"Rua Machadinho,  1707","65988,0","65988,0","0,00",,Apartamento em Rio Branco,Leilão,https://www.portalzuk.com.br/imovel/rs/canoas/rio-branco/rua-machadinho-1707/37220-232296,Zukerman,Imóvel
ZUK-37142-231892,,ALVORADA,APARECIDA,"Rua João Pessoa,  636","96000,0","1371428,57","93,00",,Casa em Aparecida,Leilão,https://www.portalzuk.com.br/imovel/rs/alvorada/aparecida/rua-joao-pessoa-636/37142-231892,Zukerman,Imóvel
ZUK-37220-232214,,VIAMAO,FIUZA,"Rua Ametista,  547","183458,8","183458,8","0,00",,Casa em Fiuza,Leilão,https://www.portalzuk.com.br/imovel/rs/viamao/fiuza/rua-ametista-547/37220-232214,Zukerman,Imóvel
ZUK-37220-232230,,VIAMAO,PRO-MORAR,"Rua Q,  61","127062,0","127062,0","0,00",,Casa em Pró-Morar,Leilão,https://www.portalzuk.com.br/imovel/rs/viamao/pro_morar/rua-q-61/37220-232230,Zukerman,Imóvel
ZUK-37220-232310,,VIAMAO,SANTA ISABEL,"Rua Nossa Senhora Aparecida,  35","152100,0","152100,0","0,00",,Casa em Santa Isabel,Leilão,https://www.portalzuk.com.br/imovel/rs/viamao/santa-isabel/rua-nossa-senhora-aparecida-35/37220-232310,Zukerman,Imóvel
ZUK-36670-231900,,GRAVATAI,SANTA FE,"Rua Mena Barreto,  133","382440,51","382440,51","0,00",,Casa em Santa Fé,Leilão,https://www.portalzuk.com.br/imovel/rs/gravatai/santa-fe/rua-mena-barreto-133/36670-231900,Zukerman,Imóvel
ZUK-37111-231605,,GUAIBA,ALEGRIA,"Rua Rui Barbosa,  1473","110400,0","290526,32","62,00",,Casa em Alegria,Leilão,https://www.portalzuk.com.br/imovel/rs/guaiba/alegria/rua-rui-barbosa-1473/37111-231605,Zukerman,Imóvel
ZUK-37090-231305,,GUAIBA,COLINA,"Rua João Uranga,  179","37120,0","92800,0","60,00",,Casa em Colina,Leilão,https://www.portalzuk.com.br/imovel/rs/guaiba/colina/rua-joao-uranga-179/37090-231305,Zukerman,Imóvel
ZUK-36903-230195,,NOVO HAMBURGO,CENTRO,"Rua Silveira Martins,  855","563808,69","563808,69","0,00",,Apartamento em Centro,Leilão,https://www.portalzuk.com.br/imovel/rs/novo-hamburgo/centro/rua-silveira-martins-855/36903-230195,Zukerman,Imóvel
ZUK-37157-231994,,SAO LEOPOLDO,SCHARLAU,"Rua Vallercy Martins da Silva,  331","255000,0","386363,64","34,00",,Casa em Scharlau,Leilão,https://www.portalzuk.com.br/imovel/rs/sao-leopoldo/scharlau/rua-vallercy-martins-da-silva-331/37157-231994,Zukerman,Imóvel
ZUK-37142-231893,,SAO LEOPOLDO,PADRE REUS,"Rua Felipe dos Santos,  77","193375,0","311895,16","38,00",,Apartamento em Padre Reus,Leilão,https://www.portalzuk.com.br/imovel/rs/sao-leopoldo/padre-reus/rua-felipe-dos-santos-77/37142-231893,Zukerman,Imóvel
ZUK-37142-231894,,SAO LEOPOLDO,SCHARLAU,"Rua Diamante,  93","130000,0","276595,74","53,00",,Casa em Scharlau,Leilão,https://www.portalzuk.com.br/imovel/rs/sao-leopoldo/scharlau/rua-diamante-93/37142-231894,Zukerman,Imóvel
ZUK-37124-231739,,SAO LEOPOLDO,FEITORIA VELHA,"Rua Marisa Faller,  79","182000,0","260000,0","30,00",,Casa em Feitoria Velha,Leilão,https://www.portalzuk.com.br/imovel/rs/sao-leopoldo/feitoria-velha/rua-marisa-faller-79/37124-231739,Zukerman,Imóvel
ZUK-36609-227754,,SAO LEOPOLDO,SCHARLAU,"Avenida Senador Salgado Filho,  3028","0,0","0,0","0,00",,Comercial / Industrial em Scharlau,Leilão,https://www.portalzuk.com.br/imovel/rs/sao-leopoldo/scharlau/avenida-senador-salgado-filho-3028/36609-227754,Zukerman,Imóvel
ZUK-37220-232309,,SAO LEOPOLDO,VILA REAL FEITORIA,"Rua Carlos Bier,  1828","152880,0","152880,0","0,00",,Casa em Vila Real Feitoria,Leilão,https://www.portalzuk.com.br/imovel/rs/sao-leopoldo/vila-real-feitoria/rua-carlos-bier-1828/37220-232309,Zukerman,Imóvel
BB-11064,,PORTO ALEGRE,,,"135599,8","135599,8","0,00",,Apartamento - Nº DO BEM: 514581339 PORTO ALEGRE (RS)Descrição: IMÓVEL DE MATRÍCULA 23.652 DO REGISTRO DE IMÓVEIS DA 1ª ZONA DE POR,Venda Direta,https://seuimovelbb.com.br/imovel/id/11064,Banco do Brasil,Imóvel
BB-11065,,SAO LEOPOLDO,,,"143940,21","143940,21","0,00",,Casa - Nº DO BEM: 533162270 SÃO LEOPOLDO (RS)Descrição: IMÓVEL DE MATRÍCULA 66.409 DO OFÍCIO DE REGISTRO DE IMÓVEIS DE SÃO ,Venda Direta,https://seuimovelbb.com.br/imovel/id/11065,Banco do Brasil,Imóvel
BB-11061,,PORTO ALEGRE,,,"186709,41","186709,41","0,00",,Apartamento - Nº DO BEM: 526763061 PORTO ALEGRE (RS)Descrição: IMÓVEL DE MATRÍCULA 59.411 DO OFÍCIO DE REGISTRO DE IMÓVEIS 6ª ZONA,Venda Direta,https://seuimovelbb.com.br/imovel/id/11061,Banco do Brasil,Imóvel
BB-11060,,GRAVATAI,,,"200000,0","200000,0","0,00",,Apartamento - Nº DO BEM: 514695905 GRAVATAÍ (RS)Descrição: IMÓVEL DE MATRÍCULA 112.030 DO REGISTRO DE IMÓVEIS DE GRAVATAÍ DE GRAVA,Venda Direta,https://seuimovelbb.com.br/imovel/id/11060,Banco do Brasil,Imóvel
BB-11059,,GRAVATAI,,,"200000,0","200000,0","0,00",,Apartamento - Nº DO BEM: 515015250 GRAVATAÍ (RS)Descrição: IMÓVEL DE MATRÍCULA 111.820 DO REGISTRO DE IMÓVEIS DA COMARCA DE GRAVAT,Venda Direta,https://seuimovelbb.com.br/imovel/id/11059,Banco do Brasil,Imóvel
BB-11057,,GRAVATAI,,,"200000,0","200000,0","0,00",,"Apartamento - Nº DO BEM: 517591233 GRAVATAÍ (RS)Descrição: IMÓVEL DE MATRÍCULA 111.996 DO REGISTRO DE IMÓVEIS DE GRAVATAÍ-RS, ASSI",Venda Direta,https://seuimovelbb.com.br/imovel/id/11057,Banco do Brasil,Imóvel
BB-11058,,GRAVATAI,,,"215000,0","215000,0","0,00",,Apartamento - Nº DO BEM: 516153287 GRAVATAÍ (RS)Descrição: IMÓVEL DE MATRÍCULA 111.814 DO REGISTRO DE IMÓVEIS DA COMARCA DE GRAVAT,Venda Direta,https://seuimovelbb.com.br/imovel/id/11058,Banco do Brasil,Imóvel
BB-11063,,PORTO ALEGRE,,,"218839,69","218839,69","0,00",,Apartamento - Nº DO BEM: 528611437 PORTO ALEGRE (RS)Descrição: IMÓVEL DE MATRÍCULA 57.972 DO OFÍCIO DE REGISTRO DE IMÓVEIS DA 6ª Z,Venda Direta,https://seuimovelbb.com.br/imovel/id/11063,Banco do Brasil,Imóvel
BB-11056,,GRAVATAI,,,"234709,5","234709,5","0,00",,"Apartamento - Nº DO BEM: 527944148 GRAVATAÍ (RS)Descrição: IMÓVEL DE MATRÍCULA 112.688 DO REGISTRO DE IMÓVEIS DE GRAVATAÍ-RS, ASSI",Venda Direta,https://seuimovelbb.com.br/imovel/id/11056,Banco do Brasil,Imóvel
BB-11062,,PORTO ALEGRE,,,"323155,18","323155,18","0,00",,Apartamento - Nº DO BEM: 541798241 PORTO ALEGRE (RS)Descrição: IMÓVEL DE MATRÍCULA 112.427 DO REGISTRO DE IMÓVEIS DA 1ª ZONA DE PO,Venda Direta,https://seuimovelbb.com.br/imovel/id/11062,Banco do Brasil,Imóvel
BB-7166,,VIAMAO,,,"343600,0","343600,0","0,00",,"Casa - ID1781 Descrição legal: Imóvel Urbano Residencial, Casa B-12, situada na Rua Beco dos Guterres, nº 2565, Bairro Pas",Venda Direta,https://seuimovelbb.com.br/imovel/id/7166,Banco do Brasil,Imóvel
BB-8777,,CANOAS,,,"9350126,0","9350126,0","0,00",,"Prédio - ID74758 CANOAS (RS)Descrição legal: Imóvel Urbano: Prédio Comercial situado na Rua Quinze de janeiro, 88, Centro",Venda Direta,https://seuimovelbb.com.br/imovel/id/8777,Banco do Brasil,Imóvel
BB-10439,,SAO LEOPOLDO,,,"15514282,0","15514282,0","0,00",,"Prédio - ID74383 SÃO LEOPOLDO (RS)Descrição legal: Imóvel Urbano: Prédio Comercial situado Rua Independência, 399, Centro",Venda Direta,https://seuimovelbb.com.br/imovel/id/10439,Banco do Brasil,Imóvel
