N° do imóvel,UF,Cidade,Bairro,Endereço,Preço,Valor de avaliação,Desconto,Financiamento,Descrição,Modalidade de venda,Link de acesso,Origem,Categoria
8444436609666,RS,ALVORADA,UMBU,"RUA TRINTA E DOIS, N. 119, Apto 202,","50.076,39","86.500,00",42.11,Não,"Apartamento, 42.84 de área total, 39.78 de área privativa, 0.00 de área do terreno,  2 qto(s), WC Emp, 1 sala(s), cozinha.",Licitação Aberta,https://venda-imoveis.caixa.gov.br/sistema/detalhe-imovel.asp?hdnimovel=8444436609666,Caixa,Imóvel
8444428629637,RS,ALVORADA,JARDIM ALGARVE,"RUA ALDO RODRIGUES DA SILVA, N. 205, Apto 102,","72.988,41","126.000,00",42.08,Não,"Apartamento, 0.00 de área total, 33.35 de área privativa, 0.00 de área do terreno,  1 qto(s), WC, 1 sala(s), cozinha.",Licitação Aberta,https://venda-imoveis.caixa.gov.br/sistema/detalhe-imovel.asp?hdnimovel=8444428629637,Caixa,Imóvel
8444431790753,RS,ALVORADA,MARIA REGINA,"RUA TUPI, N. 580, Apto 404, 4° ANDAR, LOTE 8, QUADRA 61","79.980,24","138.070,00",42.08,Não,"Apartamento, 42.84 de área total, 39.78 de área privativa, 0.00 de área do terreno,  2 qto(s), a.serv, WC, 1 sala(s), cozinha.",Licitação Aberta,https://venda-imoveis.caixa.gov.br/sistema/detalhe-imovel.asp?hdnimovel=8444431790753,Caixa,Imóvel
8444419670654,RS,ALVORADA,MARIA REGINA,"RUA JOSE LINS DO REGO, N. 1288, CS 1 LT 11A","82.550,28","141.000,00",41.46,Não,"Casa, 47.97 de área total, 45.84 de área privativa, 87.60 de área do terreno,  2 qto(s), WC, 1 sala(s), cozinha, 1 vaga(s) de garagem.",Venda Direta Online,https://venda-imoveis.caixa.gov.br/sistema/detalhe-imovel.asp?hdnimovel=8444419670654,Caixa,Imóvel
8787703218666,RS,ALVORADA,PQ. RES. VALE VERDE,"RUA F, N. 130, Apto 203, BLOCO 04","97.778,11","165.000,00",40.75,Não,"Apartamento, 85.45 de área total, 43.99 de área privativa, 0.00 de área do terreno,  2 qto(s), WC, 1 sala(s), cozinha, 1 vaga(s) de garagem.",Licitação Aberta,https://venda-imoveis.caixa.gov.br/sistema/detalhe-imovel.asp?hdnimovel=8787703218666,Caixa,Imóvel
8444431781045,RS,ALVORADA,JARDIM ALGARVE,"RUA CENTO E CINQUENTA, N. 226, Apto 202, LT 11 QD E-6D","97.778,11","165.000,00",40.75,Não,"Apartamento, 41.76 de área total, 35.88 de área privativa, 0.00 de área do terreno,  1 qto(s), WC, 1 sala(s), cozinha.",Licitação Aberta,https://venda-imoveis.caixa.gov.br/sistema/detalhe-imovel.asp?hdnimovel=8444431781045,Caixa,Imóvel
8555536409199,RS,ALVORADA,TERRA NOVA,"ACESSO TERRA NOVA, N. 601, CASA 356","159.199,17","260.000,00",38.77,Não,"Casa, 51.54 de área total, 51.05 de área privativa, 85.00 de área do terreno,  2 qto(s), WC, 1 sala(s), cozinha, 1 vaga(s) de garagem.",Licitação Aberta,https://venda-imoveis.caixa.gov.br/sistema/detalhe-imovel.asp?hdnimovel=8555536409199,Caixa,Imóvel
8787703308509,RS,ALVORADA,PIRATINI,"RUA MARAJO, N. 130, Apto 503, BL 06 VG 30 5 PAV","120.991,94","179.298,65",32.52,Não,"Apartamento, 85.45 de área total, 43.99 de área privativa, 0.00 de área do terreno,  2 qto(s), WC, 1 sala(s), cozinha, 1 vaga(s) de garagem.",Leilão SFI - Edital Único,https://venda-imoveis.caixa.gov.br/sistema/detalhe-imovel.asp?hdnimovel=8787703308509,Caixa,Imóvel
8444419570510,RS,ALVORADA,FORMOZA,"RUA FERNAO DIAS, N. 500, CS 01 QD 5 LT 26","177.547,80","226.598,96",21.65,Não,"Casa, 54.50 de área total, 50.49 de área privativa, 86.40 de área do terreno,  2 qto(s), WC, 1 sala(s), cozinha.",Leilão SFI - Edital Único,https://venda-imoveis.caixa.gov.br/sistema/detalhe-imovel.asp?hdnimovel=8444419570510,Caixa,Imóvel
8444424248060,RS,ALVORADA,FORMOZA,"RUA FERNANDO FERRARI, N. 1042, Apto 104,","107.157,58","136.000,00",21.21,Não,"Apartamento, 39.80 de área total, 38.46 de área privativa, 0.00 de área do terreno,  2 qto(s), WC, 1 sala(s), cozinha.",Leilão SFI - Edital Único,https://venda-imoveis.caixa.gov.br/sistema/detalhe-imovel.asp?hdnimovel=8444424248060,Caixa,Imóvel
8444438994788,RS,ALVORADA,UMBU,"RUA TREZE, N. 311, Apto 204, 2 PAV","108.759,11","132.000,00",17.61,Não,"Apartamento, 34.34 de área total, 30.00 de área privativa, 0.00 de área do terreno,  1 qto(s), WC, 1 sala(s), cozinha.",Leilão SFI - Edital Único,https://venda-imoveis.caixa.gov.br/sistema/detalhe-imovel.asp?hdnimovel=8444438994788,Caixa,Imóvel
8444434835014,RS,ALVORADA,MARIA REGINA,"RUA ANA AXELRUD, N. 1088, Apto 102,","118.793,83","141.000,00",15.75,Não,"Apartamento, 33.10 de área total, 30.17 de área privativa, 0.00 de área do terreno,  1 qto(s), WC, 1 sala(s), cozinha.",Leilão SFI - Edital Único,https://venda-imoveis.caixa.gov.br/sistema/detalhe-imovel.asp?hdnimovel=8444434835014,Caixa,Imóvel
8444417442093,RS,ALVORADA,MARIA REGINA,"RUA AIMORE, N. 204, CS 02","153.445,45","160.000,00",4.10,Não,"Casa, 46.76 de área total, 44.83 de área privativa, 86.93 de área do terreno.",Leilão SFI - Edital Único,https://venda-imoveis.caixa.gov.br/sistema/detalhe-imovel.asp?hdnimovel=8444417442093,Caixa,Imóvel
8444426847955,RS,ALVORADA,LOT VILA VASCONCELOS,"RUA SAO TOME, N. 71, CS 01","189.000,00","189.000,00",0.00,Não,"Casa, 0.00 de área total, 45.00 de área privativa, 150.00 de área do terreno.",Leilão SFI - Edital Único,https://venda-imoveis.caixa.gov.br/sistema/detalhe-imovel.asp?hdnimovel=8444426847955,Caixa,Imóvel
8444427648352,RS,ALVORADA,JARDIM ALGARVE,"RUA CENTO E QUARENTA E SEIS, N. 277, Apto 201, PAV 02 LT 22 QD E1A","160.000,00","160.000,00",0.00,Não,"Apartamento, 34.20 de área total, 29.15 de área privativa, 0.00 de área do terreno,  1 qto(s), WC, 1 sala(s), cozinha.",Leilão SFI - Edital Único,https://venda-imoveis.caixa.gov.br/sistema/detalhe-imovel.asp?hdnimovel=8444427648352,Caixa,Imóvel
8444440117128,RS,ALVORADA,JARDIM ALGARVE,"RUA PRESBITERO JOAO FRANCISCO GOMES, N. 104, Apto 202,","166.000,00","166.000,00",0.00,Não,"Apartamento, 36.69 de área total, 31.15 de área privativa, 0.00 de área do terreno,  1 qto(s), WC, 1 sala(s), cozinha.",Leilão SFI - Edital Único,https://venda-imoveis.caixa.gov.br/sistema/detalhe-imovel.asp?hdnimovel=8444440117128,Caixa,Imóvel
8555529417998,RS,ALVORADA,JARDIM ALGARVE,"RUA JOZINO LIOTTI, N. 601, CS 314","266.000,00","266.000,00",0.00,Não,"Casa, 143.98 de área total, 71.75 de área privativa, 100.00 de área do terreno,  3 qto(s), a.serv, WC, 1 sala(s), cozinha, 1 vaga(s) de garagem.",Leilão SFI - Edital Único,https://venda-imoveis.caixa.gov.br/sistema/detalhe-imovel.asp?hdnimovel=8555529417998,Caixa,Imóvel
8444429998822,RS,ALVORADA,JARDIM ALGARVE,"RUA CENTO E CINQUENTA, N. 70, Apto 403,","153.000,00","143.000,00",0.00,Não,"Apartamento, 32.14 de área total, 26.91 de área privativa, 0.00 de área do terreno,  1 qto(s), WC, 1 sala(s), cozinha.",Leilão SFI - Edital Único,https://venda-imoveis.caixa.gov.br/sistema/detalhe-imovel.asp?hdnimovel=8444429998822,Caixa,Imóvel
8444435377788,RS,ALVORADA,JARDIM ALGARVE,"RUA CENTO E VINTE E CINCO, N. 116, Apto 204,","172.117,90","160.000,00",0.00,Não,"Apartamento, 36.20 de área total, 30.30 de área privativa, 0.00 de área do terreno,  1 qto(s), WC, 1 sala(s), cozinha.",Leilão SFI - Edital Único,https://venda-imoveis.caixa.gov.br/sistema/detalhe-imovel.asp?hdnimovel=8444435377788,Caixa,Imóvel
8444437802818,RS,ALVORADA,TIJUCA,"RUA LIMA E SILVA, N. 163, Apto 103,","170.000,00","152.000,00",0.00,Não,"Apartamento, 34.58 de área total, 29.78 de área privativa, 0.00 de área do terreno,  1 qto(s), WC, 1 sala(s), cozinha.",Leilão SFI - Edital Único,https://venda-imoveis.caixa.gov.br/sistema/detalhe-imovel.asp?hdnimovel=8444437802818,Caixa,Imóvel
8787718140722,RS,ALVORADA,PIRATINI,"RUA PAISSANDU, N. SN, CS 05 RUA E Nº 27 VG 05 LT 01 QD 04","161.900,00","140.780,00",0.00,Não,"Casa, 31.42 de área total, 30.18 de área privativa, 79.50 de área do terreno,  1 qto(s), a.serv, WC, 1 sala(s), cozinha, 1 vaga(s) de garagem.",Leilão SFI - Edital Único,https://venda-imoveis.caixa.gov.br/sistema/detalhe-imovel.asp?hdnimovel=8787718140722,Caixa,Imóvel
8444426121911,RS,ALVORADA,JARDIM ALGARVE,"RUA JOAO FRANCISCO DA SILVA, N. 6, Apto 102, ED B","180.000,00","156.000,00",0.00,Não,"Apartamento, 59.37 de área total, 56.23 de área privativa, 0.00 de área do terreno,  2 qto(s), varanda, a.serv, WC, 1 sala(s), cozinha.",Leilão SFI - Edital Único,https://venda-imoveis.caixa.gov.br/sistema/detalhe-imovel.asp?hdnimovel=8444426121911,Caixa,Imóvel
8787718327334,RS,ALVORADA,PIRATINI,"RUA B, N. 140, Q02L01 UN.PV.46","173.603,93","146.000,00",0.00,Não,"Casa, 29.30 de área total, 29.30 de área privativa, 37.19 de área do terreno,  1 qto(s), WC, 1 sala(s), cozinha, 1 vaga(s) de garagem.",Leilão SFI - Edital Único,https://venda-imoveis.caixa.gov.br/sistema/detalhe-imovel.asp?hdnimovel=8787718327334,Caixa,Imóvel
8787705970586,RS,ALVORADA,FORMOZA,"RUA OSCAR SCHICK, N. 2350, CS 24  ST 10 LT 02","240.000,00","168.000,00",0.00,Não,"Casa, 82.24 de área total, 49.47 de área privativa, 96.25 de área do terreno,  1 qto(s), a.serv, WC, 1 sala(s), cozinha.",Leilão SFI - Edital Único,https://venda-imoveis.caixa.gov.br/sistema/detalhe-imovel.asp?hdnimovel=8787705970586,Caixa,Imóvel
8444422908704,RS,ALVORADA,LOT PQ RES SÃO PEDRO,"RUA PEDRO ALVARES CABRAL, N. 168, Apto 202, PAV 02 LT 20 QD C","279.332,98","176.000,00",0.00,Não,"Apartamento, 69.05 de área total, 56.05 de área privativa, 0.00 de área do terreno,  2 qto(s), a.serv, WC, 1 sala(s), cozinha, 1 vaga(s) de garagem.",Leilão SFI - Edital Único,https://venda-imoveis.caixa.gov.br/sistema/detalhe-imovel.asp?hdnimovel=8444422908704,Caixa,Imóvel
8444430140968,RS,CACHOEIRINHA,VILA VISTA ALEGRE,"AVENIDA JOSE BRAMBILA, N. 372, Apto 306,","71.080,90","124.000,00",42.68,Não,"Apartamento, 40.63 de área total, 33.29 de área privativa, 0.00 de área do terreno,  1 qto(s), a.serv, WC, 1 sala(s), cozinha.",Licitação Aberta,https://venda-imoveis.caixa.gov.br/sistema/detalhe-imovel.asp?hdnimovel=8444430140968,Caixa,Imóvel
8444428728694,RS,CACHOEIRINHA,PARQUE MARECHAL RONDON,"RUA ROMENIA, N. 305, Apto 504D, BL D","77.043,32","133.000,00",42.08,Não,"Apartamento, 45.51 de área total, 40.51 de área privativa, 0.00 de área do terreno,  2 qto(s), a.serv, WC, 1 sala(s), cozinha.",Licitação Aberta,https://venda-imoveis.caixa.gov.br/sistema/detalhe-imovel.asp?hdnimovel=8444428728694,Caixa,Imóvel
8555521954560,RS,CACHOEIRINHA,JARDIM BETANIA,"AVENIDA DA FEDERACAO (ANTIGA RUA 01), N. 685, Apto BL G, LT 22 QD K","78.781,14","136.000,00",42.08,Não,"Apartamento, 47.62 de área total, 43.20 de área privativa, 0.00 de área do terreno,  2 qto(s), WC, 1 sala(s), cozinha.",Licitação Aberta,https://venda-imoveis.caixa.gov.br/sistema/detalhe-imovel.asp?hdnimovel=8555521954560,Caixa,Imóvel
8787704416720,RS,CACHOEIRINHA,JARDIM BETANIA,"ESTRADA DOS CAPISTRANOS, N. 238, CS 02 LT 7 QD B","80.029,48","138.155,00",42.08,Não,"Casa, 29.48 de área total, 29.48 de área privativa, 96.59 de área do terreno,  1 qto(s), WC, 1 sala(s), cozinha, 1 vaga(s) de garagem.",Licitação Aberta,https://venda-imoveis.caixa.gov.br/sistema/detalhe-imovel.asp?hdnimovel=8787704416720,Caixa,Imóvel
8555521816362,RS,CACHOEIRINHA,JARDIM BETANIA,"AVENIDA DA FEDERACAO, N. 685, Apto 223, BL F PAV 2 ANDAR 2","81.964,82","140.000,00",41.46,Não,"Apartamento, 47.62 de área total, 43.20 de área privativa, 0.00 de área do terreno,  2 qto(s), a.serv, WC, 1 sala(s), cozinha.",Licitação Aberta,https://venda-imoveis.caixa.gov.br/sistema/detalhe-imovel.asp?hdnimovel=8555521816362,Caixa,Imóvel
8787700179392,RS,CACHOEIRINHA,CHACARA DAS ROSAS II,"RUA ROSA VERMELHA (ANTIGA RUA 04), N. 158, CS 01","94.815,14","160.000,00",40.75,Não,"Casa, 29.80 de área total, 29.80 de área privativa, 94.01 de área do terreno,  1 qto(s), a.serv, WC, 1 sala(s), cozinha, 1 vaga(s) de garagem.",Licitação Aberta,https://venda-imoveis.caixa.gov.br/sistema/detalhe-imovel.asp?hdnimovel=8787700179392,Caixa,Imóvel
8787713982857,RS,CACHOEIRINHA,FAZENDA ESPERANCA,"RUA 42, N. 59, CS 10","100.741,08","170.000,00",40.75,Não,"Casa, 44.82 de área total, 43.64 de área privativa, 84.48 de área do terreno,  2 qto(s), a.serv, WC, 1 sala(s), cozinha, 1 vaga(s) de garagem.",Licitação Aberta,https://venda-imoveis.caixa.gov.br/sistema/detalhe-imovel.asp?hdnimovel=8787713982857,Caixa,Imóvel
8084400404391,RS,CACHOEIRINHA,VILA CACHOEIRINHA,"RUA SANTA CLARA, N. 197, Apto 403, BL 1 4 PAV","135.000,00","225.000,00",40.00,Não,"Apartamento, 130.60 de área total, 119.34 de área privativa, 0.00 de área do terreno,  1 qto(s), a.serv, WC, 2 sala(s), cozinha, Terraco.",Leilão SFI - Edital Único,https://venda-imoveis.caixa.gov.br/sistema/detalhe-imovel.asp?hdnimovel=8084400404391,Caixa,Imóvel
8084400406548,RS,CACHOEIRINHA,PONTA PORA,"RUA RIO BRANCO, N. 551, Apto 401, BL B BOX 18","126.000,00","210.000,00",40.00,Não,"Apartamento, 0.00 de área total, 57.65 de área privativa, 0.00 de área do terreno, 1 vaga(s) de garagem.",Leilão SFI - Edital Único,https://venda-imoveis.caixa.gov.br/sistema/detalhe-imovel.asp?hdnimovel=8084400406548,Caixa,Imóvel
8787700296690,RS,CACHOEIRINHA,FAZENDA ESPERANCA,"RUA ESMERALDA, N. 349, CS 04 LT 14 QD F1","122.695,74","200.000,00",38.66,Não,"Casa, 0.00 de área total, 29.96 de área privativa, 85.51 de área do terreno,  1 qto(s), a.serv, WC, 1 sala(s), cozinha.",Leilão SFI - Edital Único,https://venda-imoveis.caixa.gov.br/sistema/detalhe-imovel.asp?hdnimovel=8787700296690,Caixa,Imóvel
8787710268665,RS,CACHOEIRINHA,PARQUE MARECHAL RONDON,"RUA SUICA ACESSO C, N. 784, CS 57  QD C  RESIDENCIAL SUIÇA","190.000,00","190.000,00",0.00,Não,"Casa, 0.00 de área total, 44.44 de área privativa, 0.00 de área do terreno,  2 qto(s), WC, 1 sala(s), cozinha, Terraco.",Leilão SFI - Edital Único,https://venda-imoveis.caixa.gov.br/sistema/detalhe-imovel.asp?hdnimovel=8787710268665,Caixa,Imóvel
8555518452258,RS,CACHOEIRINHA,MORADA DO BOSQUE,"RUA OTTO ESPINDOLA, N. 226, CS 01","225.000,00","225.000,00",0.00,Não,"Casa, 50.00 de área total, 42.00 de área privativa, 50.00 de área do terreno,  2 qto(s), a.serv, WC, 1 sala(s), cozinha, 2 vaga(s) de garagem.",Leilão SFI - Edital Único,https://venda-imoveis.caixa.gov.br/sistema/detalhe-imovel.asp?hdnimovel=8555518452258,Caixa,Imóvel
8444410984389,RS,CACHOEIRINHA,JARDIM BETANIA,"AVENIDA DA FEDERACAO, N. 685, Apto 237, BL J ANDAR 01 PAV 02 LT 22 QD K","152.885,89","150.000,00",0.00,Não,"Apartamento, 47.62 de área total, 43.20 de área privativa, 0.00 de área do terreno,  2 qto(s), WC, 1 sala(s), cozinha.",Leilão SFI - Edital Único,https://venda-imoveis.caixa.gov.br/sistema/detalhe-imovel.asp?hdnimovel=8444410984389,Caixa,Imóvel
8444415021481,RS,CACHOEIRINHA,VILA SILVEIRA MARTINS,"RUA FLAVIO CATANHEDE, N. 55, BOX 08","211.342,73","198.000,00",0.00,Não,"Casa, 122.36 de área total, 98.31 de área privativa, 48.62 de área do terreno,  2 qto(s), a.serv, WC, 1 sala(s), cozinha, 1 vaga(s) de garagem.",Leilão SFI - Edital Único,https://venda-imoveis.caixa.gov.br/sistema/detalhe-imovel.asp?hdnimovel=8444415021481,Caixa,Imóvel
8444400529018,RS,CACHOEIRINHA,VILA CACHOEIRINHA,"R  PAPA JOAO XXIII, N. 1100, Apto 401, BLOCO 02","160.000,00","148.000,00",0.00,Não,"Apartamento, 0.00 de área total, 49.36 de área privativa, 0.00 de área do terreno,  2 qto(s), varanda, a.serv, WC, 1 sala(s), cozinha.",Leilão SFI - Edital Único,https://venda-imoveis.caixa.gov.br/sistema/detalhe-imovel.asp?hdnimovel=8444400529018,Caixa,Imóvel
8444424968550,RS,CACHOEIRINHA,VILA JARDIM AMERICA,"RUA DOUTOR NILO PEÇANHA, N. 554, Apto 202,","203.390,59","178.000,00",0.00,Não,"Apartamento, 72.50 de área total, 45.35 de área privativa, 0.00 de área do terreno,  2 qto(s), a.serv, WC, 1 sala(s), cozinha, 1 vaga(s) de garagem.",Leilão SFI - Edital Único,https://venda-imoveis.caixa.gov.br/sistema/detalhe-imovel.asp?hdnimovel=8444424968550,Caixa,Imóvel
8787703638673,RS,CACHOEIRINHA,CHACARA DAS ROSAS,"RUA CHUVA DE OURO, N. 258,","200.000,00","130.000,00",0.00,Não,"Casa, 39.27 de área total, 39.27 de área privativa, 90.10 de área do terreno, 1 vaga(s) de garagem.",Leilão SFI - Edital Único,https://venda-imoveis.caixa.gov.br/sistema/detalhe-imovel.asp?hdnimovel=8787703638673,Caixa,Imóvel
1444418826849,RS,CACHOEIRINHA,VILA PARQUE BRASILIA,"RUA IRMAOS VEIGA, N. 78, CS.1 LT.24 QD.R SUBQD.R3","238.067,56","132.000,00",0.00,Não,"Casa, 57.51 de área total, 57.51 de área privativa, 75.55 de área do terreno,  2 qto(s), a.serv, WC, 1 sala(s), 1 lavabo(s), cozinha, 1 vaga(s) de garagem.",Leilão SFI - Edital Único,https://venda-imoveis.caixa.gov.br/sistema/detalhe-imovel.asp?hdnimovel=1444418826849,Caixa,Imóvel
10007069,RS,CANOAS,MARECHAL RONDON,"RUA DIANA TERRA, N. 296, QD D, LT 67","208.548,06","552.000,00",62.22,Sim,"Outros, 0.00 de área total, 0.00 de área privativa, 326.70 de área do terreno.",Venda Online,https://venda-imoveis.caixa.gov.br/sistema/detalhe-imovel.asp?hdnimovel=10007069,Caixa,Imóvel
8787708314981,RS,CANOAS,RIO BRANCO,"RUA MACHADINHO, N. 1580, Apto 101, BL 16 1º PAVIMENTO","71.719,21","140.000,00",48.78,Não,"Apartamento, 62.76 de área total, 41.19 de área privativa, 0.00 de área do terreno,  2 qto(s), a.serv, WC, 1 sala(s), cozinha.",Venda Direta Online,https://venda-imoveis.caixa.gov.br/sistema/detalhe-imovel.asp?hdnimovel=8787708314981,Caixa,Imóvel
8787701368709,RS,CANOAS,SAO JOSE,"RUA LOPES TROVAO, N. 45, Apto 103, BL 8","79.939,69","138.000,00",42.08,Não,"Apartamento, 67.73 de área total, 41.19 de área privativa, 0.00 de área do terreno,  1 qto(s), WC, 1 sala(s), cozinha.",Licitação Aberta,https://venda-imoveis.caixa.gov.br/sistema/detalhe-imovel.asp?hdnimovel=8787701368709,Caixa,Imóvel
8444427408874,RS,CANOAS,OLARIA,"RUA PROFESSORA MARLENE MARIA DE SOUZA, N. SN,","78.781,14","136.000,00",42.08,Não,"Terreno, 0.00 de área total, 0.00 de área privativa, 200.25 de área do terreno.",Licitação Aberta,https://venda-imoveis.caixa.gov.br/sistema/detalhe-imovel.asp?hdnimovel=8444427408874,Caixa,Imóvel
8444415934827,RS,CANOAS,ESTANCIA VELHA,"RUA QUATRO, N. 36, Apto 318, BL E","81.578,19","135.000,00",39.58,Não,"Apartamento, 42.91 de área total, 38.51 de área privativa, 0.00 de área do terreno,  2 qto(s), WC, 1 sala(s), cozinha.",Licitação Aberta,https://venda-imoveis.caixa.gov.br/sistema/detalhe-imovel.asp?hdnimovel=8444415934827,Caixa,Imóvel
8555501205201,RS,CANOAS,MATO GRANDE,"RUA ROBERTO FRANCISCO BEHRENS, N. 225, Apto 204, 01 ANDAR BOX 339","120.882,70","200.000,00",39.56,Não,"Apartamento, 73.69 de área total, 48.61 de área privativa, 0.00 de área do terreno,  2 qto(s), a.serv, WC, 1 sala(s), cozinha, 1 vaga(s) de garagem.",Licitação Aberta,https://venda-imoveis.caixa.gov.br/sistema/detalhe-imovel.asp?hdnimovel=8555501205201,Caixa,Imóvel
8555511256488,RS,CANOAS,IGARA,"RUA DOS GUAMIRINS, N. 303, CS 183, ANTIGA RUA CINCO","180.629,83","295.000,00",38.77,Não,"Casa, 116.23 de área total, 85.74 de área privativa, 116.23 de área do terreno,  2 qto(s), a.serv, WC, 1 sala(s), cozinha, 1 vaga(s) de garagem.",Licitação Aberta,https://venda-imoveis.caixa.gov.br/sistema/detalhe-imovel.asp?hdnimovel=8555511256488,Caixa,Imóvel
8787702571648,RS,CANOAS,OLARIA,"RUA DO BOSQUE, N. 21, Apto 243, TR 02","121.337,42","198.000,00",38.72,Não,"Apartamento, 67.03 de área total, 47.23 de área privativa, 0.00 de área do terreno,  2 qto(s), WC, 1 sala(s), cozinha.",Leilão SFI - Edital Único,https://venda-imoveis.caixa.gov.br/sistema/detalhe-imovel.asp?hdnimovel=8787702571648,Caixa,Imóvel
8787703332280,RS,CANOAS,SAO JOSE,"RUA GUARUJA, N. 200, Apto 404, BL 11 VG 227 4 PAV","115.379,23","180.000,00",35.91,Não,"Apartamento, 78.25 de área total, 41.59 de área privativa, 0.00 de área do terreno,  2 qto(s), WC, 1 sala(s), cozinha, 1 vaga(s) de garagem.",Leilão SFI - Edital Único,https://venda-imoveis.caixa.gov.br/sistema/detalhe-imovel.asp?hdnimovel=8787703332280,Caixa,Imóvel
8555526978298,RS,CANOAS,FATIMA,"RUA JOAQUIM CAETANO, N. 700, Apto 205, BL E 2 PAV VG 73","179.880,64","229.133,00",21.50,Não,"Apartamento, 0.00 de área total, 55.15 de área privativa, 0.00 de área do terreno,  2 qto(s), WC, 1 sala(s), cozinha, 1 vaga(s) de garagem.",Leilão SFI - Edital Único,https://venda-imoveis.caixa.gov.br/sistema/detalhe-imovel.asp?hdnimovel=8555526978298,Caixa,Imóvel
8787713767280,RS,CANOAS,CENTRO,"RUA SAO LUIZ, N. 622, Apto 103, BL 30 BOX 344","209.000,00","209.000,00",0.00,Não,"Apartamento, 85.74 de área total, 43.73 de área privativa, 0.00 de área do terreno,  2 qto(s), a.serv, WC, 1 sala(s), cozinha, 1 vaga(s) de garagem.",Leilão SFI - Edital Único,https://venda-imoveis.caixa.gov.br/sistema/detalhe-imovel.asp?hdnimovel=8787713767280,Caixa,Imóvel
8787702871692,RS,CANOAS,SAO JOSE,"RUA GUARUJA, N. 200, Apto 203, BL 5","190.000,00","190.000,00",0.00,Não,"Apartamento, 78.25 de área total, 41.59 de área privativa, 0.00 de área do terreno,  2 qto(s), a.serv, WC, 1 sala(s), cozinha, 1 vaga(s) de garagem.",Leilão SFI - Edital Único,https://venda-imoveis.caixa.gov.br/sistema/detalhe-imovel.asp?hdnimovel=8787702871692,Caixa,Imóvel
8555537050534,RS,CANOAS,IGARA,"RUA CAMBOATAS, N. 315, Apto 502, BL 13  VG 222","180.000,00","180.000,00",0.00,Não,"Apartamento, 53.10 de área total, 41.58 de área privativa, 0.00 de área do terreno,  2 qto(s), WC, 1 sala(s), cozinha, 1 vaga(s) de garagem.",Leilão SFI - Edital Único,https://venda-imoveis.caixa.gov.br/sistema/detalhe-imovel.asp?hdnimovel=8555537050534,Caixa,Imóvel
8787705432495,RS,CANOAS,MATO GRANDE,"RUA ROBERTO FRANCISCO BEHRENS, N. 303, Apto 104, BL 22","150.000,00","150.000,00",0.00,Não,"Apartamento, 77.42 de área total, 41.19 de área privativa, 0.00 de área do terreno,  2 qto(s), WC, 1 sala(s), cozinha.",Leilão SFI - Edital Único,https://venda-imoveis.caixa.gov.br/sistema/detalhe-imovel.asp?hdnimovel=8787705432495,Caixa,Imóvel
8046300084538,RS,CANOAS,HARMONIA,"RUA ENGENHEIRO KINDLER, N. 1320, CASA 01","220.000,00","220.000,00",0.00,Não,"Casa, 57.50 de área total, 57.50 de área privativa, 57.50 de área do terreno,  2 qto(s), WC, 1 sala(s), cozinha, 1 vaga(s) de garagem.",Leilão SFI - Edital Único,https://venda-imoveis.caixa.gov.br/sistema/detalhe-imovel.asp?hdnimovel=8046300084538,Caixa,Imóvel
8787720321658,RS,CANOAS,FATIMA,"RUA CAIRU, N. 1705, Apto 404, BL 23","190.373,11","186.414,00",0.00,Não,"Apartamento, 65.31 de área total, 41.19 de área privativa, 0.00 de área do terreno,  2 qto(s), WC, 1 sala(s), cozinha.",Leilão SFI - Edital Único,https://venda-imoveis.caixa.gov.br/sistema/detalhe-imovel.asp?hdnimovel=8787720321658,Caixa,Imóvel
8787712004100,RS,CANOAS,OLARIA,"RUA IRMA MARIA HILTGARDIS, N. 582, Apto 503, BL 01","150.000,00","145.000,00",0.00,Não,"Apartamento, 70.36 de área total, 41.19 de área privativa, 0.00 de área do terreno,  2 qto(s), WC, 1 sala(s), cozinha.",Leilão SFI - Edital Único,https://venda-imoveis.caixa.gov.br/sistema/detalhe-imovel.asp?hdnimovel=8787712004100,Caixa,Imóvel
1444419402856,RS,CANOAS,MATO GRANDE,"RUA NOVO MEXICO, N. 412, CASA 02  QD C4 LT 35","422.593,38","406.000,00",0.00,Não,"Casa, 89.57 de área total, 87.63 de área privativa, 112.50 de área do terreno,  3 qto(s), WC, 1 sala(s), cozinha, 1 vaga(s) de garagem.",Leilão SFI - Edital Único,https://venda-imoveis.caixa.gov.br/sistema/detalhe-imovel.asp?hdnimovel=1444419402856,Caixa,Imóvel
8787700922338,RS,CANOAS,FATIMA,"RUA JOAQUIM CAETANO, N. 700, Apto 403, BL I VG 433","215.141,73","205.000,00",0.00,Não,"Apartamento, 69.53 de área total, 52.46 de área privativa, 0.00 de área do terreno,  2 qto(s), WC, 1 sala(s), cozinha, 1 vaga(s) de garagem.",Leilão SFI - Edital Único,https://venda-imoveis.caixa.gov.br/sistema/detalhe-imovel.asp?hdnimovel=8787700922338,Caixa,Imóvel
1444408840407,RS,CANOAS,FATIMA,"RUA 24 DE OUTUBRO, N. 82, Apto 202,","226.398,77","215.000,00",0.00,Não,"Apartamento, 149.04 de área total, 74.17 de área privativa, 0.00 de área do terreno,  2 qto(s), a.serv, WC, 1 sala(s), cozinha, 1 vaga(s) de garagem.",Leilão SFI - Edital Único,https://venda-imoveis.caixa.gov.br/sistema/detalhe-imovel.asp?hdnimovel=1444408840407,Caixa,Imóvel
8787714710052,RS,CANOAS,MATO GRANDE,"RUA AFONSO PENA, N. 380, Apto 302, BL 11","170.314,07","158.000,00",0.00,Não,"Apartamento, 72.22 de área total, 41.19 de área privativa, 0.00 de área do terreno,  2 qto(s), WC, 1 sala(s), cozinha.",Leilão SFI - Edital Único,https://venda-imoveis.caixa.gov.br/sistema/detalhe-imovel.asp?hdnimovel=8787714710052,Caixa,Imóvel
1555531564635,RS,CANOAS,NOSSA SENHORA DAS GRACAS,"RUA DA FIGUEIRA, N. 76, LT 30 QD C","763.704,50","695.000,00",0.00,Não,"Comercial, 294.80 de área total, 294.80 de área privativa, 370.00 de área do terreno, 2 lavabo(s), 2 vaga(s) de garagem.",Leilão SFI - Edital Único,https://venda-imoveis.caixa.gov.br/sistema/detalhe-imovel.asp?hdnimovel=1555531564635,Caixa,Imóvel
8444437103910,RS,CANOAS,MATO GRANDE,"RUA ALAMEDA DAS CORTICEIRAS, N. 170, Apto 521, BL F","167.636,41","150.000,00",0.00,Não,"Apartamento, 42.96 de área total, 38.40 de área privativa, 0.00 de área do terreno,  2 qto(s), WC, 1 sala(s), cozinha.",Leilão SFI - Edital Único,https://venda-imoveis.caixa.gov.br/sistema/detalhe-imovel.asp?hdnimovel=8444437103910,Caixa,Imóvel
8444409231259,RS,CANOAS,NOSSA SENHORA DAS GRACAS,"RUA FAB, N. 185, LT 22 QD E3","446.871,56","390.000,00",0.00,Não,"Casa, 89.24 de área total, 89.24 de área privativa, 550.00 de área do terreno,  2 qto(s), a.serv, WC, 1 sala(s), cozinha, 2 vaga(s) de garagem.",Leilão SFI - Edital Único,https://venda-imoveis.caixa.gov.br/sistema/detalhe-imovel.asp?hdnimovel=8444409231259,Caixa,Imóvel
8787709631506,RS,CANOAS,RIO BRANCO,"RUA MACHADINHO, N. 1580, Apto 104, BL 6","154.958,97","133.000,00",0.00,Não,"Apartamento, 62.76 de área total, 41.19 de área privativa, 0.00 de área do terreno.",Leilão SFI - Edital Único,https://venda-imoveis.caixa.gov.br/sistema/detalhe-imovel.asp?hdnimovel=8787709631506,Caixa,Imóvel
8787717068017,RS,CANOAS,FATIMA,"RUA CAIRU, N. 1705, Apto 502, BL 06 PAV 05","181.000,00","154.000,00",0.00,Não,"Apartamento, 65.30 de área total, 41.19 de área privativa, 0.00 de área do terreno,  2 qto(s), WC, 1 sala(s), cozinha.",Leilão SFI - Edital Único,https://venda-imoveis.caixa.gov.br/sistema/detalhe-imovel.asp?hdnimovel=8787717068017,Caixa,Imóvel
8787702123947,RS,CANOAS,SAO JOSE,"RUA GUARUJA, N. 200, Apto 404,","190.000,00","160.000,00",0.00,Não,"Apartamento, 78.26 de área total, 41.59 de área privativa, 0.00 de área do terreno,  2 qto(s), WC, 1 sala(s), cozinha, 1 vaga(s) de garagem.",Leilão SFI - Edital Único,https://venda-imoveis.caixa.gov.br/sistema/detalhe-imovel.asp?hdnimovel=8787702123947,Caixa,Imóvel
8787707301002,RS,CANOAS,RIO BRANCO,"RUA MACHADINHO, N. 1580, Apto 101, BL 02","154.958,97","122.000,00",0.00,Não,"Apartamento, 62.76 de área total, 41.19 de área privativa, 0.00 de área do terreno,  2 qto(s), WC, 1 sala(s), cozinha.",Leilão SFI - Edital Único,https://venda-imoveis.caixa.gov.br/sistema/detalhe-imovel.asp?hdnimovel=8787707301002,Caixa,Imóvel
8787710704970,RS,CANOAS,RIO BRANCO,"RUA MACHADINHO, N. 1704, Apto 303, BL 11","160.788,11","122.000,00",0.00,Não,"Apartamento, 69.02 de área total, 41.19 de área privativa, 0.00 de área do terreno,  2 qto(s), WC, 1 sala(s), cozinha.",Leilão SFI - Edital Único,https://venda-imoveis.caixa.gov.br/sistema/detalhe-imovel.asp?hdnimovel=8787710704970,Caixa,Imóvel
1444418990274,RS,ELDORADO DO SUL,CENTRO NOVO,"RUA NOVA PETROPOLIS, N. 904, QD 56 LT 39","265.228,03","231.000,00",0.00,Não,"Casa, 69.54 de área total, 69.54 de área privativa, 140.00 de área do terreno,  2 qto(s), a.serv, WC, cozinha.",Leilão SFI - Edital Único,https://venda-imoveis.caixa.gov.br/sistema/detalhe-imovel.asp?hdnimovel=1444418990274,Caixa,Imóvel
8444430185732,RS,ELDORADO DO SUL,LOT PQ CIDADE VERDE,"RUA NAPOLEÃO TAVARES DE JESUS  RUA B1, N. 129, QD 27 LT 08","197.604,81","145.000,00",0.00,Não,"Casa, 40.42 de área total, 40.42 de área privativa, 140.87 de área do terreno,  2 qto(s), a.serv, WC, 1 sala(s), cozinha.",Leilão SFI - Edital Único,https://venda-imoveis.caixa.gov.br/sistema/detalhe-imovel.asp?hdnimovel=8444430185732,Caixa,Imóvel
1444424966070,RS,ELDORADO DO SUL,CIDADE VERDE,"ESTRADA DA ARROZEIRA, N. 970, CASA 03  BL B","356.000,00","160.000,00",0.00,Não,"Casa, 78.91 de área total, 36.00 de área privativa, 36.00 de área do terreno,  1 qto(s).",Leilão SFI - Edital Único,https://venda-imoveis.caixa.gov.br/sistema/detalhe-imovel.asp?hdnimovel=1444424966070,Caixa,Imóvel
8787715906082,RS,ESTEIO,OLIMPICA,"RUA SANTANA, N. 741, Apto 301, BLOCO H VG 200","100.148,49","169.000,00",40.75,Não,"Apartamento, 0.00 de área total, 41.23 de área privativa, 0.00 de área do terreno, 1 vaga(s) de garagem.",Licitação Aberta,https://venda-imoveis.caixa.gov.br/sistema/detalhe-imovel.asp?hdnimovel=8787715906082,Caixa,Imóvel
8787720246796,RS,ESTEIO,PARQUE AMADOR,"RUA CHARRUA, N. 114, Apto 902, TORRE A  QD 70","285.000,00","285.000,00",0.00,Não,"Apartamento, 74.45 de área total, 50.08 de área privativa, 0.00 de área do terreno,  2 qto(s), a.serv, WC, 1 sala(s), cozinha, 1 vaga(s) de garagem.",Leilão SFI - Edital Único,https://venda-imoveis.caixa.gov.br/sistema/detalhe-imovel.asp?hdnimovel=8787720246796,Caixa,Imóvel
8444411374975,RS,ESTEIO,OLIMPICA,"RUA SANTANA, N. 111, Apto 410, BL 02","190.000,00","190.000,00",0.00,Não,"Apartamento, 72.91 de área total, 64.03 de área privativa, 0.00 de área do terreno,  3 qto(s), WC, 1 sala(s), cozinha.",Leilão SFI - Edital Único,https://venda-imoveis.caixa.gov.br/sistema/detalhe-imovel.asp?hdnimovel=8444411374975,Caixa,Imóvel
8787714738879,RS,ESTEIO,OLIMPICA,"RUA SANTANA, N. 741, Apto 103, BL J","192.000,00","192.000,00",0.00,Não,"Apartamento, 78.84 de área total, 41.23 de área privativa, 0.00 de área do terreno,  2 qto(s), a.serv, WC, 1 sala(s), cozinha, 1 vaga(s) de garagem.",Leilão SFI - Edital Único,https://venda-imoveis.caixa.gov.br/sistema/detalhe-imovel.asp?hdnimovel=8787714738879,Caixa,Imóvel
8444416422307,RS,GRAVATAI,NEOPOLIS,"ESTRADA ANDRADE NEVES, N. 1215, CASA 08","103.704,06","175.000,00",40.75,Não,"Casa, 85.93 de área total, 37.95 de área privativa, 46.20 de área do terreno,  2 qto(s), a.serv, WC, 1 sala(s), cozinha, 1 vaga(s) de garagem.",Licitação Aberta,https://venda-imoveis.caixa.gov.br/sistema/detalhe-imovel.asp?hdnimovel=8444416422307,Caixa,Imóvel
8444407176650,RS,GRAVATAI,SANTA FE,"RUA VICINAL JUNCAO, N. 768, Apto 203, BLOCO B","113.025,32","187.000,00",39.56,Não,"Apartamento, 52.55 de área total, 45.17 de área privativa, 0.00 de área do terreno,  2 qto(s), a.serv, WC, 1 sala(s), cozinha, 1 vaga(s) de garagem.",Licitação Aberta,https://venda-imoveis.caixa.gov.br/sistema/detalhe-imovel.asp?hdnimovel=8444407176650,Caixa,Imóvel
8555529470309,RS,GRAVATAI,SANTA CRUZ,"ESTRADA GRAVATAI - IPIRANGA, N. 781, Apto 503, BL C","142.037,17","235.000,00",39.56,Não,"Apartamento, 61.00 de área total, 53.57 de área privativa, 0.00 de área do terreno,  2 qto(s), WC, 1 sala(s), cozinha.",Licitação Aberta,https://venda-imoveis.caixa.gov.br/sistema/detalhe-imovel.asp?hdnimovel=8555529470309,Caixa,Imóvel
8444431770060,RS,GRAVATAI,GRAVATAI,"RUA CELSO FURTADO, N. 286,","255.000,00","255.000,00",0.00,Não,"Casa, 57.50 de área total, 57.50 de área privativa, 135.00 de área do terreno,  2 qto(s), WC, 1 sala(s), cozinha.",Leilão SFI - Edital Único,https://venda-imoveis.caixa.gov.br/sistema/detalhe-imovel.asp?hdnimovel=8444431770060,Caixa,Imóvel
8444407689711,RS,GRAVATAI,LOTEAMENTO VILA RICA,"RUA MORRO AZUL, N. 1540, CASA 128 QD E","255.000,00","255.000,00",0.00,Não,"Casa, 135.36 de área total, 81.62 de área privativa, 67.50 de área do terreno,  2 qto(s), a.serv, WC, 1 sala(s), cozinha.",Leilão SFI - Edital Único,https://venda-imoveis.caixa.gov.br/sistema/detalhe-imovel.asp?hdnimovel=8444407689711,Caixa,Imóvel
8444431932698,RS,GRAVATAI,MATO ALTO,"RUA FLORIANOPOLIS, N. 370, CS 1","233.000,00","233.000,00",0.00,Não,"Casa, 44.75 de área total, 44.75 de área privativa, 94.60 de área do terreno,  2 qto(s), a.serv, WC, 1 sala(s), cozinha, 1 vaga(s) de garagem.",Leilão SFI - Edital Único,https://venda-imoveis.caixa.gov.br/sistema/detalhe-imovel.asp?hdnimovel=8444431932698,Caixa,Imóvel
8787705847458,RS,GRAVATAI,PARQUE DA MATRIZ,"RUA CONCORDIA, N. 1390, Apto 202,  BLOCO 16","169.500,00","169.500,00",0.00,Não,"Apartamento, 86.08 de área total, 41.19 de área privativa, 0.00 de área do terreno,  2 qto(s), WC, 1 sala(s), cozinha, 1 vaga(s) de garagem.",Leilão SFI - Edital Único,https://venda-imoveis.caixa.gov.br/sistema/detalhe-imovel.asp?hdnimovel=8787705847458,Caixa,Imóvel
8787717767195,RS,GRAVATAI,PARQUE ITALIA,"RUA O, N. 48, CS 39","225.000,00","225.000,00",0.00,Não,"Casa, 47.60 de área total, 47.60 de área privativa, 85.85 de área do terreno,  2 qto(s), varanda, a.serv, WC, 1 sala(s), cozinha.",Leilão SFI - Edital Único,https://venda-imoveis.caixa.gov.br/sistema/detalhe-imovel.asp?hdnimovel=8787717767195,Caixa,Imóvel
8787719539106,RS,GRAVATAI,SANTA CRUZ,"AVENIDA DO ARVOREDO, N. 51, Apto 53, BL.C VG.N°130","252.378,27","251.000,00",0.00,Não,"Apartamento, 76.78 de área total, 51.07 de área privativa, 0.00 de área do terreno,  2 qto(s), a.serv, WC, 1 sala(s), cozinha, 1 vaga(s) de garagem.",Leilão SFI - Edital Único,https://venda-imoveis.caixa.gov.br/sistema/detalhe-imovel.asp?hdnimovel=8787719539106,Caixa,Imóvel
8444431539538,RS,GRAVATAI,MORADAS DO SOBRADO,"RUA JOSE ZANCHETTA, N. 321, LT 43 QD O","341.353,06","339.000,00",0.00,Não,"Casa, 86.00 de área total, 86.00 de área privativa, 125.00 de área do terreno,  2 qto(s), a.serv, WC, 1 sala(s), cozinha, 1 vaga(s) de garagem.",Leilão SFI - Edital Único,https://venda-imoveis.caixa.gov.br/sistema/detalhe-imovel.asp?hdnimovel=8444431539538,Caixa,Imóvel
8787700231980,RS,GRAVATAI,SANTA CRUZ,"AVENIDA ITACOLOMI, N. 4627, Apto 206, BL 02","185.000,00","180.000,00",0.00,Não,"Apartamento, 62.77 de área total, 57.23 de área privativa, 0.00 de área do terreno,  2 qto(s), a.serv, WC, 1 sala(s), cozinha, 1 vaga(s) de garagem.",Leilão SFI - Edital Único,https://venda-imoveis.caixa.gov.br/sistema/detalhe-imovel.asp?hdnimovel=8787700231980,Caixa,Imóvel
8787700242817,RS,GRAVATAI,SANTA CRUZ,"AVENIDA ITACOLOMI, N. 4627, Apto 212, BL 03","185.000,00","180.000,00",0.00,Não,"Apartamento, 62.77 de área total, 57.23 de área privativa, 0.00 de área do terreno,  2 qto(s), a.serv, WC, 1 sala(s), cozinha, 1 vaga(s) de garagem.",Leilão SFI - Edital Único,https://venda-imoveis.caixa.gov.br/sistema/detalhe-imovel.asp?hdnimovel=8787700242817,Caixa,Imóvel
8444420865382,RS,GRAVATAI,PARQUE IPIRANGA,"AVENIDA ESTRELA, N. 359, LT 05 QD O CS 01","160.302,38","155.000,00",0.00,Não,"Casa, 36.87 de área total, 36.87 de área privativa, 59.85 de área do terreno, 1 vaga(s) de garagem.",Leilão SFI - Edital Único,https://venda-imoveis.caixa.gov.br/sistema/detalhe-imovel.asp?hdnimovel=8444420865382,Caixa,Imóvel
8787724992913,RS,GRAVATAI,NATAL,"RUA FOGACA DA CRUZ, N. 632, Apto 203, BL 06","237.348,48","225.000,00",0.00,Não,"Apartamento, 73.38 de área total, 38.40 de área privativa, 0.00 de área do terreno, 1 vaga(s) de garagem.",Leilão SFI - Edital Único,https://venda-imoveis.caixa.gov.br/sistema/detalhe-imovel.asp?hdnimovel=8787724992913,Caixa,Imóvel
8787700232250,RS,GRAVATAI,SANTA CRUZ,"AVENIDA ITACOLOMI, N. 4627, Apto 309, BL 03 VG 26","185.000,00","173.000,00",0.00,Não,"Apartamento, 62.77 de área total, 57.23 de área privativa, 0.00 de área do terreno,  2 qto(s), WC, 1 sala(s), cozinha, 1 vaga(s) de garagem.",Leilão SFI - Edital Único,https://venda-imoveis.caixa.gov.br/sistema/detalhe-imovel.asp?hdnimovel=8787700232250,Caixa,Imóvel
8787700375370,RS,GRAVATAI,PASSO DAS PEDRAS,"RUA ERNESTO GOMES, N. 715, Apto 104, BL 09 TERREO PAV 01 VG 149","210.000,00","195.000,00",0.00,Não,"Apartamento, 91.36 de área total, 44.07 de área privativa, 0.00 de área do terreno,  2 qto(s), WC, 1 sala(s), cozinha, 1 vaga(s) de garagem.",Leilão SFI - Edital Único,https://venda-imoveis.caixa.gov.br/sistema/detalhe-imovel.asp?hdnimovel=8787700375370,Caixa,Imóvel
8787720359140,RS,GRAVATAI,NATAL,"RUA FOGACA DA CRUZ, N. 632, Apto 504, VG.Nº85 RUA F","244.135,70","223.000,00",0.00,Não,"Apartamento, 78.76 de área total, 42.15 de área privativa, 0.00 de área do terreno,  2 qto(s), a.serv, WC, 1 sala(s), cozinha, 1 vaga(s) de garagem.",Leilão SFI - Edital Único,https://venda-imoveis.caixa.gov.br/sistema/detalhe-imovel.asp?hdnimovel=8787720359140,Caixa,Imóvel
8444422957780,RS,GRAVATAI,PARQUE ITACOLOMI,"RUA CARLOS NEJAR, N. 362, CASA 03","170.000,00","154.000,00",0.00,Não,"Casa, 54.93 de área total, 54.93 de área privativa, 100.00 de área do terreno,  2 qto(s), a.serv, WC, 1 sala(s), cozinha, 1 vaga(s) de garagem.",Leilão SFI - Edital Único,https://venda-imoveis.caixa.gov.br/sistema/detalhe-imovel.asp?hdnimovel=8444422957780,Caixa,Imóvel
8444400149576,RS,GRAVATAI,VERA CRUZ,"ACESSO A, N. 647, Apto 101, TERREO PAV 01 LT 04 QD 10","238.194,36","215.000,00",0.00,Não,"Apartamento, 94.91 de área total, 93.91 de área privativa, 0.00 de área do terreno,  2 qto(s), WC, 1 sala(s), cozinha, 1 vaga(s) de garagem.",Leilão SFI - Edital Único,https://venda-imoveis.caixa.gov.br/sistema/detalhe-imovel.asp?hdnimovel=8444400149576,Caixa,Imóvel
1444420852630,RS,GRAVATAI,PARQUE IPIRANGA,"RUA JANETE CLAIR, N. 610,  ANTIGA RUA B  LT 13 QD 04","848.000,00","745.000,00",0.00,Não,"Casa, 197.30 de área total, 197.30 de área privativa, 307.80 de área do terreno.",Leilão SFI - Edital Único,https://venda-imoveis.caixa.gov.br/sistema/detalhe-imovel.asp?hdnimovel=1444420852630,Caixa,Imóvel
1043121002348,RS,GRAVATAI,MONTE BELO,"RUA COELHO DE SOUZA, N. 358,","361.358,00","311.000,00",0.00,Não,"Casa, 85.06 de área total, 70.06 de área privativa, 300.00 de área do terreno,  3 qto(s), a.serv, WC, 1 sala(s), cozinha, 1 vaga(s) de garagem.",Leilão SFI - Edital Único,https://venda-imoveis.caixa.gov.br/sistema/detalhe-imovel.asp?hdnimovel=1043121002348,Caixa,Imóvel
8787722794170,RS,GRAVATAI,PASSOS DOS FERREIROS,"AVENIDA ELY CORREA, N. 1960, Apto 301, BL 8  VG 60","233.627,77","198.000,00",0.00,Não,"Apartamento, 61.12 de área total, 38.40 de área privativa, 0.00 de área do terreno,  2 qto(s), a.serv, WC, 1 sala(s), cozinha, 1 vaga(s) de garagem.",Leilão SFI - Edital Único,https://venda-imoveis.caixa.gov.br/sistema/detalhe-imovel.asp?hdnimovel=8787722794170,Caixa,Imóvel
8787718283540,RS,GUAIBA,ALTOS DA ALEGRIA,"RUA D, N. 51, CS 181  LT 44  QD 19","215.000,00","215.000,00",0.00,Não,"Casa, 40.15 de área total, 40.15 de área privativa, 110.00 de área do terreno,  2 qto(s), a.serv, WC, 1 sala(s), cozinha.",Leilão SFI - Edital Único,https://venda-imoveis.caixa.gov.br/sistema/detalhe-imovel.asp?hdnimovel=8787718283540,Caixa,Imóvel
8787720297498,RS,GUAIBA,ALTOS DA ALEGRIA,"RUA E, N. 369, CASA 266","200.000,00","200.000,00",0.00,Não,"Casa, 40.15 de área total, 40.15 de área privativa, 110.00 de área do terreno,  2 qto(s), WC, 1 sala(s), cozinha, 1 vaga(s) de garagem.",Leilão SFI - Edital Único,https://venda-imoveis.caixa.gov.br/sistema/detalhe-imovel.asp?hdnimovel=8787720297498,Caixa,Imóvel
8787720443141,RS,GUAIBA,ALTOS DA ALEGRIA,"AVENIDA 01, N. 344, CS 232  LT 21  QD 20","200.000,00","200.000,00",0.00,Não,"Casa, 40.15 de área total, 40.15 de área privativa, 110.00 de área do terreno,  2 qto(s), a.serv, WC, 1 sala(s), cozinha.",Leilão SFI - Edital Único,https://venda-imoveis.caixa.gov.br/sistema/detalhe-imovel.asp?hdnimovel=8787720443141,Caixa,Imóvel
8555530992984,RS,GUAIBA,JARDIM IOLANDA,"RUA ADAO FOQUES, N. 2345, Apto 233, BL 1","195.000,00","195.000,00",0.00,Não,"Apartamento, 63.26 de área total, 43.79 de área privativa, 0.00 de área do terreno,  2 qto(s), WC, 1 sala(s), cozinha.",Leilão SFI - Edital Único,https://venda-imoveis.caixa.gov.br/sistema/detalhe-imovel.asp?hdnimovel=8555530992984,Caixa,Imóvel
8787703695600,RS,GUAIBA,CORONEL NASSUCA,"AVENIDA MAURICIO SIROTSKY SOBRINHO, N. 1008, CS 03","178.769,63","177.000,00",0.00,Não,"Casa, 0.00 de área total, 45.74 de área privativa, 96.42 de área do terreno.",Leilão SFI - Edital Único,https://venda-imoveis.caixa.gov.br/sistema/detalhe-imovel.asp?hdnimovel=8787703695600,Caixa,Imóvel
8787721287895,RS,GUAIBA,ERMO,"RUA SAO GERALDO, N. 1250, Apto 101, TR 4","256.712,38","237.000,00",0.00,Não,"Apartamento, 70.18 de área total, 45.98 de área privativa, 0.00 de área do terreno,  2 qto(s), WC, 1 sala(s), cozinha.",Leilão SFI - Edital Único,https://venda-imoveis.caixa.gov.br/sistema/detalhe-imovel.asp?hdnimovel=8787721287895,Caixa,Imóvel
8444409227308,RS,NOVO HAMBURGO,CANUDOS,"RUA URUGUAI, N. 388, Apto 334, BL 09 3º PAVIMENTO","88.085,83","163.000,00",45.96,Não,"Apartamento, 66.15 de área total, 38.41 de área privativa, 0.00 de área do terreno,  2 qto(s), WC, 1 sala(s), cozinha.",Venda Direta Online,https://venda-imoveis.caixa.gov.br/sistema/detalhe-imovel.asp?hdnimovel=8444409227308,Caixa,Imóvel
8444427214344,RS,NOVO HAMBURGO,ALPES DO VALE,"RUA PROJETADA 01, N. SN, LT 06","53.839,36","93.000,00",42.11,Não,"Terreno, 0.00 de área total, 0.00 de área privativa, 165.30 de área do terreno.",Venda Direta Online,https://venda-imoveis.caixa.gov.br/sistema/detalhe-imovel.asp?hdnimovel=8444427214344,Caixa,Imóvel
8787710339651,RS,NOVO HAMBURGO,SANTO AFONSO,"RUA BOLESLAU CASEMIRO KONARZWSKI, N. 651, Apto 503, BL 07","90.746,77","155.000,00",41.46,Não,"Apartamento, 51.39 de área total, 41.20 de área privativa, 0.00 de área do terreno,  2 qto(s), WC, 1 sala(s), cozinha.",Licitação Aberta,https://venda-imoveis.caixa.gov.br/sistema/detalhe-imovel.asp?hdnimovel=8787710339651,Caixa,Imóvel
1444405151295,RS,NOVO HAMBURGO,CANUDOS,"RUA ADONAI NUNES DOS SANTOS, N. 64, LT 19 QD 16","267.672,01","420.000,00",36.27,Sim,"Casa, 0.00 de área total, 64.93 de área privativa, 247.50 de área do terreno.",Licitação Aberta,https://venda-imoveis.caixa.gov.br/sistema/detalhe-imovel.asp?hdnimovel=1444405151295,Caixa,Imóvel
8787702614053,RS,NOVO HAMBURGO,VILA ROSA,"RUA AVAI, N. 119, Apto 208, TORRE 02","296.000,00","296.000,00",0.00,Não,"Apartamento, 84.17 de área total, 46.50 de área privativa, 0.00 de área do terreno,  2 qto(s), WC, 1 sala(s), cozinha, 1 vaga(s) de garagem.",Leilão SFI - Edital Único,https://venda-imoveis.caixa.gov.br/sistema/detalhe-imovel.asp?hdnimovel=8787702614053,Caixa,Imóvel
8787707925316,RS,NOVO HAMBURGO,CANUDOS,"RUA MARIA OLINDA TELLES, N. 1222, Apto 402, BL 02","170.000,00","170.000,00",0.00,Não,"Apartamento, 77.51 de área total, 40.82 de área privativa, 0.00 de área do terreno,  2 qto(s), WC, 1 sala(s), cozinha, 1 vaga(s) de garagem.",Leilão SFI - Edital Único,https://venda-imoveis.caixa.gov.br/sistema/detalhe-imovel.asp?hdnimovel=8787707925316,Caixa,Imóvel
8787716847209,RS,NOVO HAMBURGO,SANTO AFONSO,"RUA BOLESLAU CASEMIRO KONARZEWSKI, N. 651, Apto 104, BL 17","165.308,59","165.000,00",0.00,Não,"Apartamento, 51.39 de área total, 41.20 de área privativa, 0.00 de área do terreno,  2 qto(s), WC, 1 sala(s), cozinha, 1 vaga(s) de garagem.",Leilão SFI - Edital Único,https://venda-imoveis.caixa.gov.br/sistema/detalhe-imovel.asp?hdnimovel=8787716847209,Caixa,Imóvel
1444422967915,RS,NOVO HAMBURGO,SANTO AFONSO,"RUA VISCONDE DE ARAGUAIA, N. 108, LT.27 QD.2","940.000,00","850.000,00",0.00,Não,"Casa, 332.99 de área total, 332.99 de área privativa, 900.56 de área do terreno,  3 qto(s), a.serv, WC, 1 sala(s), cozinha, 2 vaga(s) de garagem.",Leilão SFI - Edital Único,https://venda-imoveis.caixa.gov.br/sistema/detalhe-imovel.asp?hdnimovel=1444422967915,Caixa,Imóvel
8787703837218,RS,NOVO HAMBURGO,RONDONIA,"RUA GUIA LOPES, N. 3070, Apto 303, BL.8 3°PAV. VG.N°124","190.000,00","170.000,00",0.00,Não,"Apartamento, 79.29 de área total, 39.62 de área privativa, 0.00 de área do terreno,  2 qto(s), WC, 1 sala(s), cozinha, 1 vaga(s) de garagem.",Leilão SFI - Edital Único,https://venda-imoveis.caixa.gov.br/sistema/detalhe-imovel.asp?hdnimovel=8787703837218,Caixa,Imóvel
8787715052873,RS,NOVO HAMBURGO,PRIMAVERA,"RUA OSVALDO CRUZ, N. 1127, Apto 1001, VG 13","310.000,00","260.000,00",0.00,Não,"Apartamento, 87.36 de área total, 59.88 de área privativa, 0.00 de área do terreno,  2 qto(s), WC, 1 sala(s), cozinha, 1 vaga(s) de garagem.",Leilão SFI - Edital Único,https://venda-imoveis.caixa.gov.br/sistema/detalhe-imovel.asp?hdnimovel=8787715052873,Caixa,Imóvel
8444440159459,RS,NOVO HAMBURGO,OPERARIO,"RUA HENRI DUNANT, N. 801, Apto 23, BL B VG 108 PNE","310.000,00","260.000,00",0.00,Não,"Apartamento, 74.83 de área total, 51.13 de área privativa, 0.00 de área do terreno,  2 qto(s), WC, 1 vaga(s) de garagem.",Leilão SFI - Edital Único,https://venda-imoveis.caixa.gov.br/sistema/detalhe-imovel.asp?hdnimovel=8444440159459,Caixa,Imóvel
8787701751260,RS,NOVO HAMBURGO,RONDONIA,"RUA GUIA LOPES, N. 3070, Apto 504, BL 02 VG 45","210.000,00","165.000,00",0.00,Não,"Apartamento, 79.29 de área total, 39.62 de área privativa, 0.00 de área do terreno,  2 qto(s), WC, 1 sala(s), cozinha, 1 vaga(s) de garagem.",Leilão SFI - Edital Único,https://venda-imoveis.caixa.gov.br/sistema/detalhe-imovel.asp?hdnimovel=8787701751260,Caixa,Imóvel
8787716259161,RS,NOVO HAMBURGO,RONDONIA,"RUA GUIA LOPES, N. 900, Apto 504, BL 06","275.000,00","208.000,00",0.00,Não,"Apartamento, 53.13 de área total, 42.15 de área privativa, 0.00 de área do terreno,  2 qto(s), WC, 1 sala(s), cozinha, 1 vaga(s) de garagem.",Leilão SFI - Edital Único,https://venda-imoveis.caixa.gov.br/sistema/detalhe-imovel.asp?hdnimovel=8787716259161,Caixa,Imóvel
8787715044056,RS,NOVO HAMBURGO,SAO JORGE,"RUA JOAO AMANDO SCHILLING, N. 125, Apto 102, BL B  VG 2","320.000,00","195.000,00",0.00,Não,"Apartamento, 82.21 de área total, 48.67 de área privativa, 0.00 de área do terreno,  2 qto(s), WC, 1 sala(s), cozinha, 1 vaga(s) de garagem.",Leilão SFI - Edital Único,https://venda-imoveis.caixa.gov.br/sistema/detalhe-imovel.asp?hdnimovel=8787715044056,Caixa,Imóvel
10139821,RS,PORTO ALEGRE,FLORESTA,"AVENIDA ALBERTO BINS, N. 870, BL B, LOJA 01","795.681,45","1.500.000,00",46.96,Sim,"Loja, 0.00 de área total, 545.49 de área privativa, 0.00 de área do terreno.",Licitação Aberta,https://venda-imoveis.caixa.gov.br/sistema/detalhe-imovel.asp?hdnimovel=10139821,Caixa,Imóvel
10139822,RS,PORTO ALEGRE,FLORESTA,"AVENIDA ALBERTO BINS, N. 840, LOJA 04, BLOCO  B","327.820,76","618.000,00",46.96,Sim,"Loja, 0.00 de área total, 140.03 de área privativa, 0.00 de área do terreno.",Licitação Aberta,https://venda-imoveis.caixa.gov.br/sistema/detalhe-imovel.asp?hdnimovel=10139822,Caixa,Imóvel
8787700577630,RS,PORTO ALEGRE,SARANDI,"AVENIDA FRANCISCO SILVEIRA BITENCOURT, N. 1818, Apto 202, TORRE 14","91.541,05","167.000,00",45.19,Não,"Apartamento, 79.35 de área total, 40.26 de área privativa, 0.00 de área do terreno,  2 qto(s), WC, 1 sala(s), cozinha.",Venda Direta Online,https://venda-imoveis.caixa.gov.br/sistema/detalhe-imovel.asp?hdnimovel=8787700577630,Caixa,Imóvel
8787707235735,RS,PORTO ALEGRE,RUBEM BERTA,"RUA DOS MAIAS, N. 1103, Apto 402, BLOCO 09","87.819,45","150.000,00",41.46,Não,"Apartamento, 81.21 de área total, 41.19 de área privativa, 0.00 de área do terreno,  2 qto(s), WC, 1 sala(s), cozinha, 1 vaga(s) de garagem.",Licitação Aberta,https://venda-imoveis.caixa.gov.br/sistema/detalhe-imovel.asp?hdnimovel=8787707235735,Caixa,Imóvel
8787709203156,RS,PORTO ALEGRE,RUBEM BERTA,"RUA SANTA ROSA DE LIMA, N. 1103, Apto 302, 3 PAV  BL10","89.575,84","153.000,00",41.46,Não,"Apartamento, 81.21 de área total, 41.19 de área privativa, 0.00 de área do terreno,  2 qto(s), WC, 1 sala(s), cozinha.",Licitação Aberta,https://venda-imoveis.caixa.gov.br/sistema/detalhe-imovel.asp?hdnimovel=8787709203156,Caixa,Imóvel
8787711785450,RS,PORTO ALEGRE,RESTINGA,"RUA SABINO PEREIRA NUNES, N. 932, Apto 301, BL 11","89.909,55","153.570,00",41.46,Não,"Apartamento, 74.20 de área total, 41.19 de área privativa, 0.00 de área do terreno,  2 qto(s), WC, 1 sala(s), cozinha.",Licitação Aberta,https://venda-imoveis.caixa.gov.br/sistema/detalhe-imovel.asp?hdnimovel=8787711785450,Caixa,Imóvel
8787707824951,RS,PORTO ALEGRE,RUBEM BERTA,"RUA DOS MAIAS, N. 1103, Apto 202, BL 04","92.444,76","156.000,00",40.75,Não,"Apartamento, 81.21 de área total, 41.19 de área privativa, 0.00 de área do terreno,  2 qto(s), WC, 1 sala(s), cozinha.",Licitação Aberta,https://venda-imoveis.caixa.gov.br/sistema/detalhe-imovel.asp?hdnimovel=8787707824951,Caixa,Imóvel
8787708990030,RS,PORTO ALEGRE,RESTINGA,"RUA SABINO PEREIRA NUNES, N. 931, Apto 102, BL 11 TERREO","87.000,00","145.000,00",40.00,Não,"Apartamento, 69.88 de área total, 40.99 de área privativa, 0.00 de área do terreno,  1 qto(s), WC, 1 sala(s), cozinha.",Leilão SFI - Edital Único,https://venda-imoveis.caixa.gov.br/sistema/detalhe-imovel.asp?hdnimovel=8787708990030,Caixa,Imóvel
8787718614724,RS,PORTO ALEGRE,SANTA TEREZA,"RUA CRUZEIRO DO SUL, N. 2077, Apto 502, BL 01","123.904,77","205.000,00",39.56,Não,"Apartamento, 69.21 de área total, 41.19 de área privativa, 0.00 de área do terreno,  2 qto(s), WC, 1 sala(s), cozinha.",Licitação Aberta,https://venda-imoveis.caixa.gov.br/sistema/detalhe-imovel.asp?hdnimovel=8787718614724,Caixa,Imóvel
8787718651875,RS,PORTO ALEGRE,SANTA TEREZA,"RUA CRUZEIRO DO SUL, N. 2077, Apto 101, BL 09","123.904,77","205.000,00",39.56,Não,"Apartamento, 69.21 de área total, 41.19 de área privativa, 0.00 de área do terreno,  2 qto(s), WC, 1 sala(s), cozinha.",Licitação Aberta,https://venda-imoveis.caixa.gov.br/sistema/detalhe-imovel.asp?hdnimovel=8787718651875,Caixa,Imóvel
8787720658407,RS,PORTO ALEGRE,SANTA TEREZA,"RUA CRUZEIRO DO SUL, N. 2077, Apto 102, BL 10","111.816,50","185.000,00",39.56,Não,"Apartamento, 69.21 de área total, 41.19 de área privativa, 0.00 de área do terreno,  2 qto(s), WC, 1 sala(s), cozinha.",Licitação Aberta,https://venda-imoveis.caixa.gov.br/sistema/detalhe-imovel.asp?hdnimovel=8787720658407,Caixa,Imóvel
8787718027667,RS,PORTO ALEGRE,JARDIM CARVALHO,"RUA IRMAO NORBERTO FRANCISCO RAUCH, N. 101, Apto 402, BL 05","120.882,70","200.000,00",39.56,Não,"Apartamento, 71.17 de área total, 41.19 de área privativa, 0.00 de área do terreno,  2 qto(s), WC, 1 sala(s), cozinha.",Licitação Aberta,https://venda-imoveis.caixa.gov.br/sistema/detalhe-imovel.asp?hdnimovel=8787718027667,Caixa,Imóvel
8787719124429,RS,PORTO ALEGRE,SANTA ROSA DE LIMA,"RUA JOAO PARIS, N. 452, Apto 403, BL 03","117.256,22","194.000,00",39.56,Não,"Apartamento, 66.99 de área total, 41.19 de área privativa, 0.00 de área do terreno,  2 qto(s), a.serv, WC, 1 sala(s), cozinha.",Licitação Aberta,https://venda-imoveis.caixa.gov.br/sistema/detalhe-imovel.asp?hdnimovel=8787719124429,Caixa,Imóvel
8787719930131,RS,PORTO ALEGRE,SANTA ROSA DE LIMA,"RUA JOAO PARIS, N. 452, Apto 403, BL 05","120.882,70","200.000,00",39.56,Não,"Apartamento, 66.99 de área total, 41.19 de área privativa, 0.00 de área do terreno,  2 qto(s), WC, 1 sala(s), cozinha.",Licitação Aberta,https://venda-imoveis.caixa.gov.br/sistema/detalhe-imovel.asp?hdnimovel=8787719930131,Caixa,Imóvel
8555524981798,RS,PORTO ALEGRE,JARDIM LEOPOLDINA,"AVENIDA JUSCELINO KUBITSCHEK DE OLIVEIRA, N. 505, Apto 304, BL F","123.904,77","205.000,00",39.56,Não,"Apartamento, 48.86 de área total, 38.34 de área privativa, 0.00 de área do terreno,  2 qto(s), WC, 1 sala(s), cozinha.",Licitação Aberta,https://venda-imoveis.caixa.gov.br/sistema/detalhe-imovel.asp?hdnimovel=8555524981798,Caixa,Imóvel
1444414709503,RS,PORTO ALEGRE,PARQUE SANTA FE,"AVENIDA JOAO FERREIRA JARDIM, N. 138, Apto 101, BL G","107.463,17","174.000,00",38.24,Não,"Apartamento, 69.08 de área total, 44.86 de área privativa, 0.00 de área do terreno,  2 qto(s), WC, 1 sala(s), cozinha, 1 vaga(s) de garagem.",Licitação Aberta,https://venda-imoveis.caixa.gov.br/sistema/detalhe-imovel.asp?hdnimovel=1444414709503,Caixa,Imóvel
1444424463736,RS,PORTO ALEGRE,FARROUPILHA,"RUA SANTANA, N. 703,","291.828,17","470.000,00",37.91,Não,"Casa, 101.00 de área total, 101.00 de área privativa, 108.10 de área do terreno,  2 qto(s), WC, 1 sala(s), cozinha.",Leilão SFI - Edital Único,https://venda-imoveis.caixa.gov.br/sistema/detalhe-imovel.asp?hdnimovel=1444424463736,Caixa,Imóvel
10299186,RS,PORTO ALEGRE,SANTANA,"AVENIDA VENÂNCIO AIRES, N. 214, SL 503","141.620,24","225.000,00",37.06,Não,"Sala, 0.00 de área total, 56.12 de área privativa, 0.00 de área do terreno.",Licitação Aberta,https://venda-imoveis.caixa.gov.br/sistema/detalhe-imovel.asp?hdnimovel=10299186,Caixa,Imóvel
1444417655781,RS,PORTO ALEGRE,MORRO SANTANA,"RUA JOSE LEWGOY, N. 138, QD B LT 02","261.298,86","410.000,00",36.27,Não,"Casa, 125.80 de área total, 125.80 de área privativa, 256.29 de área do terreno,  2 qto(s), a.serv, WC, 1 sala(s), cozinha, 1 vaga(s) de garagem.",Licitação Aberta,https://venda-imoveis.caixa.gov.br/sistema/detalhe-imovel.asp?hdnimovel=1444417655781,Caixa,Imóvel
8787719849393,RS,PORTO ALEGRE,VILA NOVA,"ESTRADA CRISTIANO KRAEMER, N. 2021, Apto 104, BL 19 TERREO","109.277,85","157.000,00",30.40,Não,"Apartamento, 65.44 de área total, 41.19 de área privativa, 0.00 de área do terreno,  2 qto(s), WC, 1 sala(s), cozinha.",Leilão SFI - Edital Único,https://venda-imoveis.caixa.gov.br/sistema/detalhe-imovel.asp?hdnimovel=8787719849393,Caixa,Imóvel
8787709196583,RS,PORTO ALEGRE,RESTINGA,"RUA SABINO PEREIRA NUNES, N. 931, Apto 502, B17 5 PAV","107.376,16","142.000,00",24.39,Não,"Apartamento, 69.88 de área total, 40.99 de área privativa, 0.00 de área do terreno.",Leilão SFI - Edital Único,https://venda-imoveis.caixa.gov.br/sistema/detalhe-imovel.asp?hdnimovel=8787709196583,Caixa,Imóvel
8787706453550,RS,PORTO ALEGRE,MORRO SANTANA,"AVENIDA PROTASIO ALVES, N. 10535, Apto 501, BL 20 VG 484","134.030,53","160.000,00",16.24,Não,"Apartamento, 98.67 de área total, 40.23 de área privativa, 0.00 de área do terreno,  2 qto(s), WC, 1 sala(s), cozinha, 1 vaga(s) de garagem.",Leilão SFI - Edital Único,https://venda-imoveis.caixa.gov.br/sistema/detalhe-imovel.asp?hdnimovel=8787706453550,Caixa,Imóvel
8787706860938,RS,PORTO ALEGRE,MORRO SANTANA,"AVENIDA PROTASIO ALVES, N. 10535, Apto 502, BL 12 VG 268","143.058,73","169.000,00",15.35,Não,"Apartamento, 98.67 de área total, 40.23 de área privativa, 0.00 de área do terreno,  2 qto(s), WC, 1 sala(s), cozinha, 1 vaga(s) de garagem.",Leilão SFI - Edital Único,https://venda-imoveis.caixa.gov.br/sistema/detalhe-imovel.asp?hdnimovel=8787706860938,Caixa,Imóvel
8787715883546,RS,PORTO ALEGRE,VILA NOVA,"ESTRADA CRISTIANO KRAEMER, N. 2021, Apto 504, BL 11 5 PAV","136.443,11","160.000,00",14.73,Não,"Apartamento, 65.43 de área total, 41.19 de área privativa, 0.00 de área do terreno,  2 qto(s), a.serv, WC, 1 sala(s), cozinha.",Leilão SFI - Edital Único,https://venda-imoveis.caixa.gov.br/sistema/detalhe-imovel.asp?hdnimovel=8787715883546,Caixa,Imóvel
10276269,RS,PORTO ALEGRE,JARDIM LEOPOLDINA,"RUA JOSEF HALPERN, N. 86, QD G-1, LT 24 (ANTIGA RUA 13)","311.883,20","337.000,00",7.46,Não,"Casa, 0.00 de área total, 73.00 de área privativa, 335.50 de área do terreno.",Leilão SFI - Edital Único,https://venda-imoveis.caixa.gov.br/sistema/detalhe-imovel.asp?hdnimovel=10276269,Caixa,Imóvel
8787704735770,RS,PORTO ALEGRE,ABERTA DOS MORROS,"RUA DORIVAL CASTILHOS MACHADO, N. 720, Apto 17,","190.411,89","190.411,89",0.00,Não,"Apartamento, 72.77 de área total, 49.95 de área privativa, 0.00 de área do terreno,  2 qto(s), a.serv, WC, 1 sala(s), cozinha.",Leilão SFI - Edital Único,https://venda-imoveis.caixa.gov.br/sistema/detalhe-imovel.asp?hdnimovel=8787704735770,Caixa,Imóvel
8444413740235,RS,PORTO ALEGRE,RUBEM BERTA,"RUA CAPRICORNIO, N. 35, Apto 102, BL D","138.000,00","138.000,00",0.00,Não,"Apartamento, 56.49 de área total, 52.80 de área privativa, 0.00 de área do terreno,  3 qto(s), a.serv, WC, 1 sala(s), cozinha.",Leilão SFI - Edital Único,https://venda-imoveis.caixa.gov.br/sistema/detalhe-imovel.asp?hdnimovel=8444413740235,Caixa,Imóvel
8444421608715,RS,PORTO ALEGRE,RUBEM BERTA,"RUA PAULO RENATO KETZER DE SOUZA, N. 300, Apto 403, BLOCO E","143.000,00","143.000,00",0.00,Não,"Apartamento, 42.19 de área total, 37.06 de área privativa, 0.00 de área do terreno,  2 qto(s), WC, 1 sala(s), cozinha.",Leilão SFI - Edital Único,https://venda-imoveis.caixa.gov.br/sistema/detalhe-imovel.asp?hdnimovel=8444421608715,Caixa,Imóvel
8787708295650,RS,PORTO ALEGRE,RUBEM BERTA,"RUA DOS MAIAS, N. 1103, Apto 201, BL 15 PAV 02","150.000,00","150.000,00",0.00,Não,"Apartamento, 81.21 de área total, 41.19 de área privativa, 0.00 de área do terreno,  2 qto(s), WC, 1 sala(s), cozinha.",Leilão SFI - Edital Único,https://venda-imoveis.caixa.gov.br/sistema/detalhe-imovel.asp?hdnimovel=8787708295650,Caixa,Imóvel
1444412954071,RS,PORTO ALEGRE,SARANDI,"RUA WALDEMAR PINHEIRO CANTERGI, N. 80, Apto 101,","414.000,00","414.000,00",0.00,Não,"Apartamento, 132.89 de área total, 71.48 de área privativa, 0.00 de área do terreno,  3 qto(s), WC, 1 sala(s), cozinha, 1 vaga(s) de garagem.",Leilão SFI - Edital Único,https://venda-imoveis.caixa.gov.br/sistema/detalhe-imovel.asp?hdnimovel=1444412954071,Caixa,Imóvel
8555535337682,RS,PORTO ALEGRE,SARANDI,"AVENIDA FRANCISCO SILVEIRA BITENCOURT, N. 1818, Apto AP 40, TR 38","180.000,00","180.000,00",0.00,Não,"Apartamento, 68.77 de área total, 40.26 de área privativa, 0.00 de área do terreno,  2 qto(s), WC, 1 sala(s), cozinha.",Leilão SFI - Edital Único,https://venda-imoveis.caixa.gov.br/sistema/detalhe-imovel.asp?hdnimovel=8555535337682,Caixa,Imóvel
8787715000563,RS,PORTO ALEGRE,PASSO DAS PEDRAS,"AVENIDA KARL IWERS, N. 1800, Apto 501, BL 01","190.000,00","190.000,00",0.00,Não,"Apartamento, 69.89 de área total, 41.19 de área privativa, 0.00 de área do terreno,  2 qto(s), a.serv, WC, 1 sala(s), cozinha.",Leilão SFI - Edital Único,https://venda-imoveis.caixa.gov.br/sistema/detalhe-imovel.asp?hdnimovel=8787715000563,Caixa,Imóvel
8787715212480,RS,PORTO ALEGRE,PASSO DAS PEDRAS,"AVENIDA KARL IWERS, N. 1800, Apto 402, BL 7","183.000,00","183.000,00",0.00,Não,"Apartamento, 0.00 de área total, 41.19 de área privativa, 0.00 de área do terreno.",Leilão SFI - Edital Único,https://venda-imoveis.caixa.gov.br/sistema/detalhe-imovel.asp?hdnimovel=8787715212480,Caixa,Imóvel
8787716581160,RS,PORTO ALEGRE,PASSO DAS PEDRAS,"AVENIDA KARL IWERS, N. 1800, Apto AP 20, BL 2","196.000,00","196.000,00",0.00,Não,"Apartamento, 69.89 de área total, 41.19 de área privativa, 0.00 de área do terreno,  2 qto(s), WC, 1 sala(s), cozinha.",Leilão SFI - Edital Único,https://venda-imoveis.caixa.gov.br/sistema/detalhe-imovel.asp?hdnimovel=8787716581160,Caixa,Imóvel
8787716637484,RS,PORTO ALEGRE,PASSO DAS PEDRAS,"AVENIDA KARL IWERS, N. 1800, Apto 402, BL 10","209.000,00","209.000,00",0.00,Não,"Apartamento, 69.89 de área total, 41.19 de área privativa, 0.00 de área do terreno,  2 qto(s), WC, 1 sala(s), cozinha.",Leilão SFI - Edital Único,https://venda-imoveis.caixa.gov.br/sistema/detalhe-imovel.asp?hdnimovel=8787716637484,Caixa,Imóvel
8787719457967,RS,PORTO ALEGRE,PASSO DAS PEDRAS,"AVENIDA KARL IWERS, N. 2030, Apto 102, BL 03 TERREO","194.500,00","194.500,00",0.00,Não,"Apartamento, 60.38 de área total, 41.19 de área privativa, 0.00 de área do terreno,  2 qto(s), WC, 1 sala(s), cozinha.",Leilão SFI - Edital Único,https://venda-imoveis.caixa.gov.br/sistema/detalhe-imovel.asp?hdnimovel=8787719457967,Caixa,Imóvel
1555504308046,RS,PORTO ALEGRE,RESTINGA,"RUA BERNARDO TCHERNIN, N. 140, CASA 17  QD C6","411.000,00","411.000,00",0.00,Não,"Casa, 331.28 de área total, 331.28 de área privativa, 150.00 de área do terreno,  3 qto(s), a.serv, WC, 1 sala(s), cozinha, 1 vaga(s) de garagem.",Leilão SFI - Edital Único,https://venda-imoveis.caixa.gov.br/sistema/detalhe-imovel.asp?hdnimovel=1555504308046,Caixa,Imóvel
8444435317394,RS,PORTO ALEGRE,RESTINGA,"AVENIDA EDGAR PIRES DE CASTRO, N. 2600, CS 68","230.000,00","230.000,00",0.00,Não,"Casa, 115.83 de área total, 78.98 de área privativa, 55.25 de área do terreno,  2 qto(s), WC, 1 sala(s), cozinha.",Leilão SFI - Edital Único,https://venda-imoveis.caixa.gov.br/sistema/detalhe-imovel.asp?hdnimovel=8444435317394,Caixa,Imóvel
8555512982107,RS,PORTO ALEGRE,RESTINGA,"RUA CAPITAO PEDROSO, N. 560, Apto 201, BL 10 ANDAR 01 PAV 02","115.000,00","115.000,00",0.00,Não,"Apartamento, 77.89 de área total, 38.72 de área privativa, 0.00 de área do terreno,  2 qto(s), WC, 1 sala(s), cozinha.",Leilão SFI - Edital Único,https://venda-imoveis.caixa.gov.br/sistema/detalhe-imovel.asp?hdnimovel=8555512982107,Caixa,Imóvel
8787703808609,RS,PORTO ALEGRE,RESTINGA,"RUA CELSO DIAS DIHL, N. 269, CS 49 QD H","156.500,00","156.500,00",0.00,Não,"Casa, 40.01 de área total, 37.31 de área privativa, 125.00 de área do terreno,  2 qto(s), a.serv, WC, 1 sala(s), cozinha.",Leilão SFI - Edital Único,https://venda-imoveis.caixa.gov.br/sistema/detalhe-imovel.asp?hdnimovel=8787703808609,Caixa,Imóvel
8787707370632,RS,PORTO ALEGRE,RESTINGA,"RUA SABINO PEREIRA NUNES, N. SN, Apto 103, BLOCO 19","155.000,00","155.000,00",0.00,Não,"Apartamento, 69.89 de área total, 40.99 de área privativa, 0.00 de área do terreno,  2 qto(s), a.serv, WC, 1 sala(s).",Leilão SFI - Edital Único,https://venda-imoveis.caixa.gov.br/sistema/detalhe-imovel.asp?hdnimovel=8787707370632,Caixa,Imóvel
8787707935370,RS,PORTO ALEGRE,RESTINGA,"RUA SABINO PEREIRA NUNES, N. 931, Apto 304,  BLOCO 18","160.000,00","160.000,00",0.00,Não,"Apartamento, 69.88 de área total, 40.99 de área privativa, 0.00 de área do terreno,  2 qto(s), WC, 1 sala(s), cozinha, 1 vaga(s) de garagem.",Leilão SFI - Edital Único,https://venda-imoveis.caixa.gov.br/sistema/detalhe-imovel.asp?hdnimovel=8787707935370,Caixa,Imóvel
8787708339275,RS,PORTO ALEGRE,RESTINGA,"RUA SABINO PEREIRA NUNES, N. 931, Apto 503,  BLOCO 18","145.000,00","145.000,00",0.00,Não,"Apartamento, 69.88 de área total, 40.99 de área privativa, 0.00 de área do terreno,  2 qto(s), WC, 1 sala(s), cozinha, 1 vaga(s) de garagem.",Leilão SFI - Edital Único,https://venda-imoveis.caixa.gov.br/sistema/detalhe-imovel.asp?hdnimovel=8787708339275,Caixa,Imóvel
8787708504977,RS,PORTO ALEGRE,RESTINGA,"RUA SABINO PEREIRA NUNES, N. 931, Apto 404, BL.1","161.252,05","161.252,05",0.00,Não,"Apartamento, 0.00 de área total, 40.99 de área privativa, 0.00 de área do terreno.",Leilão SFI - Edital Único,https://venda-imoveis.caixa.gov.br/sistema/detalhe-imovel.asp?hdnimovel=8787708504977,Caixa,Imóvel
8787708681208,RS,PORTO ALEGRE,RESTINGA,"RUA SETE MIL E OITO, N. 280, Apto 301, BL 05","176.000,00","176.000,00",0.00,Não,"Apartamento, 70.94 de área total, 40.46 de área privativa, 0.00 de área do terreno,  2 qto(s), WC, 1 sala(s), cozinha, 1 vaga(s) de garagem.",Leilão SFI - Edital Único,https://venda-imoveis.caixa.gov.br/sistema/detalhe-imovel.asp?hdnimovel=8787708681208,Caixa,Imóvel
8787709314250,RS,PORTO ALEGRE,RESTINGA,"RUA SABINO PEREIRA NUNES, N. 931, Apto 503, BL 9","166.000,00","166.000,00",0.00,Não,"Apartamento, 69.89 de área total, 40.99 de área privativa, 0.00 de área do terreno,  2 qto(s), WC, 1 sala(s), cozinha.",Leilão SFI - Edital Único,https://venda-imoveis.caixa.gov.br/sistema/detalhe-imovel.asp?hdnimovel=8787709314250,Caixa,Imóvel
8787709686602,RS,PORTO ALEGRE,RESTINGA,"RUA SABINO PEREIRA NUNES, N. 931, Apto 403, BL 07","170.000,00","170.000,00",0.00,Não,"Apartamento, 69.89 de área total, 40.99 de área privativa, 0.00 de área do terreno,  2 qto(s), a.serv, WC, 1 sala(s), cozinha.",Leilão SFI - Edital Único,https://venda-imoveis.caixa.gov.br/sistema/detalhe-imovel.asp?hdnimovel=8787709686602,Caixa,Imóvel
8787710566615,RS,PORTO ALEGRE,RESTINGA,"RUA SABINO PEREIRA NUNES, N. 931, Apto 503, BL 25","143.000,00","143.000,00",0.00,Não,"Apartamento, 69.88 de área total, 40.99 de área privativa, 0.00 de área do terreno,  2 qto(s), a.serv, WC, 1 sala(s), cozinha.",Leilão SFI - Edital Único,https://venda-imoveis.caixa.gov.br/sistema/detalhe-imovel.asp?hdnimovel=8787710566615,Caixa,Imóvel
8787712822651,RS,PORTO ALEGRE,RESTINGA,"RUA SETE MIL E OITO, N. 300, Apto 102, BL 02 TERREO PAV 01 LT 01 02 03 QD C","135.000,00","135.000,00",0.00,Não,"Apartamento, 0.00 de área total, 40.82 de área privativa, 0.00 de área do terreno.",Leilão SFI - Edital Único,https://venda-imoveis.caixa.gov.br/sistema/detalhe-imovel.asp?hdnimovel=8787712822651,Caixa,Imóvel
8787713286370,RS,PORTO ALEGRE,RESTINGA,"RUA SABINO PEREIRA NUNES, N. 932, Apto 303, BL 11","150.000,00","150.000,00",0.00,Não,"Apartamento, 74.20 de área total, 41.19 de área privativa, 0.00 de área do terreno,  2 qto(s), WC, 1 sala(s), cozinha, 1 vaga(s) de garagem.",Leilão SFI - Edital Único,https://venda-imoveis.caixa.gov.br/sistema/detalhe-imovel.asp?hdnimovel=8787713286370,Caixa,Imóvel
8787705185927,RS,PORTO ALEGRE,MORRO SANTANA,"AVENIDA PROTASIO ALVES, N. 10535, Apto 202, BL 20","163.000,00","163.000,00",0.00,Não,"Apartamento, 98.67 de área total, 40.23 de área privativa, 0.00 de área do terreno,  2 qto(s), WC, 1 sala(s), cozinha, 1 vaga(s) de garagem.",Leilão SFI - Edital Único,https://venda-imoveis.caixa.gov.br/sistema/detalhe-imovel.asp?hdnimovel=8787705185927,Caixa,Imóvel
8787710089485,RS,PORTO ALEGRE,MORRO SANTANA,"RUA JOAO DA SILVA BUENO, N. 100, Apto 406, TORRE 1","260.000,00","260.000,00",0.00,Não,"Apartamento, 77.89 de área total, 44.19 de área privativa, 0.00 de área do terreno,  2 qto(s), WC, 1 sala(s), cozinha, 1 vaga(s) de garagem.",Leilão SFI - Edital Único,https://venda-imoveis.caixa.gov.br/sistema/detalhe-imovel.asp?hdnimovel=8787710089485,Caixa,Imóvel
1444420014171,RS,PORTO ALEGRE,ESPIRITO SANTO,"RUA PROFESSORA THEREZA NORONHA, N. SN, CASA 26","380.000,00","380.000,00",0.00,Não,"Casa, 130.19 de área total, 115.03 de área privativa, 57.28 de área do terreno,  2 qto(s), a.serv, WC, 1 sala(s), 1 vaga(s) de garagem.",Leilão SFI - Edital Único,https://venda-imoveis.caixa.gov.br/sistema/detalhe-imovel.asp?hdnimovel=1444420014171,Caixa,Imóvel
1444407673272,RS,PORTO ALEGRE,CAVALHADA,"RUA DOUTOR EGYDIO MICHAELSEN, N. 342, LT A3 ANTIGA RUA B","840.000,00","840.000,00",0.00,Não,"Casa, 240.88 de área total, 240.88 de área privativa, 165.00 de área do terreno,  3 qto(s), a.serv, WC, 2 sala(s), 1 lavabo(s), cozinha, Terraco, 2 vaga(s) de garagem.",Leilão SFI - Edital Único,https://venda-imoveis.caixa.gov.br/sistema/detalhe-imovel.asp?hdnimovel=1444407673272,Caixa,Imóvel
1444412619531,RS,PORTO ALEGRE,CAVALHADA,"AVENIDA DA CAVALHADA, N. 3559, Apto 105, TR A","370.000,00","370.000,00",0.00,Não,"Apartamento, 109.29 de área total, 70.60 de área privativa, 0.00 de área do terreno,  3 qto(s), a.serv, WC, 1 sala(s), cozinha, 1 vaga(s) de garagem.",Leilão SFI - Edital Único,https://venda-imoveis.caixa.gov.br/sistema/detalhe-imovel.asp?hdnimovel=1444412619531,Caixa,Imóvel
8787701443794,RS,PORTO ALEGRE,CAVALHADA,"AVENIDA FAMILIA GONCALVES CARNEIRO, N. 441, Apto 401,  BLOCO 22","177.000,00","177.000,00",0.00,Não,"Apartamento, 85.19 de área total, 40.29 de área privativa, 0.00 de área do terreno, 1 vaga(s) de garagem.",Leilão SFI - Edital Único,https://venda-imoveis.caixa.gov.br/sistema/detalhe-imovel.asp?hdnimovel=8787701443794,Caixa,Imóvel
8787710903492,RS,PORTO ALEGRE,CAVALHADA,"AVENIDA FAMILIA GONCALVES CARNEIRO, N. 201, Apto 501, BL.4 5°PAV. VG.N°52","186.000,00","186.000,00",0.00,Não,"Apartamento, 73.41 de área total, 40.82 de área privativa, 0.00 de área do terreno,  2 qto(s), WC, 1 sala(s), cozinha, 1 vaga(s) de garagem.",Leilão SFI - Edital Único,https://venda-imoveis.caixa.gov.br/sistema/detalhe-imovel.asp?hdnimovel=8787710903492,Caixa,Imóvel
8787713218154,RS,PORTO ALEGRE,CAVALHADA,"AVENIDA FAMILIA GONCALVES CARNEIRO, N. 201, Apto 204, BL 08 VG 115","215.000,00","215.000,00",0.00,Não,"Apartamento, 73.40 de área total, 40.82 de área privativa, 0.00 de área do terreno,  2 qto(s), WC, 1 sala(s), cozinha, 1 vaga(s) de garagem.",Leilão SFI - Edital Único,https://venda-imoveis.caixa.gov.br/sistema/detalhe-imovel.asp?hdnimovel=8787713218154,Caixa,Imóvel
8444415219117,RS,PORTO ALEGRE,VILA NOVA,"BECO IMPERIO, N. 241, Apto 309, BL C","155.000,00","155.000,00",0.00,Não,"Apartamento, 0.00 de área total, 43.17 de área privativa, 0.00 de área do terreno.",Leilão SFI - Edital Único,https://venda-imoveis.caixa.gov.br/sistema/detalhe-imovel.asp?hdnimovel=8444415219117,Caixa,Imóvel
8555519183749,RS,PORTO ALEGRE,VILA NOVA,"RUA ATILIO SUPERTTI, N. 1430, Apto 116, BL D","120.000,00","120.000,00",0.00,Não,"Apartamento, 40.40 de área total, 36.03 de área privativa, 0.00 de área do terreno,  2 qto(s), WC, 1 sala(s), cozinha.",Leilão SFI - Edital Único,https://venda-imoveis.caixa.gov.br/sistema/detalhe-imovel.asp?hdnimovel=8555519183749,Caixa,Imóvel
1155533900351,RS,PORTO ALEGRE,JARDIM DO SALSO,"RUA SAO JOSEMARIA ESCRIVA, N. 555, Apto 1304, T A","1.600.000,00","1.600.000,00",0.00,Não,"Apartamento, 0.00 de área total, 127.35 de área privativa, 0.00 de área do terreno, 2 vaga(s) de garagem.",Leilão SFI - Edital Único,https://venda-imoveis.caixa.gov.br/sistema/detalhe-imovel.asp?hdnimovel=1155533900351,Caixa,Imóvel
1155533900360,RS,PORTO ALEGRE,JARDIM DO SALSO,"RUA SAO JOSEMARIA ESCRIVA, N. 555, Apto 901, TORRE A PAV 09","1.600.000,00","1.600.000,00",0.00,Não,"Apartamento, 0.00 de área total, 127.35 de área privativa, 0.00 de área do terreno, 1 vaga(s) de garagem.",Leilão SFI - Edital Único,https://venda-imoveis.caixa.gov.br/sistema/detalhe-imovel.asp?hdnimovel=1155533900360,Caixa,Imóvel
1155533900378,RS,PORTO ALEGRE,JARDIM DO SALSO,"RUA SAO JOSEMARIA ESCRIVA, N. 555, Apto 102, TORRE B TERREO","1.350.000,00","1.350.000,00",0.00,Não,"Apartamento, 0.00 de área total, 101.75 de área privativa, 0.00 de área do terreno, 1 vaga(s) de garagem.",Leilão SFI - Edital Único,https://venda-imoveis.caixa.gov.br/sistema/detalhe-imovel.asp?hdnimovel=1155533900378,Caixa,Imóvel
1155533900394,RS,PORTO ALEGRE,JARDIM DO SALSO,"RUA SAO JOSEMARIA ESCRIVA, N. 555, SOMENTE VAGA DE GARAGEM 161  LT 01 QD","90.000,00","90.000,00",0.00,Não,"Outros, 0.00 de área total, 11.52 de área privativa, 0.00 de área do terreno, 1 vaga(s) de garagem.",Leilão SFI - Edital Único,https://venda-imoveis.caixa.gov.br/sistema/detalhe-imovel.asp?hdnimovel=1155533900394,Caixa,Imóvel
8444413912672,RS,PORTO ALEGRE,HUMAITA,"AVENIDA PALMIRA GOBBI, N. 886, Apto 709, BL D","143.584,38","143.584,38",0.00,Não,"Apartamento, 0.00 de área total, 42.28 de área privativa, 0.00 de área do terreno.",Leilão SFI - Edital Único,https://venda-imoveis.caixa.gov.br/sistema/detalhe-imovel.asp?hdnimovel=8444413912672,Caixa,Imóvel
8787721611250,RS,PORTO ALEGRE,HUMAITA,"AVENIDA ERNESTO NEUGEBAUER, N. 820, Apto 101, TORRE 3","300.000,00","300.000,00",0.00,Não,"Apartamento, 102.25 de área total, 67.31 de área privativa, 0.00 de área do terreno,  2 qto(s), WC, 1 sala(s), cozinha, 1 vaga(s) de garagem.",Leilão SFI - Edital Único,https://venda-imoveis.caixa.gov.br/sistema/detalhe-imovel.asp?hdnimovel=8787721611250,Caixa,Imóvel
1444415683460,RS,PORTO ALEGRE,HIPICA,"RUA ERONI SOARES MACHADO, N. 300, CS 100 RUA INTERNA ALAMEDA 5","950.000,00","950.000,00",0.00,Não,"Casa, 158.70 de área total, 158.70 de área privativa, 144.00 de área do terreno,  3 qto(s), a.serv, WC, 2 sala(s), 1 lavabo(s), cozinha, Terraco.",Leilão SFI - Edital Único,https://venda-imoveis.caixa.gov.br/sistema/detalhe-imovel.asp?hdnimovel=1444415683460,Caixa,Imóvel
8787719895670,RS,PORTO ALEGRE,HIPICA,"RUA EMBIRA, N. 615, Apto 401, BL 01 PAV 04 LT 01 QD B","252.000,00","252.000,00",0.00,Não,"Apartamento, 67.24 de área total, 44.49 de área privativa, 0.00 de área do terreno,  2 qto(s), a.serv, WC, 1 sala(s), cozinha.",Leilão SFI - Edital Único,https://venda-imoveis.caixa.gov.br/sistema/detalhe-imovel.asp?hdnimovel=8787719895670,Caixa,Imóvel
1444402612836,RS,PORTO ALEGRE,LOMBA DO PINHEIRO,"ESTRADA JOAO DE OLIVEIRA REMIAO, N. SN,","334.872,00","334.872,00",0.00,Não,"Terreno, 0.00 de área total, 0.00 de área privativa, 800.00 de área do terreno.",Leilão SFI - Edital Único,https://venda-imoveis.caixa.gov.br/sistema/detalhe-imovel.asp?hdnimovel=1444402612836,Caixa,Imóvel
8555500080340,RS,PORTO ALEGRE,MARIO QUINTANA,"RUA VINTE E SEIS DE MARCO, N. 415, Apto 205, BL B","128.000,00","128.000,00",0.00,Não,"Apartamento, 48.07 de área total, 38.76 de área privativa, 0.00 de área do terreno,  2 qto(s), WC, 1 sala(s), cozinha.",Leilão SFI - Edital Único,https://venda-imoveis.caixa.gov.br/sistema/detalhe-imovel.asp?hdnimovel=8555500080340,Caixa,Imóvel
8787700480114,RS,PORTO ALEGRE,MARIO QUINTANA,"RUA IRMA TERESILDA STEFFEN, N. 255, Apto 502, TORRE 4 PAV 05 LT 01 02 03 04 QD C2","173.000,00","173.000,00",0.00,Não,"Apartamento, 92.53 de área total, 40.29 de área privativa, 0.00 de área do terreno,  2 qto(s), WC, 1 sala(s), cozinha.",Leilão SFI - Edital Único,https://venda-imoveis.caixa.gov.br/sistema/detalhe-imovel.asp?hdnimovel=8787700480114,Caixa,Imóvel
8787702290991,RS,PORTO ALEGRE,MARIO QUINTANA,"RUA IRMA TERESILDA STEFFEN, N. 115, Apto 104, TORRE 10 TERREO LT 01 02 03 03 QD E2","175.000,00","175.000,00",0.00,Não,"Apartamento, 90.41 de área total, 40.29 de área privativa, 0.00 de área do terreno,  2 qto(s), WC, 1 sala(s), cozinha.",Leilão SFI - Edital Único,https://venda-imoveis.caixa.gov.br/sistema/detalhe-imovel.asp?hdnimovel=8787702290991,Caixa,Imóvel
8787709687676,RS,PORTO ALEGRE,MARIO QUINTANA,"AVENIDA PROTASIO ALVES, N. 10970, Apto 203, BL 07","163.000,00","163.000,00",0.00,Não,"Apartamento, 92.51 de área total, 41.19 de área privativa, 0.00 de área do terreno,  2 qto(s), WC, 1 sala(s), cozinha.",Leilão SFI - Edital Único,https://venda-imoveis.caixa.gov.br/sistema/detalhe-imovel.asp?hdnimovel=8787709687676,Caixa,Imóvel
8787709708231,RS,PORTO ALEGRE,MARIO QUINTANA,"AVENIDA PROTASIO ALVES, N. 10970, Apto 104, BL 17","190.000,00","190.000,00",0.00,Não,"Apartamento, 92.51 de área total, 41.19 de área privativa, 0.00 de área do terreno,  2 qto(s), WC, 1 sala(s), cozinha.",Leilão SFI - Edital Único,https://venda-imoveis.caixa.gov.br/sistema/detalhe-imovel.asp?hdnimovel=8787709708231,Caixa,Imóvel
8444401883419,RS,PORTO ALEGRE,CAMPO NOVO,"RUA TOME ANTONIO DE SOUZA, N. 240, Apto 313, BL D","125.000,00","125.000,00",0.00,Não,"Apartamento, 48.89 de área total, 39.03 de área privativa, 0.00 de área do terreno,  2 qto(s), a.serv, WC, 1 sala(s), cozinha.",Leilão SFI - Edital Único,https://venda-imoveis.caixa.gov.br/sistema/detalhe-imovel.asp?hdnimovel=8444401883419,Caixa,Imóvel
8444420307053,RS,PORTO ALEGRE,PARQUE SANTA FE,"AVENIDA EDU LASCASAS, N. 790, Apto 403, BL A PAV 04","145.000,00","145.000,00",0.00,Não,"Apartamento, 43.53 de área total, 38.47 de área privativa, 0.00 de área do terreno,  2 qto(s), WC, 1 sala(s), cozinha.",Leilão SFI - Edital Único,https://venda-imoveis.caixa.gov.br/sistema/detalhe-imovel.asp?hdnimovel=8444420307053,Caixa,Imóvel
8787708514786,RS,PORTO ALEGRE,PARQUE SANTA FE,"RUA REVERENDO OLAVO NUNES, N. 270, Apto 407, BOX 144","230.000,00","230.000,00",0.00,Não,"Apartamento, 99.31 de área total, 44.32 de área privativa, 0.00 de área do terreno,  2 qto(s), WC, 1 sala(s), cozinha, 1 vaga(s) de garagem.",Leilão SFI - Edital Único,https://venda-imoveis.caixa.gov.br/sistema/detalhe-imovel.asp?hdnimovel=8787708514786,Caixa,Imóvel
1787701849369,RS,PORTO ALEGRE,COSTA E SILVA,"RUA WALDEMAR LUIZ DE FREITAS FILHO, N. 470, Apto 803, TORRE 2 PAV 08 VG 614","243.000,00","243.000,00",0.00,Não,"Apartamento, 75.98 de área total, 44.31 de área privativa, 0.00 de área do terreno,  2 qto(s), WC, 1 sala(s), cozinha, 1 vaga(s) de garagem.",Leilão SFI - Edital Único,https://venda-imoveis.caixa.gov.br/sistema/detalhe-imovel.asp?hdnimovel=1787701849369,Caixa,Imóvel
8787712462728,RS,PORTO ALEGRE,COSTA E SILVA,"RUA WALDEMAR LUIZ DE FREITAS FILHO, N. 470, Apto 208, TORRE 3 PAV 02 VG 172","220.000,00","220.000,00",0.00,Não,"Apartamento, 65.40 de área total, 44.32 de área privativa, 0.00 de área do terreno,  2 qto(s), a.serv, WC, 1 sala(s), cozinha, 1 vaga(s) de garagem.",Leilão SFI - Edital Único,https://venda-imoveis.caixa.gov.br/sistema/detalhe-imovel.asp?hdnimovel=8787712462728,Caixa,Imóvel
8787709498938,RS,PORTO ALEGRE,SANTA ROSA DE LIMA,"RUA DOS MAIAS, N. 1103, Apto 102, BL 18","145.282,48","145.282,48",0.00,Não,"Apartamento, 81.21 de área total, 41.19 de área privativa, 0.00 de área do terreno,  2 qto(s), WC, 1 sala(s), cozinha.",Leilão SFI - Edital Único,https://venda-imoveis.caixa.gov.br/sistema/detalhe-imovel.asp?hdnimovel=8787709498938,Caixa,Imóvel
8444415024502,RS,PORTO ALEGRE,JARDIM LEOPOLDINA,"RUA CARLOS ESTEVAO, N. 845, Apto 201, BL 4 PAV 2","145.000,00","145.000,00",0.00,Não,"Apartamento, 49.05 de área total, 42.26 de área privativa, 0.00 de área do terreno,  1 qto(s), WC, 1 sala(s), cozinha.",Leilão SFI - Edital Único,https://venda-imoveis.caixa.gov.br/sistema/detalhe-imovel.asp?hdnimovel=8444415024502,Caixa,Imóvel
8555525286074,RS,PORTO ALEGRE,JARDIM LEOPOLDINA,"RUA GERMANO BASLER, N. 115, Apto 102, BL G","158.000,00","158.000,00",0.00,Não,"Apartamento, 0.00 de área total, 38.34 de área privativa, 0.00 de área do terreno,  2 qto(s), a.serv, WC, 1 sala(s), cozinha.",Leilão SFI - Edital Único,https://venda-imoveis.caixa.gov.br/sistema/detalhe-imovel.asp?hdnimovel=8555525286074,Caixa,Imóvel
8787715928191,RS,PORTO ALEGRE,RESTINGA,"RUA SETE MIL E OITO, N. 300, Apto 402, BL 13","166.243,67","166.000,00",0.00,Não,"Apartamento, 61.70 de área total, 40.82 de área privativa, 0.00 de área do terreno,  2 qto(s), WC, 1 sala(s), cozinha.",Leilão SFI - Edital Único,https://venda-imoveis.caixa.gov.br/sistema/detalhe-imovel.asp?hdnimovel=8787715928191,Caixa,Imóvel
8787710531340,RS,PORTO ALEGRE,RESTINGA,"RUA SETE MIL E OITO, N. 280/230, Apto 504, BL 17  LTS 02 E 03 QD B","165.645,80","165.000,00",0.00,Não,"Apartamento, 70.94 de área total, 40.46 de área privativa, 0.00 de área do terreno,  2 qto(s), a.serv, WC, 1 sala(s), cozinha, 1 vaga(s) de garagem.",Leilão SFI - Edital Único,https://venda-imoveis.caixa.gov.br/sistema/detalhe-imovel.asp?hdnimovel=8787710531340,Caixa,Imóvel
8787717854829,RS,PORTO ALEGRE,PASSO DAS PEDRAS,"AVENIDA KARL IWERS, N. 2029, Apto 501, BL 02 PAV 05","180.758,39","180.000,00",0.00,Não,"Apartamento, 67.50 de área total, 41.19 de área privativa, 0.00 de área do terreno,  2 qto(s), WC, 1 sala(s), cozinha.",Leilão SFI - Edital Único,https://venda-imoveis.caixa.gov.br/sistema/detalhe-imovel.asp?hdnimovel=8787717854829,Caixa,Imóvel
8787700329777,RS,PORTO ALEGRE,MARIO QUINTANA,"RUA IRMA TERESILDA STEFFEN, N. 255, Apto 403, T 03","162.859,09","162.000,00",0.00,Não,"Apartamento, 92.53 de área total, 40.29 de área privativa, 0.00 de área do terreno,  2 qto(s), WC, 1 sala(s), cozinha.",Leilão SFI - Edital Único,https://venda-imoveis.caixa.gov.br/sistema/detalhe-imovel.asp?hdnimovel=8787700329777,Caixa,Imóvel
8787716568679,RS,PORTO ALEGRE,PASSO DAS PEDRAS,"AVENIDA KARL IWERS, N. 1800, Apto 504, BL 8","184.001,42","183.000,00",0.00,Não,"Apartamento, 69.89 de área total, 41.19 de área privativa, 0.00 de área do terreno,  2 qto(s), WC, 1 sala(s), cozinha.",Leilão SFI - Edital Único,https://venda-imoveis.caixa.gov.br/sistema/detalhe-imovel.asp?hdnimovel=8787716568679,Caixa,Imóvel
8787719723292,RS,PORTO ALEGRE,SANTA ROSA DE LIMA,"RUA JOAO PARIS, N. 452, Apto AP 40, BL 4","187.369,52","185.700,00",0.00,Não,"Apartamento, 66.99 de área total, 41.19 de área privativa, 0.00 de área do terreno,  2 qto(s), WC, 1 sala(s), cozinha.",Leilão SFI - Edital Único,https://venda-imoveis.caixa.gov.br/sistema/detalhe-imovel.asp?hdnimovel=8787719723292,Caixa,Imóvel
1444407777396,RS,PORTO ALEGRE,SARANDI,"RUA NORBERTO JUNG, N. 30, Apto 102, BL 2","279.767,19","277.000,00",0.00,Não,"Apartamento, 0.00 de área total, 52.15 de área privativa, 0.00 de área do terreno, 1 vaga(s) de garagem.",Leilão SFI - Edital Único,https://venda-imoveis.caixa.gov.br/sistema/detalhe-imovel.asp?hdnimovel=1444407777396,Caixa,Imóvel
8787722525552,RS,PORTO ALEGRE,COSTA E SILVA,"RUA WALDEMAR LUIZ DE FREITAS FILHO, N. 470, Apto 1103, T 06 VG 474","276.012,73","273.000,00",0.00,Não,"Apartamento, 75.98 de área total, 44.31 de área privativa, 0.00 de área do terreno,  2 qto(s), WC, 1 sala(s), cozinha, 1 vaga(s) de garagem.",Leilão SFI - Edital Único,https://venda-imoveis.caixa.gov.br/sistema/detalhe-imovel.asp?hdnimovel=8787722525552,Caixa,Imóvel
8787712152540,RS,PORTO ALEGRE,RESTINGA,"RUA SABINO PEREIRA NUNES, N. 932, Apto 504, BL 12","141.717,55","140.000,00",0.00,Não,"Apartamento, 74.20 de área total, 41.19 de área privativa, 0.00 de área do terreno,  2 qto(s), WC, 1 sala(s).",Leilão SFI - Edital Único,https://venda-imoveis.caixa.gov.br/sistema/detalhe-imovel.asp?hdnimovel=8787712152540,Caixa,Imóvel
8787719798411,RS,PORTO ALEGRE,PASSO DAS PEDRAS,"AVENIDA KARL IWERS, N. 2030, Apto 104, BL 01 TERREO","198.628,19","196.000,00",0.00,Não,"Apartamento, 60.38 de área total, 41.19 de área privativa, 0.00 de área do terreno,  2 qto(s), WC, 1 sala(s), cozinha.",Leilão SFI - Edital Único,https://venda-imoveis.caixa.gov.br/sistema/detalhe-imovel.asp?hdnimovel=8787719798411,Caixa,Imóvel
8787719464238,RS,PORTO ALEGRE,PASSO DAS PEDRAS,"AVENIDA KARL IWERS, N. 2030, Apto 502, BL 06 PAV 05","199.264,72","196.000,00",0.00,Não,"Apartamento, 60.38 de área total, 41.19 de área privativa, 0.00 de área do terreno,  2 qto(s), WC, 1 sala(s), cozinha.",Leilão SFI - Edital Único,https://venda-imoveis.caixa.gov.br/sistema/detalhe-imovel.asp?hdnimovel=8787719464238,Caixa,Imóvel
8787717227719,RS,PORTO ALEGRE,COSTA E SILVA,"RUA WALDEMAR LUIZ DE FREITAS FILHO, N. 470, Apto 501, TORRE 3 PAV 05 VG 189","239.527,59","235.000,00",0.00,Não,"Apartamento, 75.98 de área total, 44.32 de área privativa, 0.00 de área do terreno,  2 qto(s), WC, 1 sala(s), cozinha, 1 vaga(s) de garagem.",Leilão SFI - Edital Único,https://venda-imoveis.caixa.gov.br/sistema/detalhe-imovel.asp?hdnimovel=8787717227719,Caixa,Imóvel
8787718815509,RS,PORTO ALEGRE,IPANEMA,"ESTRADA CAMPO NOVO, N. 459, Apto 102, BL 11","200.751,23","196.000,00",0.00,Não,"Apartamento, 68.16 de área total, 41.19 de área privativa, 0.00 de área do terreno.",Leilão SFI - Edital Único,https://venda-imoveis.caixa.gov.br/sistema/detalhe-imovel.asp?hdnimovel=8787718815509,Caixa,Imóvel
8787710629242,RS,PORTO ALEGRE,COSTA E SILVA,"RUA WALDEMAR LUIZ DE FREITAS FILHO, N. 470, Apto 203, T.1 2°PAV VG.N°11 LT.2 QD.B LOT.USINAS","215.258,10","210.000,00",0.00,Não,"Apartamento, 0.00 de área total, 44.31 de área privativa, 0.00 de área do terreno, 1 vaga(s) de garagem.",Leilão SFI - Edital Único,https://venda-imoveis.caixa.gov.br/sistema/detalhe-imovel.asp?hdnimovel=8787710629242,Caixa,Imóvel
8787715014807,RS,PORTO ALEGRE,PASSO DAS PEDRAS,"AVENIDA KARL IWERS, N. 1800, Apto 303, BL 05","174.343,66","170.000,00",0.00,Não,"Apartamento, 0.00 de área total, 41.19 de área privativa, 0.00 de área do terreno.",Leilão SFI - Edital Único,https://venda-imoveis.caixa.gov.br/sistema/detalhe-imovel.asp?hdnimovel=8787715014807,Caixa,Imóvel
8787720514251,RS,PORTO ALEGRE,CAMAQUA,"RUA SILVIO SILVEIRA SOARES, N. 2688, Apto 402, TORRE 03","359.192,40","350.000,00",0.00,Não,"Apartamento, 99.05 de área total, 54.73 de área privativa, 0.00 de área do terreno,  2 qto(s), WC, 1 sala(s), cozinha, 1 vaga(s) de garagem.",Leilão SFI - Edital Único,https://venda-imoveis.caixa.gov.br/sistema/detalhe-imovel.asp?hdnimovel=8787720514251,Caixa,Imóvel
1444405698480,RS,PORTO ALEGRE,MORRO SANTANA,"RUA LUIS LEDERMAN, N. 435, SOBRADO 34  BL B","282.319,30","275.000,00",0.00,Não,"Casa, 105.46 de área total, 92.69 de área privativa, 81.00 de área do terreno,  2 qto(s), WC, 1 sala(s), 1 lavabo(s), cozinha, 1 vaga(s) de garagem.",Leilão SFI - Edital Único,https://venda-imoveis.caixa.gov.br/sistema/detalhe-imovel.asp?hdnimovel=1444405698480,Caixa,Imóvel
8787720905099,RS,PORTO ALEGRE,CAVALHADA,"RUA SILVIO SILVEIRA SOARES, N. 2688, Apto 408, T 02 VG 79","363.426,47","354.000,00",0.00,Não,"Apartamento, 99.05 de área total, 54.73 de área privativa, 0.00 de área do terreno,  2 qto(s), a.serv, WC, 1 sala(s), cozinha, 1 vaga(s) de garagem.",Leilão SFI - Edital Único,https://venda-imoveis.caixa.gov.br/sistema/detalhe-imovel.asp?hdnimovel=8787720905099,Caixa,Imóvel
8555505205311,RS,PORTO ALEGRE,SARANDI,"AVENIDA ENGENHEIRO FRANCISCO RODOLFO SIMCH, N. 312, Apto 431, BL 1","160.000,00","155.000,00",0.00,Não,"Apartamento, 55.11 de área total, 49.76 de área privativa, 0.00 de área do terreno,  1 qto(s), a.serv, WC, 1 sala(s), cozinha.",Leilão SFI - Edital Único,https://venda-imoveis.caixa.gov.br/sistema/detalhe-imovel.asp?hdnimovel=8555505205311,Caixa,Imóvel
8444434613747,RS,PORTO ALEGRE,RUBEM BERTA,"RUA PAULO RENATO KETZER DE SOUZA, N. 100, Apto 504, BL A","134.479,62","130.000,00",0.00,Não,"Apartamento, 42.78 de área total, 37.58 de área privativa, 0.00 de área do terreno,  2 qto(s), WC, 1 sala(s), cozinha.",Leilão SFI - Edital Único,https://venda-imoveis.caixa.gov.br/sistema/detalhe-imovel.asp?hdnimovel=8444434613747,Caixa,Imóvel
8787700531967,RS,PORTO ALEGRE,JARDIM LEOPOLDINA,"AVENIDA JUSCELINO KUBITSCHEK DE OLIVEIRA, N. 570, Apto 402, BL 04 PAV 04 VG 217 LT 02 QD O","170.689,31","165.000,00",0.00,Não,"Apartamento, 67.13 de área total, 40.98 de área privativa, 0.00 de área do terreno,  2 qto(s), WC, 1 sala(s), cozinha, 1 vaga(s) de garagem.",Leilão SFI - Edital Único,https://venda-imoveis.caixa.gov.br/sistema/detalhe-imovel.asp?hdnimovel=8787700531967,Caixa,Imóvel
8787707859933,RS,PORTO ALEGRE,RESTINGA,"RUA SABINO PEREIRA NUNES, N. 931, Apto 402, BL 16 PAV 04 LT 01 02 QD B","145.000,00","140.000,00",0.00,Não,"Apartamento, 69.88 de área total, 40.99 de área privativa, 0.00 de área do terreno,  2 qto(s), WC, 1 sala(s), cozinha.",Leilão SFI - Edital Único,https://venda-imoveis.caixa.gov.br/sistema/detalhe-imovel.asp?hdnimovel=8787707859933,Caixa,Imóvel
8787717952138,RS,PORTO ALEGRE,VILA NOVA,"ESTRADA CRISTIANO KRAEMER, N. 2021, Apto 502, BL 03","191.809,53","185.000,00",0.00,Não,"Apartamento, 65.43 de área total, 41.19 de área privativa, 0.00 de área do terreno,  2 qto(s), WC, 1 sala(s), cozinha.",Leilão SFI - Edital Único,https://venda-imoveis.caixa.gov.br/sistema/detalhe-imovel.asp?hdnimovel=8787717952138,Caixa,Imóvel
8787719852017,RS,PORTO ALEGRE,COSTA E SILVA,"RUA WALDEMAR LUIZ DE FREITAS FILHO, N. 470, Apto 602, TORRE 6 QD B LT 2 BOX 425","254.115,12","245.000,00",0.00,Não,"Apartamento, 75.98 de área total, 44.32 de área privativa, 0.00 de área do terreno,  2 qto(s), WC, 1 sala(s), cozinha, 1 vaga(s) de garagem.",Leilão SFI - Edital Único,https://venda-imoveis.caixa.gov.br/sistema/detalhe-imovel.asp?hdnimovel=8787719852017,Caixa,Imóvel
8787721761015,RS,PORTO ALEGRE,SANTA ROSA DE LIMA,"RUA JOAO PARIS, N. 452, Apto AP 40, BL 9","210.943,61","203.000,00",0.00,Não,"Apartamento, 66.99 de área total, 41.19 de área privativa, 0.00 de área do terreno,  2 qto(s), WC, 1 sala(s), cozinha, 1 vaga(s) de garagem.",Leilão SFI - Edital Único,https://venda-imoveis.caixa.gov.br/sistema/detalhe-imovel.asp?hdnimovel=8787721761015,Caixa,Imóvel
8787718608856,RS,PORTO ALEGRE,SANTA TEREZA,"RUA CRUZEIRO DO SUL, N. 2077, Apto AP 40, BL 1","198.082,00","190.000,00",0.00,Não,"Apartamento, 69.21 de área total, 41.19 de área privativa, 0.00 de área do terreno,  2 qto(s), WC, 1 sala(s), cozinha, 1 vaga(s) de garagem.",Leilão SFI - Edital Único,https://venda-imoveis.caixa.gov.br/sistema/detalhe-imovel.asp?hdnimovel=8787718608856,Caixa,Imóvel
8787721054483,RS,PORTO ALEGRE,CAMPO NOVO,"RUA TOME ANTONIO DE SOUZA, N. 100, Apto 303, BL 18","200.401,45","192.000,00",0.00,Não,"Apartamento, 65.44 de área total, 41.19 de área privativa, 0.00 de área do terreno,  2 qto(s), WC, 1 sala(s), cozinha.",Leilão SFI - Edital Único,https://venda-imoveis.caixa.gov.br/sistema/detalhe-imovel.asp?hdnimovel=8787721054483,Caixa,Imóvel
8787713941700,RS,PORTO ALEGRE,RUBEM BERTA,"RUA INOCENCIO DE OLIVEIRA ALVES, N. 101, Apto 403, BL 15","177.518,52","170.000,00",0.00,Não,"Apartamento, 77.79 de área total, 41.19 de área privativa, 0.00 de área do terreno,  2 qto(s), WC, 1 sala(s), cozinha, 1 vaga(s) de garagem.",Leilão SFI - Edital Único,https://venda-imoveis.caixa.gov.br/sistema/detalhe-imovel.asp?hdnimovel=8787713941700,Caixa,Imóvel
8787719860400,RS,PORTO ALEGRE,SANTA ROSA DE LIMA,"RUA JOAO PARIS, N. 452, Apto AP 10, BL 10","212.149,97","203.000,00",0.00,Não,"Apartamento, 66.99 de área total, 41.19 de área privativa, 0.00 de área do terreno,  2 qto(s), WC, 1 sala(s), cozinha, 1 vaga(s) de garagem.",Leilão SFI - Edital Único,https://venda-imoveis.caixa.gov.br/sistema/detalhe-imovel.asp?hdnimovel=8787719860400,Caixa,Imóvel
8787707898467,RS,PORTO ALEGRE,RUBEM BERTA,"RUA DOS MAIAS, N. 1103, Apto 202, BL 07 PAV 02","157.203,20","150.000,00",0.00,Não,"Apartamento, 81.21 de área total, 41.19 de área privativa, 0.00 de área do terreno,  2 qto(s), WC, 1 sala(s), cozinha.",Leilão SFI - Edital Único,https://venda-imoveis.caixa.gov.br/sistema/detalhe-imovel.asp?hdnimovel=8787707898467,Caixa,Imóvel
8444429845864,RS,PORTO ALEGRE,SARANDI,"RUA ZEFERINO DIAS, N. 171, Apto 429, BL 06  SUBBL 15","211.724,25","202.000,00",0.00,Não,"Apartamento, 54.70 de área total, 48.31 de área privativa, 0.00 de área do terreno,  2 qto(s), a.serv, WC, 1 sala(s), cozinha.",Leilão SFI - Edital Único,https://venda-imoveis.caixa.gov.br/sistema/detalhe-imovel.asp?hdnimovel=8444429845864,Caixa,Imóvel
8444419581406,RS,PORTO ALEGRE,HIPICA,"AVENIDA EDGAR PIRES DE CASTRO, N. 2600, UN 30","210.000,00","200.000,00",0.00,Não,"Casa, 115.83 de área total, 78.98 de área privativa, 55.25 de área do terreno,  2 qto(s), a.serv, WC, 1 sala(s), cozinha.",Leilão SFI - Edital Único,https://venda-imoveis.caixa.gov.br/sistema/detalhe-imovel.asp?hdnimovel=8444419581406,Caixa,Imóvel
8555522863178,RS,PORTO ALEGRE,GLORIA,"RUA CORONEL APARICIO BORGES, N. 910, Apto 402, BL B BOX 77","226.000,00","215.000,00",0.00,Não,"Apartamento, 85.01 de área total, 44.16 de área privativa, 0.00 de área do terreno,  2 qto(s), WC, 1 sala(s), cozinha, 1 vaga(s) de garagem.",Leilão SFI - Edital Único,https://venda-imoveis.caixa.gov.br/sistema/detalhe-imovel.asp?hdnimovel=8555522863178,Caixa,Imóvel
8787721013523,RS,PORTO ALEGRE,IPANEMA,"ESTRADA CAMPO NOVO, N. 459, Apto 502, BL 23","210.691,98","200.000,00",0.00,Não,"Apartamento, 68.16 de área total, 41.19 de área privativa, 0.00 de área do terreno.",Leilão SFI - Edital Único,https://venda-imoveis.caixa.gov.br/sistema/detalhe-imovel.asp?hdnimovel=8787721013523,Caixa,Imóvel
8787721028890,RS,PORTO ALEGRE,IPANEMA,"ESTRADA CAMPO NOVO, N. 459, Apto 104, BL 23","210.685,22","200.000,00",0.00,Não,"Apartamento, 68.16 de área total, 41.19 de área privativa, 0.00 de área do terreno.",Leilão SFI - Edital Único,https://venda-imoveis.caixa.gov.br/sistema/detalhe-imovel.asp?hdnimovel=8787721028890,Caixa,Imóvel
8787716410161,RS,PORTO ALEGRE,PASSO DAS PEDRAS,"AVENIDA KARL IWERS, N. 1800, Apto AP 40, BL 8","184.441,48","175.000,00",0.00,Não,"Apartamento, 69.89 de área total, 41.19 de área privativa, 0.00 de área do terreno,  2 qto(s), WC, 1 sala(s), cozinha.",Leilão SFI - Edital Único,https://venda-imoveis.caixa.gov.br/sistema/detalhe-imovel.asp?hdnimovel=8787716410161,Caixa,Imóvel
8787720230504,RS,PORTO ALEGRE,IPANEMA,"ESTRADA CAMPO NOVO, N. 459, Apto 202, BLOCO 10","211.002,45","200.000,00",0.00,Não,"Apartamento, 68.15 de área total, 41.19 de área privativa, 0.00 de área do terreno,  2 qto(s), WC, 1 sala(s), cozinha.",Leilão SFI - Edital Único,https://venda-imoveis.caixa.gov.br/sistema/detalhe-imovel.asp?hdnimovel=8787720230504,Caixa,Imóvel
8787719228038,RS,PORTO ALEGRE,RESTINGA,"RUA SETE MIL E QUINZE, N. 54, LT 13F QD F","263.781,73","250.000,00",0.00,Não,"Casa, 42.45 de área total, 42.45 de área privativa, 150.00 de área do terreno,  2 qto(s), WC, 1 sala(s), cozinha, 1 vaga(s) de garagem.",Leilão SFI - Edital Único,https://venda-imoveis.caixa.gov.br/sistema/detalhe-imovel.asp?hdnimovel=8787719228038,Caixa,Imóvel
8787717512278,RS,PORTO ALEGRE,PASSO DAS PEDRAS,"AVENIDA KARL IWERS, N. 2029, Apto 302, BL 06 PAV 03","200.516,76","190.000,00",0.00,Não,"Apartamento, 67.50 de área total, 41.19 de área privativa, 0.00 de área do terreno,  2 qto(s), WC, 1 sala(s), cozinha.",Leilão SFI - Edital Único,https://venda-imoveis.caixa.gov.br/sistema/detalhe-imovel.asp?hdnimovel=8787717512278,Caixa,Imóvel
8787717663276,RS,PORTO ALEGRE,CAMPO NOVO,"RUA TOME ANTONIO DE SOUZA, N. 100, Apto 401, BL 4 PAV 4 ENTRADA EST. CRIST. KRAE 20","192.169,73","182.000,00",0.00,Não,"Apartamento, 65.43 de área total, 41.19 de área privativa, 0.00 de área do terreno,  2 qto(s), WC, 1 sala(s), cozinha.",Leilão SFI - Edital Único,https://venda-imoveis.caixa.gov.br/sistema/detalhe-imovel.asp?hdnimovel=8787717663276,Caixa,Imóvel
8787713805939,RS,PORTO ALEGRE,RESTINGA,"AVENIDA EDGAR PIRES DE CASTRO, N. 4900, Apto 104, BL A","175.000,00","164.000,00",0.00,Não,"Apartamento, 51.62 de área total, 45.91 de área privativa, 0.00 de área do terreno,  2 qto(s), WC, 1 sala(s), cozinha.",Leilão SFI - Edital Único,https://venda-imoveis.caixa.gov.br/sistema/detalhe-imovel.asp?hdnimovel=8787713805939,Caixa,Imóvel
1444410036806,RS,PORTO ALEGRE,PARTENON,"RUA SAO MANOEL, N. 2061, Apto 1502, TR A","551.887,50","515.000,00",0.00,Não,"Apartamento, 0.00 de área total, 74.41 de área privativa, 0.00 de área do terreno.",Leilão SFI - Edital Único,https://venda-imoveis.caixa.gov.br/sistema/detalhe-imovel.asp?hdnimovel=1444410036806,Caixa,Imóvel
8787719374085,RS,PORTO ALEGRE,SANTA ROSA DE LIMA,"RUA JOAO PARIS, N. 452, Apto 404, BL 02 4 PAV","190.457,87","177.000,00",0.00,Não,"Apartamento, 66.99 de área total, 41.19 de área privativa, 0.00 de área do terreno,  2 qto(s), WC, 1 sala(s), cozinha.",Leilão SFI - Edital Único,https://venda-imoveis.caixa.gov.br/sistema/detalhe-imovel.asp?hdnimovel=8787719374085,Caixa,Imóvel
1787701598790,RS,PORTO ALEGRE,BELEM VELHO,"RUA NAIR GARCIA MARTINS, N. 56, LT 18 QD C","267.036,88","248.000,00",0.00,Não,"Casa, 48.92 de área total, 48.92 de área privativa, 171.14 de área do terreno,  2 qto(s), a.serv, WC, 1 sala(s), cozinha.",Leilão SFI - Edital Único,https://venda-imoveis.caixa.gov.br/sistema/detalhe-imovel.asp?hdnimovel=1787701598790,Caixa,Imóvel
8444434671380,RS,PORTO ALEGRE,MARIO QUINTANA,"RUA VINTE E SEIS DE MARCO, N. 415, Apto 412, BL C PAV 04","143.730,34","133.000,00",0.00,Não,"Apartamento, 48.07 de área total, 38.76 de área privativa, 0.00 de área do terreno,  2 qto(s), WC, 1 sala(s), cozinha.",Leilão SFI - Edital Único,https://venda-imoveis.caixa.gov.br/sistema/detalhe-imovel.asp?hdnimovel=8444434671380,Caixa,Imóvel
1444406420281,RS,PORTO ALEGRE,PARTENON,"RUA AMALIA FIGUEIROA, N. 37, QD 27 LOTE 10","200.000,00","185.000,00",0.00,Não,"Terreno, 0.00 de área total, 0.00 de área privativa, 221.89 de área do terreno.",Leilão SFI - Edital Único,https://venda-imoveis.caixa.gov.br/sistema/detalhe-imovel.asp?hdnimovel=1444406420281,Caixa,Imóvel
8787707867014,RS,PORTO ALEGRE,RUBEM BERTA,"RUA DOS MAIAS, N. 1103, Apto 203, BL 06 PAV 02","157.203,20","145.000,00",0.00,Não,"Apartamento, 81.21 de área total, 41.19 de área privativa, 0.00 de área do terreno,  2 qto(s), WC, 1 sala(s), cozinha.",Leilão SFI - Edital Único,https://venda-imoveis.caixa.gov.br/sistema/detalhe-imovel.asp?hdnimovel=8787707867014,Caixa,Imóvel
8787721268882,RS,PORTO ALEGRE,SANTA ROSA DE LIMA,"RUA JOAO PARIS, N. 452, Apto 104, BL 18","211.420,56","195.000,00",0.00,Não,"Apartamento, 66.99 de área total, 41.19 de área privativa, 0.00 de área do terreno,  2 qto(s), WC, 1 sala(s), cozinha.",Leilão SFI - Edital Único,https://venda-imoveis.caixa.gov.br/sistema/detalhe-imovel.asp?hdnimovel=8787721268882,Caixa,Imóvel
8787720107540,RS,PORTO ALEGRE,CAMPO NOVO,"ESTRADA CRISTIANO KRAEMER, N. 2021, Apto 104, BL 20","200.822,81","185.000,00",0.00,Não,"Apartamento, 65.43 de área total, 41.19 de área privativa, 0.00 de área do terreno,  2 qto(s), WC, 1 sala(s), cozinha, 1 vaga(s) de garagem.",Leilão SFI - Edital Único,https://venda-imoveis.caixa.gov.br/sistema/detalhe-imovel.asp?hdnimovel=8787720107540,Caixa,Imóvel
1555533627391,RS,PORTO ALEGRE,SAO SEBASTIAO,"AVENIDA ASSIS BRASIL, N. 4908, Apto 1002, TORRE 01 PAV 10","376.417,12","345.000,00",0.00,Não,"Apartamento, 117.94 de área total, 62.73 de área privativa, 0.00 de área do terreno,  3 qto(s), WC, 1 sala(s), cozinha, 1 vaga(s) de garagem.",Leilão SFI - Edital Único,https://venda-imoveis.caixa.gov.br/sistema/detalhe-imovel.asp?hdnimovel=1555533627391,Caixa,Imóvel
8787719559905,RS,PORTO ALEGRE,SANTA ROSA DE LIMA,"RUA JOAO PARIS, N. 452, Apto 203, BL 04 PAV 02","218.680,52","200.000,00",0.00,Não,"Apartamento, 67.65 de área total, 41.19 de área privativa, 0.00 de área do terreno,  2 qto(s), WC, 1 sala(s), cozinha.",Leilão SFI - Edital Único,https://venda-imoveis.caixa.gov.br/sistema/detalhe-imovel.asp?hdnimovel=8787719559905,Caixa,Imóvel
8787720740430,RS,PORTO ALEGRE,CAMPO NOVO,"ESTRADA CRISTIANO KRAEMER, N. 2021, Apto 202, BL 24","210.834,19","192.000,00",0.00,Não,"Apartamento, 76.64 de área total, 41.19 de área privativa, 0.00 de área do terreno,  2 qto(s), WC, 1 sala(s), cozinha.",Leilão SFI - Edital Único,https://venda-imoveis.caixa.gov.br/sistema/detalhe-imovel.asp?hdnimovel=8787720740430,Caixa,Imóvel
8555515235299,RS,PORTO ALEGRE,COSTA E SILVA,"AVENIDA BALTAZAR DE OLIVEIRA GARCIA, N. 2396, Apto 105, BL C","165.000,00","150.000,00",0.00,Não,"Apartamento, 81.72 de área total, 48.58 de área privativa, 0.00 de área do terreno,  2 qto(s), a.serv, WC, 1 sala(s), cozinha, 1 vaga(s) de garagem.",Leilão SFI - Edital Único,https://venda-imoveis.caixa.gov.br/sistema/detalhe-imovel.asp?hdnimovel=8555515235299,Caixa,Imóvel
8787714865005,RS,PORTO ALEGRE,RUBEM BERTA,"RUA INOCENCIO DE OLIVEIRA ALVES, N. 101, Apto 302, BL 01","176.274,13","160.000,00",0.00,Não,"Apartamento, 77.79 de área total, 41.19 de área privativa, 0.00 de área do terreno,  2 qto(s), WC, 1 sala(s), cozinha.",Leilão SFI - Edital Único,https://venda-imoveis.caixa.gov.br/sistema/detalhe-imovel.asp?hdnimovel=8787714865005,Caixa,Imóvel
8787721186142,RS,PORTO ALEGRE,SANTA ROSA DE LIMA,"RUA JOAO PARIS, N. 452, Apto 103, BL 20","211.645,11","192.000,00",0.00,Não,"Apartamento, 66.99 de área total, 41.19 de área privativa, 0.00 de área do terreno,  2 qto(s), a.serv, WC, 1 sala(s), cozinha.",Leilão SFI - Edital Único,https://venda-imoveis.caixa.gov.br/sistema/detalhe-imovel.asp?hdnimovel=8787721186142,Caixa,Imóvel
8787720230571,RS,PORTO ALEGRE,SANTA ROSA DE LIMA,"RUA JOAO PARIS, N. 452, Apto 502, BL 09 5 PAV","158.875,48","143.220,00",0.00,Não,"Apartamento, 66.99 de área total, 41.19 de área privativa, 0.00 de área do terreno,  2 qto(s), WC, 1 sala(s), cozinha.",Leilão SFI - Edital Único,https://venda-imoveis.caixa.gov.br/sistema/detalhe-imovel.asp?hdnimovel=8787720230571,Caixa,Imóvel
8787715192462,RS,PORTO ALEGRE,RUBEM BERTA,"RUA INOCENCIO DE OLIVEIRA ALVES, N. 101, Apto 204, BL  21","183.530,87","165.000,00",0.00,Não,"Apartamento, 77.79 de área total, 41.19 de área privativa, 0.00 de área do terreno,  2 qto(s), WC, 1 sala(s), cozinha.",Leilão SFI - Edital Único,https://venda-imoveis.caixa.gov.br/sistema/detalhe-imovel.asp?hdnimovel=8787715192462,Caixa,Imóvel
8787710184453,RS,PORTO ALEGRE,RESTINGA,"RUA SABINO PEREIRA NUNES, N. 931, Apto 501, BL 16","139.298,00","125.000,00",0.00,Não,"Apartamento, 0.00 de área total, 40.99 de área privativa, 0.00 de área do terreno,  2 qto(s), WC, 1 sala(s), cozinha.",Leilão SFI - Edital Único,https://venda-imoveis.caixa.gov.br/sistema/detalhe-imovel.asp?hdnimovel=8787710184453,Caixa,Imóvel
1444419331584,RS,PORTO ALEGRE,PARQUE SANTA FE,"RUA LOLA DE OLIVEIRA, N. 170, LT 23 QD D1","781.960,44","701.000,00",0.00,Não,"Casa, 251.47 de área total, 251.47 de área privativa, 300.00 de área do terreno,  3 qto(s), a.serv, WC, WC Emp, 2 sala(s), 1 lavabo(s), cozinha, 2 vaga(s) de garagem.",Leilão SFI - Edital Único,https://venda-imoveis.caixa.gov.br/sistema/detalhe-imovel.asp?hdnimovel=1444419331584,Caixa,Imóvel
1555530409423,RS,PORTO ALEGRE,SARANDI,"AVENIDA ENGENHEIRO FRANCISCO R SIMCH, N. 720, Apto 707, QD D  TRB","298.259,69","265.000,00",0.00,Não,"Apartamento, 93.96 de área total, 62.21 de área privativa, 0.00 de área do terreno,  2 qto(s), WC, 1 sala(s), cozinha, 1 vaga(s) de garagem.",Leilão SFI - Edital Único,https://venda-imoveis.caixa.gov.br/sistema/detalhe-imovel.asp?hdnimovel=1555530409423,Caixa,Imóvel
8444407649590,RS,PORTO ALEGRE,JARDIM LEOPOLDINA,"AVENIDA MARTIM FELIX BERTA, N. 547, Apto 303, BL A ANDAR 02 PAV 03","209.233,66","184.000,00",0.00,Não,"Apartamento, 78.06 de área total, 58.98 de área privativa, 0.00 de área do terreno,  2 qto(s), a.serv, WC, 1 sala(s), cozinha.",Leilão SFI - Edital Único,https://venda-imoveis.caixa.gov.br/sistema/detalhe-imovel.asp?hdnimovel=8444407649590,Caixa,Imóvel
1444401578413,RS,PORTO ALEGRE,PONTA GROSSA,"RUA REINALDO MULLER, N. 559, CASA 01  ACESSO PELA RUA DAS ESPATODEA","180.000,00","158.000,00",0.00,Não,"Casa, 44.13 de área total, 43.07 de área privativa, 115.62 de área do terreno,  2 qto(s), WC, 1 sala(s), cozinha, 1 vaga(s) de garagem.",Leilão SFI - Edital Único,https://venda-imoveis.caixa.gov.br/sistema/detalhe-imovel.asp?hdnimovel=1444401578413,Caixa,Imóvel
8787714331450,RS,PORTO ALEGRE,RUBEM BERTA,"RUA INOCENCIO DE OLIVEIRA ALVES, N. 101, Apto 202, BL 06","177.081,75","155.000,00",0.00,Não,"Apartamento, 77.79 de área total, 41.19 de área privativa, 0.00 de área do terreno,  2 qto(s), a.serv, WC, 1 sala(s), cozinha.",Leilão SFI - Edital Único,https://venda-imoveis.caixa.gov.br/sistema/detalhe-imovel.asp?hdnimovel=8787714331450,Caixa,Imóvel
8787701328138,RS,PORTO ALEGRE,MARIO QUINTANA,"RUA IRMA TERESILDA STEFFEN, N. 195, Apto 502, TORRE 4 PAV 05 LT 01 02 03 04 QD D2","172.733,85","151.000,00",0.00,Não,"Apartamento, 91.05 de área total, 40.29 de área privativa, 0.00 de área do terreno,  2 qto(s), WC, 1 sala(s), cozinha.",Leilão SFI - Edital Único,https://venda-imoveis.caixa.gov.br/sistema/detalhe-imovel.asp?hdnimovel=8787701328138,Caixa,Imóvel
8787713747343,RS,PORTO ALEGRE,RUBEM BERTA,"RUA INOCENCIO DE OLIVEIRA ALVES, N. 101, Apto 502, BL 16 PAV 05","177.611,82","155.000,00",0.00,Não,"Apartamento, 77.79 de área total, 41.19 de área privativa, 0.00 de área do terreno,  2 qto(s), WC, 1 sala(s), cozinha.",Leilão SFI - Edital Único,https://venda-imoveis.caixa.gov.br/sistema/detalhe-imovel.asp?hdnimovel=8787713747343,Caixa,Imóvel
8787714695169,RS,PORTO ALEGRE,RUBEM BERTA,"RUA INOCENCIO DE OLIVEIRA ALVES, N. 101, Apto 103, BL 7","175.661,55","149.540,00",0.00,Não,"Apartamento, 77.79 de área total, 41.19 de área privativa, 0.00 de área do terreno,  2 qto(s), WC, 1 sala(s), cozinha.",Leilão SFI - Edital Único,https://venda-imoveis.caixa.gov.br/sistema/detalhe-imovel.asp?hdnimovel=8787714695169,Caixa,Imóvel
8787718745373,RS,PORTO ALEGRE,SANTA ROSA DE LIMA,"RUA JOAO PARIS, N. 452, Apto 503, BL 01","200.000,00","170.000,00",0.00,Não,"Apartamento, 66.99 de área total, 41.19 de área privativa, 0.00 de área do terreno,  2 qto(s), WC, 1 sala(s), cozinha.",Leilão SFI - Edital Único,https://venda-imoveis.caixa.gov.br/sistema/detalhe-imovel.asp?hdnimovel=8787718745373,Caixa,Imóvel
8787714511246,RS,PORTO ALEGRE,PARQUE SANTA FE,"RUA REVERENDO OLAVO NUNES, N. 280, Apto 403, BL 11 ESTACIONAMENTO 184","250.000,00","209.466,63",0.00,Não,"Apartamento, 85.61 de área total, 38.92 de área privativa, 0.00 de área do terreno,  2 qto(s), WC, 1 sala(s), cozinha, 1 vaga(s) de garagem.",Leilão SFI - Edital Único,https://venda-imoveis.caixa.gov.br/sistema/detalhe-imovel.asp?hdnimovel=8787714511246,Caixa,Imóvel
8444437569951,RS,PORTO ALEGRE,LOMBA DO PINHEIRO,"AVENIDA JOAO ANTONIO DA SILVEIRA, N. 7455, Apto 404, BL 04","157.066,86","130.000,00",0.00,Não,"Apartamento, 43.04 de área total, 38.38 de área privativa, 0.00 de área do terreno,  2 qto(s), a.serv, WC, 1 sala(s), cozinha, 1 vaga(s) de garagem.",Leilão SFI - Edital Único,https://venda-imoveis.caixa.gov.br/sistema/detalhe-imovel.asp?hdnimovel=8444437569951,Caixa,Imóvel
8787714313690,RS,PORTO ALEGRE,RUBEM BERTA,"RUA INOCENCIO DE OLIVEIRA ALVES, N. 101, Apto 301, BL 14","177.085,53","145.000,00",0.00,Não,"Apartamento, 77.79 de área total, 41.19 de área privativa, 0.00 de área do terreno,  2 qto(s), WC, 1 sala(s).",Leilão SFI - Edital Único,https://venda-imoveis.caixa.gov.br/sistema/detalhe-imovel.asp?hdnimovel=8787714313690,Caixa,Imóvel
8444412335507,RS,PORTO ALEGRE,RUBEM BERTA,"RUA MERY WEISS, N. 65, Apto AP 20, BL D","103.845,87","85.000,00",0.00,Não,"Apartamento, 45.58 de área total, 42.60 de área privativa, 0.00 de área do terreno,  2 qto(s), WC, 1 sala(s), cozinha.",Leilão SFI - Edital Único,https://venda-imoveis.caixa.gov.br/sistema/detalhe-imovel.asp?hdnimovel=8444412335507,Caixa,Imóvel
8787717606469,RS,PORTO ALEGRE,VILA NOVA,"ESTRADA CRISTIANO KRAEMER, N. 2021, Apto 103, BL 04","192.202,20","157.000,00",0.00,Não,"Apartamento, 65.44 de área total, 41.19 de área privativa, 0.00 de área do terreno,  2 qto(s), WC, 1 sala(s), cozinha.",Leilão SFI - Edital Único,https://venda-imoveis.caixa.gov.br/sistema/detalhe-imovel.asp?hdnimovel=8787717606469,Caixa,Imóvel
8787721998708,RS,PORTO ALEGRE,SANTA ROSA DE LIMA,"RUA JOAO PARIS, N. 452, Apto 203, BL 19","217.349,11","177.000,00",0.00,Não,"Apartamento, 78.23 de área total, 41.19 de área privativa, 0.00 de área do terreno,  2 qto(s), WC, 1 sala(s), cozinha.",Leilão SFI - Edital Único,https://venda-imoveis.caixa.gov.br/sistema/detalhe-imovel.asp?hdnimovel=8787721998708,Caixa,Imóvel
8787708896212,RS,PORTO ALEGRE,RESTINGA,"RUA 7008, N. 280, Apto 104, BL 10","202.700,00","165.000,00",0.00,Não,"Apartamento, 88.83 de área total, 56.44 de área privativa, 0.00 de área do terreno,  2 qto(s), WC, 1 sala(s), cozinha, 1 vaga(s) de garagem.",Leilão SFI - Edital Único,https://venda-imoveis.caixa.gov.br/sistema/detalhe-imovel.asp?hdnimovel=8787708896212,Caixa,Imóvel
8787720942822,RS,PORTO ALEGRE,SANTA ROSA DE LIMA,"RUA JOAO PARIS, N. 452, Apto 501, BL 17","211.628,86","172.000,00",0.00,Não,"Apartamento, 66.99 de área total, 41.19 de área privativa, 0.00 de área do terreno,  2 qto(s), WC, 1 sala(s), cozinha.",Leilão SFI - Edital Único,https://venda-imoveis.caixa.gov.br/sistema/detalhe-imovel.asp?hdnimovel=8787720942822,Caixa,Imóvel
8787718788536,RS,PORTO ALEGRE,SANTA ROSA DE LIMA,"RUA JOAO PARIS, N. 452, Apto 401, BLOCO 03","210.000,00","170.000,00",0.00,Não,"Apartamento, 66.99 de área total, 41.19 de área privativa, 0.00 de área do terreno,  2 qto(s), WC, 1 sala(s), cozinha, 1 vaga(s) de garagem.",Leilão SFI - Edital Único,https://venda-imoveis.caixa.gov.br/sistema/detalhe-imovel.asp?hdnimovel=8787718788536,Caixa,Imóvel
8787718081025,RS,PORTO ALEGRE,MARIO QUINTANA,"AVENIDA PROTASIO ALVES, N. 9930, Apto 504, BL 6","229.372,44","185.000,00",0.00,Não,"Apartamento, 62.51 de área total, 40.82 de área privativa, 0.00 de área do terreno,  2 qto(s), WC, 1 sala(s), cozinha, 1 vaga(s) de garagem.",Leilão SFI - Edital Único,https://venda-imoveis.caixa.gov.br/sistema/detalhe-imovel.asp?hdnimovel=8787718081025,Caixa,Imóvel
8787720556876,RS,PORTO ALEGRE,SANTA ROSA DE LIMA,"RUA JOAO PARIS, N. 452, Apto 503, BLOCO 10","211.473,04","170.000,00",0.00,Não,"Apartamento, 66.99 de área total, 41.19 de área privativa, 0.00 de área do terreno,  2 qto(s), WC, 1 sala(s), cozinha.",Leilão SFI - Edital Único,https://venda-imoveis.caixa.gov.br/sistema/detalhe-imovel.asp?hdnimovel=8787720556876,Caixa,Imóvel
8787719617476,RS,PORTO ALEGRE,SANTA ROSA DE LIMA,"RUA JOAO PARIS, N. 452, Apto 101, BLOCO 13","212.064,87","170.000,00",0.00,Não,"Apartamento, 66.99 de área total, 41.19 de área privativa, 0.00 de área do terreno,  2 qto(s), WC, 1 sala(s), cozinha, 1 vaga(s) de garagem.",Leilão SFI - Edital Único,https://venda-imoveis.caixa.gov.br/sistema/detalhe-imovel.asp?hdnimovel=8787719617476,Caixa,Imóvel
8787715903776,RS,PORTO ALEGRE,RUBEM BERTA,"RUA INOCENCIO DE OLIVEIRA ALVES, N. 101, Apto 502, BL 22","190.036,13","151.000,00",0.00,Não,"Apartamento, 77.79 de área total, 41.19 de área privativa, 0.00 de área do terreno,  2 qto(s), WC, 1 sala(s), cozinha.",Leilão SFI - Edital Único,https://venda-imoveis.caixa.gov.br/sistema/detalhe-imovel.asp?hdnimovel=8787715903776,Caixa,Imóvel
8444415750300,RS,PORTO ALEGRE,VILA NOVA,"RUA ATILIO SUPERTTI, N. 1430, Apto 551, BL N","153.076,63","120.000,00",0.00,Não,"Apartamento, 40.40 de área total, 36.03 de área privativa, 0.00 de área do terreno,  2 qto(s), WC, 1 sala(s), cozinha.",Leilão SFI - Edital Único,https://venda-imoveis.caixa.gov.br/sistema/detalhe-imovel.asp?hdnimovel=8444415750300,Caixa,Imóvel
8444428899553,RS,PORTO ALEGRE,RUBEM BERTA,"RUA JOSE BARCELLOS GARCIA, N. 100, Apto 404, BL F","153.460,32","120.000,00",0.00,Não,"Apartamento, 42.78 de área total, 37.58 de área privativa, 0.00 de área do terreno,  2 qto(s), WC, 1 sala(s), cozinha.",Leilão SFI - Edital Único,https://venda-imoveis.caixa.gov.br/sistema/detalhe-imovel.asp?hdnimovel=8444428899553,Caixa,Imóvel
8444410504050,RS,PORTO ALEGRE,JARDIM LINDOIA,"RUA MAURO GUEDES DE OLIVEIRA, N. 131, Apto 602, TORRE A SPECIALE","570.000,00","445.000,00",0.00,Não,"Apartamento, 146.71 de área total, 83.85 de área privativa, 0.00 de área do terreno,  3 qto(s), WC, 1 sala(s), cozinha, 1 vaga(s) de garagem.",Leilão SFI - Edital Único,https://venda-imoveis.caixa.gov.br/sistema/detalhe-imovel.asp?hdnimovel=8444410504050,Caixa,Imóvel
8787719544096,RS,PORTO ALEGRE,CAMPO NOVO,"ESTRADA CRISTIANO KRAEMER, N. 2021, Apto 101, BL 20","201.144,80","157.000,00",0.00,Não,"Apartamento, 65.44 de área total, 41.19 de área privativa, 0.00 de área do terreno,  2 qto(s), WC, 1 sala(s), cozinha.",Leilão SFI - Edital Único,https://venda-imoveis.caixa.gov.br/sistema/detalhe-imovel.asp?hdnimovel=8787719544096,Caixa,Imóvel
1444419560575,RS,PORTO ALEGRE,VILA IPIRANGA,"RUA ALBERTO SILVA, N. 315, Apto AP 20,","483.755,79","375.000,00",0.00,Não,"Apartamento, 133.23 de área total, 72.39 de área privativa, 0.00 de área do terreno,  2 qto(s), a.serv, WC, WC Emp, 1 sala(s), cozinha, 1 vaga(s) de garagem.",Leilão SFI - Edital Único,https://venda-imoveis.caixa.gov.br/sistema/detalhe-imovel.asp?hdnimovel=1444419560575,Caixa,Imóvel
1444405274249,RS,PORTO ALEGRE,PETROPOLIS,"RUA BARAO DO AMAZONAS, N. 625, Apto 201,","372.753,67","288.000,00",0.00,Não,"Apartamento, 0.00 de área total, 55.00 de área privativa, 0.00 de área do terreno.",Leilão SFI - Edital Único,https://venda-imoveis.caixa.gov.br/sistema/detalhe-imovel.asp?hdnimovel=1444405274249,Caixa,Imóvel
8787710070229,RS,PORTO ALEGRE,MORRO SANTANA,"RUA JOAO DA SILVA BUENO, N. 100, Apto 902, T 01 VG 41","285.000,00","220.000,00",0.00,Não,"Apartamento, 0.00 de área total, 44.20 de área privativa, 0.00 de área do terreno, 1 vaga(s) de garagem.",Leilão SFI - Edital Único,https://venda-imoveis.caixa.gov.br/sistema/detalhe-imovel.asp?hdnimovel=8787710070229,Caixa,Imóvel
8787718822491,RS,PORTO ALEGRE,SANTA ROSA DE LIMA,"RUA JOAO PARIS, N. 452, Apto 401, BLOCO 08","187.586,25","143.220,00",0.00,Não,"Apartamento, 66.99 de área total, 41.19 de área privativa, 0.00 de área do terreno,  2 qto(s), WC, 1 sala(s), cozinha.",Leilão SFI - Edital Único,https://venda-imoveis.caixa.gov.br/sistema/detalhe-imovel.asp?hdnimovel=8787718822491,Caixa,Imóvel
8787720748023,RS,PORTO ALEGRE,SANTA ROSA DE LIMA,"RUA JOAO PARIS, N. 452, Apto 104, BL 05","211.473,04","143.220,00",0.00,Não,"Apartamento, 66.99 de área total, 41.19 de área privativa, 0.00 de área do terreno,  2 qto(s), WC, 1 sala(s), cozinha, 1 vaga(s) de garagem.",Leilão SFI - Edital Único,https://venda-imoveis.caixa.gov.br/sistema/detalhe-imovel.asp?hdnimovel=8787720748023,Caixa,Imóvel
8787720089984,RS,PORTO ALEGRE,SANTA ROSA DE LIMA,"RUA JOAO PARIS, N. 452, Apto 501, BLOCO 11","211.797,53","143.220,00",0.00,Não,"Apartamento, 66.99 de área total, 41.19 de área privativa, 0.00 de área do terreno,  2 qto(s), WC, 1 sala(s), cozinha.",Leilão SFI - Edital Único,https://venda-imoveis.caixa.gov.br/sistema/detalhe-imovel.asp?hdnimovel=8787720089984,Caixa,Imóvel
8787719378323,RS,PORTO ALEGRE,SANTA ROSA DE LIMA,"RUA JOAO PARIS, N. 452, Apto 403, BLOCO 02  4º PAVIMENTO","211.989,93","143.220,00",0.00,Não,"Apartamento, 66.99 de área total, 41.19 de área privativa, 0.00 de área do terreno,  2 qto(s), WC, 1 sala(s), cozinha.",Leilão SFI - Edital Único,https://venda-imoveis.caixa.gov.br/sistema/detalhe-imovel.asp?hdnimovel=8787719378323,Caixa,Imóvel
8787721013205,RS,PORTO ALEGRE,SANTA ROSA DE LIMA,"RUA JOAO PARIS, N. 452, Apto AP 30, BL 13","218.587,77","143.220,00",0.00,Não,"Apartamento, 78.23 de área total, 41.19 de área privativa, 0.00 de área do terreno,  2 qto(s), WC, 1 sala(s), cozinha, 1 vaga(s) de garagem.",Leilão SFI - Edital Único,https://venda-imoveis.caixa.gov.br/sistema/detalhe-imovel.asp?hdnimovel=8787721013205,Caixa,Imóvel
8787721356510,RS,PORTO ALEGRE,PASSO DAS PEDRAS,"AVENIDA KARL IWERS, N. 2030, Apto AP 30, BL 15","208.000,03","135.000,00",0.00,Não,"Apartamento, 60.38 de área total, 41.19 de área privativa, 0.00 de área do terreno,  2 qto(s), WC, 1 sala(s), cozinha.",Leilão SFI - Edital Único,https://venda-imoveis.caixa.gov.br/sistema/detalhe-imovel.asp?hdnimovel=8787721356510,Caixa,Imóvel
1555519952612,RS,PORTO ALEGRE,VILA JARDIM,"RUA GENERAL SALVADOR PINHEIRO, N. SN, TER 89 LTS 296  297 e 295 CHALE 95 Q4","5.220.000,00","2.928.000,00",0.00,Não,"Casa, 0.00 de área total, 1121.51 de área privativa, 1059.97 de área do terreno,  5 qto(s), a.serv, WC Emp, 6 sala(s), 1 lavabo(s), DCE, Terraco.",Leilão SFI - Edital Único,https://venda-imoveis.caixa.gov.br/sistema/detalhe-imovel.asp?hdnimovel=1555519952612,Caixa,Imóvel
8787711552499,RS,SAO LEOPOLDO,FEITORIA,"RUA ANGOLA, N. 110, Apto 305, TORRE A","90.746,77","155.000,00",41.46,Não,"Apartamento, 62.91 de área total, 44.71 de área privativa, 0.00 de área do terreno,  2 qto(s), WC, 1 sala(s), cozinha.",Licitação Aberta,https://venda-imoveis.caixa.gov.br/sistema/detalhe-imovel.asp?hdnimovel=8787711552499,Caixa,Imóvel
8444433652773,RS,SAO LEOPOLDO,CENTRO,"RUA SANTO ANTONIO, N. 973, Apto 304,","111.816,50","185.000,00",39.56,Não,"Apartamento, 54.79 de área total, 47.42 de área privativa, 0.00 de área do terreno,  1 qto(s), WC, 1 sala(s), cozinha.",Licitação Aberta,https://venda-imoveis.caixa.gov.br/sistema/detalhe-imovel.asp?hdnimovel=8444433652773,Caixa,Imóvel
8555535477921,RS,SAO LEOPOLDO,SAO MIGUEL,"AVENIDA TOMAZ EDSON, N. 3500, Apto 402, BL 01","120.882,70","200.000,00",39.56,Não,"Apartamento, 112.72 de área total, 55.34 de área privativa, 0.00 de área do terreno,  3 qto(s), WC, 1 sala(s), cozinha, 1 vaga(s) de garagem.",Licitação Aberta,https://venda-imoveis.caixa.gov.br/sistema/detalhe-imovel.asp?hdnimovel=8555535477921,Caixa,Imóvel
8787708291485,RS,SAO LEOPOLDO,SANTOS DUMONT,"AVENIDA LIONS SCHARLAU, N. 343, Apto 403, BL 01 VG 11","107.868,27","165.000,00",34.63,Não,"Apartamento, 83.72 de área total, 40.82 de área privativa, 0.00 de área do terreno,  2 qto(s), WC, 1 sala(s), cozinha, 1 vaga(s) de garagem.",Leilão SFI - Edital Único,https://venda-imoveis.caixa.gov.br/sistema/detalhe-imovel.asp?hdnimovel=8787708291485,Caixa,Imóvel
8787701223310,RS,SAO LEOPOLDO,FEITORIA,"RUA ODILO ALOYSIO DAUDT, N. 1199, Apto 53, BL B VG 10 5 PAV","151.861,39","210.000,00",27.69,Não,"Apartamento, 0.00 de área total, 63.24 de área privativa, 0.00 de área do terreno,  2 qto(s), a.serv, WC, 1 sala(s), cozinha, 1 vaga(s) de garagem.",Leilão SFI - Edital Único,https://venda-imoveis.caixa.gov.br/sistema/detalhe-imovel.asp?hdnimovel=8787701223310,Caixa,Imóvel
8787704152995,RS,SAO LEOPOLDO,SANTOS DUMONT,"RUA RICARDO JOAO MERKER, N. 44, Apto 102, BL 23","112.924,66","140.000,00",19.34,Não,"Apartamento, 81.28 de área total, 41.19 de área privativa, 0.00 de área do terreno,  2 qto(s), WC, 1 sala(s), cozinha.",Leilão SFI - Edital Único,https://venda-imoveis.caixa.gov.br/sistema/detalhe-imovel.asp?hdnimovel=8787704152995,Caixa,Imóvel
8787717144740,RS,SAO LEOPOLDO,SANTOS DUMONT,"AVENIDA LIONS SCHARLAU, N. 131, Apto 303, BL 11 VG 127","153.436,72","165.000,00",7.01,Não,"Apartamento, 82.74 de área total, 40.82 de área privativa, 0.00 de área do terreno,  2 qto(s), WC, 1 sala(s), cozinha, 1 vaga(s) de garagem.",Leilão SFI - Edital Único,https://venda-imoveis.caixa.gov.br/sistema/detalhe-imovel.asp?hdnimovel=8787717144740,Caixa,Imóvel
8444425890334,RS,SAO LEOPOLDO,FEITORIA,"AVENIDA RODOLFO MULLER, N. 569, CS 9B  QD 1673  LT 09","163.000,00","163.000,00",0.00,Não,"Casa, 37.80 de área total, 37.80 de área privativa, 157.56 de área do terreno,  2 qto(s).",Leilão SFI - Edital Único,https://venda-imoveis.caixa.gov.br/sistema/detalhe-imovel.asp?hdnimovel=8444425890334,Caixa,Imóvel
8444431378518,RS,SAO LEOPOLDO,FEITORIA,"RUA ODILO ALOYSIO DAUDT, N. 305, Apto 401, BL 10 PAV 04 VG 225","202.000,00","202.000,00",0.00,Não,"Apartamento, 88.79 de área total, 40.23 de área privativa, 0.00 de área do terreno,  2 qto(s), WC, 1 sala(s), cozinha, 1 vaga(s) de garagem.",Leilão SFI - Edital Único,https://venda-imoveis.caixa.gov.br/sistema/detalhe-imovel.asp?hdnimovel=8444431378518,Caixa,Imóvel
8787704866084,RS,SAO LEOPOLDO,FEITORIA,"RUA ANGOLA, N. 99, UH 80  ZN 14  ST D","225.000,00","225.000,00",0.00,Não,"Casa, 0.00 de área total, 37.57 de área privativa, 106.00 de área do terreno.",Leilão SFI - Edital Único,https://venda-imoveis.caixa.gov.br/sistema/detalhe-imovel.asp?hdnimovel=8787704866084,Caixa,Imóvel
8787708893540,RS,SAO LEOPOLDO,FEITORIA,"RUA ANGOLA, N. 110, Apto 109, TR A","180.000,00","180.000,00",0.00,Não,"Apartamento, 0.00 de área total, 44.36 de área privativa, 0.00 de área do terreno.",Leilão SFI - Edital Único,https://venda-imoveis.caixa.gov.br/sistema/detalhe-imovel.asp?hdnimovel=8787708893540,Caixa,Imóvel
8787711691014,RS,SAO LEOPOLDO,FEITORIA,"RUA ODILO ALOYSIO DAUDT, N. 423, Apto 53, BL E  VG 21","160.000,00","160.000,00",0.00,Não,"Apartamento, 58.64 de área total, 41.69 de área privativa, 0.00 de área do terreno,  2 qto(s), WC, 1 sala(s), cozinha, 1 vaga(s) de garagem.",Leilão SFI - Edital Único,https://venda-imoveis.caixa.gov.br/sistema/detalhe-imovel.asp?hdnimovel=8787711691014,Caixa,Imóvel
8787714724487,RS,SAO LEOPOLDO,FEITORIA,"RUA ODILO ALOYSIO DAUDT, N. 423, Apto 24, BL J ANDAR 01 PAV 02 VG 208","185.875,58","185.875,58",0.00,Não,"Apartamento, 58.64 de área total, 53.69 de área privativa, 0.00 de área do terreno,  2 qto(s), WC, 1 sala(s), cozinha, 1 vaga(s) de garagem.",Leilão SFI - Edital Único,https://venda-imoveis.caixa.gov.br/sistema/detalhe-imovel.asp?hdnimovel=8787714724487,Caixa,Imóvel
8787713494712,RS,SAO LEOPOLDO,CAMPINA,"RUA FARRAPOS, N. 42, Apto 503, TR 2  VG 27","149.000,00","149.000,00",0.00,Não,"Apartamento, 62.48 de área total, 54.20 de área privativa, 0.00 de área do terreno,  2 qto(s), WC, 1 sala(s), cozinha, 1 vaga(s) de garagem.",Leilão SFI - Edital Único,https://venda-imoveis.caixa.gov.br/sistema/detalhe-imovel.asp?hdnimovel=8787713494712,Caixa,Imóvel
8444411414004,RS,SAO LEOPOLDO,CAMPESTRE,"RUA ESTANCIA VELHA, N. 243, CASA 01","184.500,00","184.500,00",0.00,Não,"Casa, 56.00 de área total, 56.00 de área privativa, 150.06 de área do terreno,  2 qto(s), WC, 1 sala(s), cozinha, 1 vaga(s) de garagem.",Leilão SFI - Edital Único,https://venda-imoveis.caixa.gov.br/sistema/detalhe-imovel.asp?hdnimovel=8444411414004,Caixa,Imóvel
8787702510045,RS,SAO LEOPOLDO,SANTO ANDRE,"RUA CORONEL BORDINI, N. 1151, Apto 503, BL 16  VG 319","165.000,00","165.000,00",0.00,Não,"Apartamento, 0.00 de área total, 40.23 de área privativa, 0.00 de área do terreno, 1 vaga(s) de garagem.",Leilão SFI - Edital Único,https://venda-imoveis.caixa.gov.br/sistema/detalhe-imovel.asp?hdnimovel=8787702510045,Caixa,Imóvel
8787703258102,RS,SAO LEOPOLDO,SANTO ANDRE,"RUA CORONEL BORDINI, N. 1151, Apto 402, BL 24","191.000,00","191.000,00",0.00,Não,"Apartamento, 89.92 de área total, 40.23 de área privativa, 0.00 de área do terreno,  2 qto(s), WC, 1 sala(s), cozinha, 1 vaga(s) de garagem.",Leilão SFI - Edital Único,https://venda-imoveis.caixa.gov.br/sistema/detalhe-imovel.asp?hdnimovel=8787703258102,Caixa,Imóvel
8787700463937,RS,SAO LEOPOLDO,SANTOS DUMONT,"RUA RICARDO JOAO MERKER, N. 44, Apto AP 50, BL 4","150.000,00","150.000,00",0.00,Não,"Apartamento, 81.28 de área total, 41.19 de área privativa, 0.00 de área do terreno,  2 qto(s), WC, 1 sala(s), cozinha.",Leilão SFI - Edital Único,https://venda-imoveis.caixa.gov.br/sistema/detalhe-imovel.asp?hdnimovel=8787700463937,Caixa,Imóvel
8787700743379,RS,SAO LEOPOLDO,SANTOS DUMONT,"RUA RICARDO JOAO MERKER, N. 44, Apto 104, BL 021","148.000,00","148.000,00",0.00,Não,"Apartamento, 81.28 de área total, 41.19 de área privativa, 0.00 de área do terreno,  2 qto(s), WC, 1 sala(s), cozinha, 1 vaga(s) de garagem.",Leilão SFI - Edital Único,https://venda-imoveis.caixa.gov.br/sistema/detalhe-imovel.asp?hdnimovel=8787700743379,Caixa,Imóvel
8787701173169,RS,SAO LEOPOLDO,SANTOS DUMONT,"RUA RICARDO JOAO MERKER, N. 44, Apto AP 30, BL 10","148.000,00","148.000,00",0.00,Não,"Apartamento, 81.28 de área total, 41.19 de área privativa, 0.00 de área do terreno,  2 qto(s), WC, 1 sala(s), cozinha, 1 vaga(s) de garagem.",Leilão SFI - Edital Único,https://venda-imoveis.caixa.gov.br/sistema/detalhe-imovel.asp?hdnimovel=8787701173169,Caixa,Imóvel
8787703057883,RS,SAO LEOPOLDO,SANTOS DUMONT,"RUA RICARDO JOAO MERKER, N. 44, Apto 103, BL 08","148.000,00","148.000,00",0.00,Não,"Apartamento, 81.28 de área total, 41.19 de área privativa, 0.00 de área do terreno,  2 qto(s), WC, 1 sala(s), cozinha, 1 vaga(s) de garagem.",Leilão SFI - Edital Único,https://venda-imoveis.caixa.gov.br/sistema/detalhe-imovel.asp?hdnimovel=8787703057883,Caixa,Imóvel
8787705748832,RS,SAO LEOPOLDO,SANTOS DUMONT,"RUA RICARDO JOAO MERKER, N. 44, Apto 102, BL 29","148.000,00","148.000,00",0.00,Não,"Apartamento, 81.29 de área total, 41.19 de área privativa, 0.00 de área do terreno,  2 qto(s), WC, 1 sala(s), cozinha, 1 vaga(s) de garagem.",Leilão SFI - Edital Único,https://venda-imoveis.caixa.gov.br/sistema/detalhe-imovel.asp?hdnimovel=8787705748832,Caixa,Imóvel
8787710932476,RS,SAO LEOPOLDO,SANTOS DUMONT,"RUA RICARDO JOAO MERKER, N. 44, Apto 302, BL 35","155.000,00","155.000,00",0.00,Não,"Apartamento, 81.29 de área total, 41.19 de área privativa, 0.00 de área do terreno,  2 qto(s), WC, 1 sala(s), cozinha.",Leilão SFI - Edital Único,https://venda-imoveis.caixa.gov.br/sistema/detalhe-imovel.asp?hdnimovel=8787710932476,Caixa,Imóvel
8787716771059,RS,SAO LEOPOLDO,SANTOS DUMONT,"AVENIDA LIONS SCHARLAU, N. 131, Apto 503, BL 16  VG 391","200.000,00","200.000,00",0.00,Não,"Apartamento, 82.75 de área total, 40.82 de área privativa, 0.00 de área do terreno,  2 qto(s), WC, 1 sala(s), cozinha, 1 vaga(s) de garagem.",Leilão SFI - Edital Único,https://venda-imoveis.caixa.gov.br/sistema/detalhe-imovel.asp?hdnimovel=8787716771059,Caixa,Imóvel
8444430614285,RS,SAO LEOPOLDO,FAZENDA SAO BORJA,"RUA JAIME CAETANO BRAUN, N. 270, SOBRADO CM79  QD C","190.000,00","190.000,00",0.00,Não,"Casa, 77.50 de área total, 75.67 de área privativa, 52.80 de área do terreno,  2 qto(s), a.serv, WC, 1 sala(s), cozinha.",Leilão SFI - Edital Único,https://venda-imoveis.caixa.gov.br/sistema/detalhe-imovel.asp?hdnimovel=8444430614285,Caixa,Imóvel
8787700802898,RS,SAO LEOPOLDO,SANTOS DUMONT,"RUA RICARDO JOAO MERKER, N. 44, Apto 402, BL 03","140.268,28","140.000,00",0.00,Não,"Apartamento, 81.28 de área total, 41.19 de área privativa, 0.00 de área do terreno,  2 qto(s), WC, 1 sala(s), cozinha.",Leilão SFI - Edital Único,https://venda-imoveis.caixa.gov.br/sistema/detalhe-imovel.asp?hdnimovel=8787700802898,Caixa,Imóvel
1444422074899,RS,SAO LEOPOLDO,ARROIO DA MANTEIGA,"RUA GENERAL FRANCISCO JOSE S. DE SOUZA A., N. 48, LT 06 QD K","403.193,91","402.000,00",0.00,Não,"Casa, 134.17 de área total, 134.17 de área privativa, 325.00 de área do terreno,  2 qto(s), a.serv, WC, 1 sala(s), cozinha, 3 vaga(s) de garagem.",Leilão SFI - Edital Único,https://venda-imoveis.caixa.gov.br/sistema/detalhe-imovel.asp?hdnimovel=1444422074899,Caixa,Imóvel
8787707236065,RS,SAO LEOPOLDO,SANTOS DUMONT,"RUA RICARDO JOAO MERKER, N. 44, Apto 402,  BL 17 PAV 04","135.000,00","134.000,00",0.00,Não,"Apartamento, 81.28 de área total, 41.19 de área privativa, 0.00 de área do terreno,  2 qto(s), WC, 1 sala(s), cozinha.",Leilão SFI - Edital Único,https://venda-imoveis.caixa.gov.br/sistema/detalhe-imovel.asp?hdnimovel=8787707236065,Caixa,Imóvel
8787716290565,RS,SAO LEOPOLDO,ARROIO DA MANTEIGA,"RUA MARCELO DA ROCHA STRASBURG, N. 27, Apto AP 30, BL D","185.381,68","182.000,00",0.00,Não,"Apartamento, 69.42 de área total, 60.59 de área privativa, 0.00 de área do terreno,  2 qto(s), WC, 1 sala(s), cozinha, 1 vaga(s) de garagem.",Leilão SFI - Edital Único,https://venda-imoveis.caixa.gov.br/sistema/detalhe-imovel.asp?hdnimovel=8787716290565,Caixa,Imóvel
8787710489580,RS,SAO LEOPOLDO,SANTOS DUMONT,"RUA RICARDO JOAO MERKER, N. 44, Apto 503, BL 42","145.000,00","142.000,00",0.00,Não,"Apartamento, 81.32 de área total, 41.19 de área privativa, 0.00 de área do terreno,  2 qto(s), WC, 1 sala(s), cozinha, 1 vaga(s) de garagem.",Leilão SFI - Edital Único,https://venda-imoveis.caixa.gov.br/sistema/detalhe-imovel.asp?hdnimovel=8787710489580,Caixa,Imóvel
8444428544461,RS,SAO LEOPOLDO,ARROIO DA MANTEIGA,"RUA TENENTE CORONEL FREDERICO MESQUITA, N. 265, PARTE DO LT 09 QD 1598","200.000,00","189.000,00",0.00,Não,"Casa, 42.25 de área total, 42.25 de área privativa, 150.00 de área do terreno,  2 qto(s), a.serv, WC, 1 sala(s), cozinha, 1 vaga(s) de garagem.",Leilão SFI - Edital Único,https://venda-imoveis.caixa.gov.br/sistema/detalhe-imovel.asp?hdnimovel=8444428544461,Caixa,Imóvel
8787720499147,RS,SAO LEOPOLDO,SANTOS DUMONT,"AVENIDA LIONS SCHARLAU, N. 131, Apto 201, BL 21 VG 169","185.250,57","175.000,00",0.00,Não,"Apartamento, 82.74 de área total, 40.82 de área privativa, 0.00 de área do terreno,  2 qto(s), WC, 1 sala(s), cozinha, 1 vaga(s) de garagem.",Leilão SFI - Edital Único,https://venda-imoveis.caixa.gov.br/sistema/detalhe-imovel.asp?hdnimovel=8787720499147,Caixa,Imóvel
8787719201512,RS,SAO LEOPOLDO,SANTOS DUMONT,"AVENIDA LIONS SCHARLAU, N. 131, Apto 403, BL 20 VG 296","192.664,37","180.000,00",0.00,Não,"Apartamento, 82.74 de área total, 40.82 de área privativa, 0.00 de área do terreno,  2 qto(s), WC, 1 sala(s), cozinha, 1 vaga(s) de garagem.",Leilão SFI - Edital Único,https://venda-imoveis.caixa.gov.br/sistema/detalhe-imovel.asp?hdnimovel=8787719201512,Caixa,Imóvel
8444436549183,RS,SAO LEOPOLDO,SANTO ANDRE,"RUA CORONEL BORDINI, N. 1151, Apto 304, BL 09 ANDAR 02 PAV 03 VG 170","220.420,70","205.000,00",0.00,Não,"Apartamento, 89.92 de área total, 40.23 de área privativa, 0.00 de área do terreno,  2 qto(s), WC, 1 sala(s), cozinha, 1 vaga(s) de garagem.",Leilão SFI - Edital Único,https://venda-imoveis.caixa.gov.br/sistema/detalhe-imovel.asp?hdnimovel=8444436549183,Caixa,Imóvel
8787713408093,RS,SAO LEOPOLDO,FEITORIA,"RUA ANGOLA, N. 110, Apto 504, TORRE B","178.299,80","165.000,00",0.00,Não,"Apartamento, 62.43 de área total, 44.36 de área privativa, 0.00 de área do terreno,  2 qto(s), WC, 1 sala(s), cozinha.",Leilão SFI - Edital Único,https://venda-imoveis.caixa.gov.br/sistema/detalhe-imovel.asp?hdnimovel=8787713408093,Caixa,Imóvel
8787710372055,RS,SAO LEOPOLDO,FEITORIA,"RUA ANGOLA, N. 110, Apto 309, TORRE C PAV 03","160.639,11","147.000,00",0.00,Não,"Apartamento, 62.43 de área total, 44.36 de área privativa, 0.00 de área do terreno,  2 qto(s), WC, 1 sala(s), cozinha.",Leilão SFI - Edital Único,https://venda-imoveis.caixa.gov.br/sistema/detalhe-imovel.asp?hdnimovel=8787710372055,Caixa,Imóvel
8787716802930,RS,SAO LEOPOLDO,FEITORIA,"RUA ANGOLA, N. 110, Apto AP 31, TR E","189.982,36","172.218,15",0.00,Não,"Apartamento, 64.70 de área total, 45.98 de área privativa, 0.00 de área do terreno,  2 qto(s), WC, 1 sala(s), cozinha.",Leilão SFI - Edital Único,https://venda-imoveis.caixa.gov.br/sistema/detalhe-imovel.asp?hdnimovel=8787716802930,Caixa,Imóvel
8444416389563,RS,SAO LEOPOLDO,SAO MIGUEL,"RUA INSTITUTO LENON JOEL, N. 50,","144.660,95","131.000,00",0.00,Não,"Casa, 39.68 de área total, 39.68 de área privativa, 160.00 de área do terreno,  2 qto(s), WC, 1 sala(s), cozinha.",Leilão SFI - Edital Único,https://venda-imoveis.caixa.gov.br/sistema/detalhe-imovel.asp?hdnimovel=8444416389563,Caixa,Imóvel
8444431176079,RS,SAO LEOPOLDO,SANTOS DUMONT,"RUA RICARDO JOAO MERKER, N. 44, Apto 504, BL 36","148.254,73","134.000,00",0.00,Não,"Apartamento, 81.28 de área total, 41.19 de área privativa, 0.00 de área do terreno,  2 qto(s), WC, 1 sala(s), cozinha.",Leilão SFI - Edital Único,https://venda-imoveis.caixa.gov.br/sistema/detalhe-imovel.asp?hdnimovel=8444431176079,Caixa,Imóvel
8444439117675,RS,SAO LEOPOLDO,SANTOS DUMONT,"RUA RICARDO JOAO MERKER, N. 44, Apto 301, BL 27","166.976,40","148.000,00",0.00,Não,"Apartamento, 81.29 de área total, 41.19 de área privativa, 0.00 de área do terreno,  2 qto(s), WC, 1 sala(s), cozinha.",Leilão SFI - Edital Único,https://venda-imoveis.caixa.gov.br/sistema/detalhe-imovel.asp?hdnimovel=8444439117675,Caixa,Imóvel
8787716440788,RS,SAO LEOPOLDO,SANTOS DUMONT,"AVENIDA LIONS SCHARLAU, N. 131, Apto 203, BLOCO 08 VAGA 350","195.522,27","171.000,00",0.00,Não,"Apartamento, 82.74 de área total, 40.82 de área privativa, 0.00 de área do terreno,  2 qto(s), WC, 1 sala(s), cozinha, 1 vaga(s) de garagem.",Leilão SFI - Edital Único,https://venda-imoveis.caixa.gov.br/sistema/detalhe-imovel.asp?hdnimovel=8787716440788,Caixa,Imóvel
8444402955154,RS,SAO LEOPOLDO,CENTRO,"RUA BRASIL, N. 885, Apto 202, 2 PAV","126.495,85","110.000,00",0.00,Não,"Apartamento, 61.84 de área total, 51.61 de área privativa, 0.00 de área do terreno,  1 qto(s), WC, 1 sala(s), cozinha.",Leilão SFI - Edital Único,https://venda-imoveis.caixa.gov.br/sistema/detalhe-imovel.asp?hdnimovel=8444402955154,Caixa,Imóvel
8787706229189,RS,SAO LEOPOLDO,FEITORIA,"RUA ANGOLA, N. 99, CS 17","208.200,00","180.000,00",0.00,Não,"Casa, 0.00 de área total, 45.58 de área privativa, 61.02 de área do terreno,  2 qto(s), WC, 1 sala(s), cozinha.",Leilão SFI - Edital Único,https://venda-imoveis.caixa.gov.br/sistema/detalhe-imovel.asp?hdnimovel=8787706229189,Caixa,Imóvel
8787719205950,RS,SAO LEOPOLDO,SANTOS DUMONT,"AVENIDA LIONS SCHARLAU, N. 131, Apto 404, BLOCO 03 VAGA 83","202.338,62","172.000,00",0.00,Não,"Apartamento, 82.74 de área total, 40.82 de área privativa, 0.00 de área do terreno,  2 qto(s), WC, 1 sala(s), cozinha, 1 vaga(s) de garagem.",Leilão SFI - Edital Único,https://venda-imoveis.caixa.gov.br/sistema/detalhe-imovel.asp?hdnimovel=8787719205950,Caixa,Imóvel
8787717090624,RS,SAO LEOPOLDO,SANTOS DUMONT,"AVENIDA LIONS SCHARLAU, N. 131, Apto AP 50, BL 20","191.498,30","160.000,00",0.00,Não,"Apartamento, 82.74 de área total, 40.82 de área privativa, 0.00 de área do terreno,  2 qto(s), WC, 1 sala(s), cozinha, 1 vaga(s) de garagem.",Leilão SFI - Edital Único,https://venda-imoveis.caixa.gov.br/sistema/detalhe-imovel.asp?hdnimovel=8787717090624,Caixa,Imóvel
8787720419283,RS,SAO LEOPOLDO,SANTOS DUMONT,"AVENIDA LIONS SCHARLAU, N. 131, Apto 201, BL 17 VG 205","214.480,69","175.000,00",0.00,Não,"Apartamento, 82.74 de área total, 40.82 de área privativa, 0.00 de área do terreno,  2 qto(s), WC, 1 sala(s), cozinha, 1 vaga(s) de garagem.",Leilão SFI - Edital Único,https://venda-imoveis.caixa.gov.br/sistema/detalhe-imovel.asp?hdnimovel=8787720419283,Caixa,Imóvel
8787716835413,RS,SAO LEOPOLDO,SANTOS DUMONT,"AVENIDA LIONS SCHARLAU, N. 131, Apto 403, BL 11","192.106,90","154.000,00",0.00,Não,"Apartamento, 82.74 de área total, 40.82 de área privativa, 0.00 de área do terreno,  2 qto(s), WC, 1 sala(s), cozinha, 1 vaga(s) de garagem.",Leilão SFI - Edital Único,https://venda-imoveis.caixa.gov.br/sistema/detalhe-imovel.asp?hdnimovel=8787716835413,Caixa,Imóvel
8787719448348,RS,SAO LEOPOLDO,SANTOS DUMONT,"AVENIDA LIONS SCHARLAU, N. 131, Apto 304, BL 05 VG 100","202.489,09","159.000,00",0.00,Não,"Apartamento, 82.74 de área total, 40.82 de área privativa, 0.00 de área do terreno,  2 qto(s), WC, 1 sala(s), cozinha, 1 vaga(s) de garagem.",Leilão SFI - Edital Único,https://venda-imoveis.caixa.gov.br/sistema/detalhe-imovel.asp?hdnimovel=8787719448348,Caixa,Imóvel
8444429764201,RS,SAO LEOPOLDO,DUQUE DE CAXIAS,"TRAVESSA TOMAS ANTONIO GONZAGA, N. 150, Apto AP 43, BL H","185.000,00","145.000,00",0.00,Não,"Apartamento, 0.00 de área total, 42.76 de área privativa, 0.00 de área do terreno,  2 qto(s), WC, 1 sala(s), cozinha.",Leilão SFI - Edital Único,https://venda-imoveis.caixa.gov.br/sistema/detalhe-imovel.asp?hdnimovel=8444429764201,Caixa,Imóvel
8787716546632,RS,SAO LEOPOLDO,SANTOS DUMONT,"AVENIDA LIONS SCHARLAU, N. 131, Apto 104, BL 11 VG 120","192.365,09","148.500,00",0.00,Não,"Apartamento, 82.74 de área total, 40.82 de área privativa, 0.00 de área do terreno,  2 qto(s), WC, 1 sala(s), cozinha, 1 vaga(s) de garagem.",Leilão SFI - Edital Único,https://venda-imoveis.caixa.gov.br/sistema/detalhe-imovel.asp?hdnimovel=8787716546632,Caixa,Imóvel
1444419393156,RS,SAO LEOPOLDO,SAO MIGUEL,"RUA BRASIL, N. 1570, Apto 101, SUBBL 6B  BL 6  D3","239.260,48","161.000,00",0.00,Não,"Apartamento, 72.46 de área total, 64.96 de área privativa, 0.00 de área do terreno,  3 qto(s), a.serv, WC, 1 sala(s), cozinha.",Leilão SFI - Edital Único,https://venda-imoveis.caixa.gov.br/sistema/detalhe-imovel.asp?hdnimovel=1444419393156,Caixa,Imóvel
8444410600211,RS,SAO LEOPOLDO,FEITORIA,"AVENIDA FEITORIA, N. 5518, Apto 201, BL N","250.000,00","167.000,00",0.00,Não,"Apartamento, 61.14 de área total, 54.09 de área privativa, 0.00 de área do terreno,  2 qto(s), WC, 1 sala(s), cozinha, 1 vaga(s) de garagem.",Leilão SFI - Edital Único,https://venda-imoveis.caixa.gov.br/sistema/detalhe-imovel.asp?hdnimovel=8444410600211,Caixa,Imóvel
8444434799166,RS,SAO LEOPOLDO,CAMPESTRE,"RUA WALTER ROST, N. SN, PARTE LT 08 QD A","183.464,42","105.000,00",0.00,Não,"Terreno, 0.00 de área total, 0.00 de área privativa, 160.48 de área do terreno.",Leilão SFI - Edital Único,https://venda-imoveis.caixa.gov.br/sistema/detalhe-imovel.asp?hdnimovel=8444434799166,Caixa,Imóvel
8555518648900,RS,SAPUCAIA DO SUL,PASQUALINI,"RUA H32 H32 1181, N. 417, Apto 202, BL22","96.480,42","162.810,16",40.75,Não,"Apartamento, 0.00 de área total, 38.81 de área privativa, 0.00 de área do terreno,  2 qto(s), a.serv, WC, 1 sala(s), cozinha.",Venda Online,https://venda-imoveis.caixa.gov.br/sistema/detalhe-imovel.asp?hdnimovel=8555518648900,Caixa,Imóvel
8444432574655,RS,SAPUCAIA DO SUL,NOVA SAPUCAIA,"AVENIDA AMERICO VESPUCIO, N. 591, Apto 336, BL 3 3 PAV","130.897,74","170.000,00",23.01,Não,"Apartamento, 48.02 de área total, 44.05 de área privativa, 0.00 de área do terreno,  2 qto(s), WC, 1 sala(s), cozinha.",Leilão SFI - Edital Único,https://venda-imoveis.caixa.gov.br/sistema/detalhe-imovel.asp?hdnimovel=8444432574655,Caixa,Imóvel
10306257,RS,SAPUCAIA DO SUL,DIHEL,"RUA CAMPOS SALES, N. 138, STR 04G75, QD V, LT 04, QD 24 MAPA GER","373.490,21","408.000,00",8.46,Não,"Comercial, 0.00 de área total, 179.64 de área privativa, 283.50 de área do terreno.",Leilão SFI - Edital Único,https://venda-imoveis.caixa.gov.br/sistema/detalhe-imovel.asp?hdnimovel=10306257,Caixa,Imóvel
8444408637308,RS,SAPUCAIA DO SUL,PASQUALINI,"RUA DONA ERNESTINA, N. 417, Apto 403, BLOCO 14","128.000,00","128.000,00",0.00,Não,"Apartamento, 0.00 de área total, 38.81 de área privativa, 0.00 de área do terreno,  2 qto(s), WC, 1 sala(s), cozinha, 1 vaga(s) de garagem.",Leilão SFI - Edital Único,https://venda-imoveis.caixa.gov.br/sistema/detalhe-imovel.asp?hdnimovel=8444408637308,Caixa,Imóvel
1444412587443,RS,SAPUCAIA DO SUL,IPIRANGA,"RUA PROFESSORA ELENORA CORREA, N. 95, CASA 2","235.000,00","235.000,00",0.00,Não,"Casa, 0.00 de área total, 52.48 de área privativa, 80.00 de área do terreno.",Leilão SFI - Edital Único,https://venda-imoveis.caixa.gov.br/sistema/detalhe-imovel.asp?hdnimovel=1444412587443,Caixa,Imóvel
8787701005134,RS,SAPUCAIA DO SUL,IPIRANGA,"RUA IRMA EDVIGES, N. 816, Apto 42  A,","207.500,00","207.500,00",0.00,Não,"Apartamento, 66.13 de área total, 60.64 de área privativa, 0.00 de área do terreno,  2 qto(s), a.serv, 1 sala(s), cozinha, 1 vaga(s) de garagem.",Leilão SFI - Edital Único,https://venda-imoveis.caixa.gov.br/sistema/detalhe-imovel.asp?hdnimovel=8787701005134,Caixa,Imóvel
8787701090662,RS,SAPUCAIA DO SUL,IPIRANGA,"RUA IRMA EDVIGES, N. 816, Apto 41, BL M","168.000,00","168.000,00",0.00,Não,"Apartamento, 0.00 de área total, 60.64 de área privativa, 0.00 de área do terreno.",Leilão SFI - Edital Único,https://venda-imoveis.caixa.gov.br/sistema/detalhe-imovel.asp?hdnimovel=8787701090662,Caixa,Imóvel
8555525382065,RS,SAPUCAIA DO SUL,CENTRO,"AVENIDA LUCIO BITTENCOURT, N. 1410, Apto 403, BL 5  VG 209","160.000,00","160.000,00",0.00,Não,"Apartamento, 72.43 de área total, 50.15 de área privativa, 0.00 de área do terreno,  2 qto(s), WC, 1 sala(s), cozinha, 1 vaga(s) de garagem.",Leilão SFI - Edital Único,https://venda-imoveis.caixa.gov.br/sistema/detalhe-imovel.asp?hdnimovel=8555525382065,Caixa,Imóvel
1444418491065,RS,SAPUCAIA DO SUL,COHAB,"RUA HUGO LIMA, N. 326, LT 08 QD 04","452.146,30","452.146,30",0.00,Não,"Casa, 130.91 de área total, 130.91 de área privativa, 250.00 de área do terreno,  2 qto(s), WC, 1 sala(s), cozinha, 1 vaga(s) de garagem.",Leilão SFI - Edital Único,https://venda-imoveis.caixa.gov.br/sistema/detalhe-imovel.asp?hdnimovel=1444418491065,Caixa,Imóvel
8444415293651,RS,SAPUCAIA DO SUL,LOMBA DA PALMEIRA,"RUA LUIZA CLARINDA THIESEN, N. 32, CASA 03","185.000,00","185.000,00",0.00,Não,"Casa, 45.56 de área total, 45.56 de área privativa, 64.55 de área do terreno,  2 qto(s), WC, 1 sala(s), cozinha.",Leilão SFI - Edital Único,https://venda-imoveis.caixa.gov.br/sistema/detalhe-imovel.asp?hdnimovel=8444415293651,Caixa,Imóvel
8555526967849,RS,SAPUCAIA DO SUL,LOMBA DA PALMEIRA,"AVENIDA JUSTINO CAMBOIM, N. 2765, CS 01 LOT RECANTO JARDINS II","237.506,47","237.506,47",0.00,Não,"Casa, 55.40 de área total, 40.40 de área privativa, 154.00 de área do terreno,  2 qto(s), 1 vaga(s) de garagem.",Leilão SFI - Edital Único,https://venda-imoveis.caixa.gov.br/sistema/detalhe-imovel.asp?hdnimovel=8555526967849,Caixa,Imóvel
8787700367245,RS,SAPUCAIA DO SUL,LOMBA DA PALMEIRA,"RUA IRMA EDVIGES, N. 816, Apto 12, BL D","269.911,00","269.911,00",0.00,Não,"Apartamento, 80.11 de área total, 74.47 de área privativa, 0.00 de área do terreno,  2 qto(s), a.serv, WC, 1 sala(s), cozinha, 1 vaga(s) de garagem.",Leilão SFI - Edital Único,https://venda-imoveis.caixa.gov.br/sistema/detalhe-imovel.asp?hdnimovel=8787700367245,Caixa,Imóvel
8787700809728,RS,SAPUCAIA DO SUL,LOMBA DA PALMEIRA,"RUA IRMA EDVIGES, N. 816, Apto 53, BL D ANDAR 04 PAV 05 VG 217","160.000,00","160.000,00",0.00,Não,"Apartamento, 66.14 de área total, 60.64 de área privativa, 0.00 de área do terreno,  2 qto(s), WC, 1 sala(s), cozinha, 1 vaga(s) de garagem.",Leilão SFI - Edital Único,https://venda-imoveis.caixa.gov.br/sistema/detalhe-imovel.asp?hdnimovel=8787700809728,Caixa,Imóvel
8555529520977,RS,SAPUCAIA DO SUL,CENTRO,"AVENIDA LUCIO BITTENCOURT, N. 1410, Apto 105,  BLOCO 01","158.859,14","158.500,00",0.00,Não,"Apartamento, 72.18 de área total, 49.94 de área privativa, 0.00 de área do terreno,  2 qto(s), WC, 1 sala(s), cozinha, 1 vaga(s) de garagem.",Leilão SFI - Edital Único,https://venda-imoveis.caixa.gov.br/sistema/detalhe-imovel.asp?hdnimovel=8555529520977,Caixa,Imóvel
8444422871410,RS,SAPUCAIA DO SUL,IPIRANGA,"RUA IRMA EDVIGES, N. 816, Apto 12, BL J LOT JD AMERICA","169.086,59","167.000,00",0.00,Não,"Apartamento, 82.91 de área total, 77.23 de área privativa, 0.00 de área do terreno,  2 qto(s), WC, 1 sala(s), cozinha, 1 vaga(s) de garagem.",Leilão SFI - Edital Único,https://venda-imoveis.caixa.gov.br/sistema/detalhe-imovel.asp?hdnimovel=8444422871410,Caixa,Imóvel
8444412824990,RS,SAPUCAIA DO SUL,COHAB,"RUA DAVID MACHADO, N. SN, Apto 406, BL 28","105.810,00","100.000,00",0.00,Não,"Apartamento, 42.18 de área total, 38.64 de área privativa, 0.00 de área do terreno,  2 qto(s), WC, 1 sala(s), cozinha.",Leilão SFI - Edital Único,https://venda-imoveis.caixa.gov.br/sistema/detalhe-imovel.asp?hdnimovel=8444412824990,Caixa,Imóvel
8787713768847,RS,SAPUCAIA DO SUL,NOVA SAPUCAIA,"AVENIDA AMERICO VESPUCIO, N. 471, Apto 44, BL J ANDAR 03 PAV 04 VG 278","161.174,28","148.000,00",0.00,Não,"Apartamento, 58.96 de área total, 42.65 de área privativa, 0.00 de área do terreno,  2 qto(s), WC, 1 sala(s), cozinha, 1 vaga(s) de garagem.",Leilão SFI - Edital Único,https://venda-imoveis.caixa.gov.br/sistema/detalhe-imovel.asp?hdnimovel=8787713768847,Caixa,Imóvel
8787709937788,RS,SAPUCAIA DO SUL,BOA VISTA,"RUA PEJUCARA, N. 66, Apto 206, TORRE A  PAINEIRA  LT 1 QD 20","154.000,00","132.000,00",0.00,Não,"Apartamento, 62.36 de área total, 45.35 de área privativa, 0.00 de área do terreno,  2 qto(s), WC, 1 sala(s), cozinha, 1 vaga(s) de garagem.",Leilão SFI - Edital Único,https://venda-imoveis.caixa.gov.br/sistema/detalhe-imovel.asp?hdnimovel=8787709937788,Caixa,Imóvel
8787702476114,RS,VIAMAO,SANTA ISABEL,"RUA PARANA, N. 226, Apto 402, 3 ANDAR","124.625,81","198.000,00",37.06,Não,"Apartamento, 104.95 de área total, 44.84 de área privativa, 0.00 de área do terreno,  2 qto(s), WC, 1 sala(s), cozinha, 1 vaga(s) de garagem.",Licitação Aberta,https://venda-imoveis.caixa.gov.br/sistema/detalhe-imovel.asp?hdnimovel=8787702476114,Caixa,Imóvel
8787701403318,RS,VIAMAO,MORRO SANTANA,"RUA PARANA, N. 226, Apto 401, TORRE 07","201.493,57","201.493,57",0.00,Não,"Apartamento, 0.00 de área total, 43.88 de área privativa, 0.00 de área do terreno, 1 vaga(s) de garagem.",Leilão SFI - Edital Único,https://venda-imoveis.caixa.gov.br/sistema/detalhe-imovel.asp?hdnimovel=8787701403318,Caixa,Imóvel
8787711497706,RS,VIAMAO,RINCAO DOS TELLES,"RODOVIA TAPIR ROCHA, N. 1820, Apto 401, BL 44 VG 298","180.000,00","180.000,00",0.00,Não,"Apartamento, 74.66 de área total, 40.82 de área privativa, 0.00 de área do terreno,  2 qto(s), WC, 1 sala(s), cozinha, 1 vaga(s) de garagem.",Leilão SFI - Edital Único,https://venda-imoveis.caixa.gov.br/sistema/detalhe-imovel.asp?hdnimovel=8787711497706,Caixa,Imóvel
8787709156620,RS,VIAMAO,FIUZA,"RUA ALCEBIADES AZEREDO DOS SANTOS, N. 1633, Apto 104,  TORRE 3","160.000,00","160.000,00",0.00,Não,"Apartamento, 63.57 de área total, 44.65 de área privativa, 0.00 de área do terreno,  2 qto(s), WC, 1 sala(s), cozinha, 1 vaga(s) de garagem.",Leilão SFI - Edital Único,https://venda-imoveis.caixa.gov.br/sistema/detalhe-imovel.asp?hdnimovel=8787709156620,Caixa,Imóvel
8787708945647,RS,VIAMAO,CECILIA,"RODOVIA TAPIR ROCHA, N. 1820, Apto 401, BL 35  BOX 269","170.000,00","170.000,00",0.00,Não,"Apartamento, 74.66 de área total, 40.82 de área privativa, 0.00 de área do terreno,  2 qto(s), WC, 1 sala(s), cozinha, 1 vaga(s) de garagem.",Leilão SFI - Edital Único,https://venda-imoveis.caixa.gov.br/sistema/detalhe-imovel.asp?hdnimovel=8787708945647,Caixa,Imóvel
8787704403530,RS,VIAMAO,SANTA ISABEL,"RUA PARANA, N. 226, Apto 208, TR 8","179.000,00","179.000,00",0.00,Não,"Apartamento, 0.00 de área total, 43.88 de área privativa, 0.00 de área do terreno,  2 qto(s), WC, 1 sala(s), cozinha.",Leilão SFI - Edital Único,https://venda-imoveis.caixa.gov.br/sistema/detalhe-imovel.asp?hdnimovel=8787704403530,Caixa,Imóvel
8444424613442,RS,VIAMAO,TARUMA,"RUA PERO VAZ DE CAMINHA, N. 170, UN HAB 04 N 162 LT 01 02 03 QD 7A","205.000,00","205.000,00",0.00,Não,"Casa, 52.70 de área total, 52.70 de área privativa, 50.23 de área do terreno,  2 qto(s), a.serv, WC, 1 sala(s), 1 lavabo(s), cozinha, 1 vaga(s) de garagem.",Leilão SFI - Edital Único,https://venda-imoveis.caixa.gov.br/sistema/detalhe-imovel.asp?hdnimovel=8444424613442,Caixa,Imóvel
8444422167437,RS,VIAMAO,QUERENCIA,"RUA CANTEGRIL, N. 935, UNIDADE 08","191.400,00","191.400,00",0.00,Não,"Casa, 60.48 de área total, 60.48 de área privativa, 66.89 de área do terreno,  2 qto(s), WC Emp, 1 sala(s), 1 lavabo(s), cozinha, Terraco.",Leilão SFI - Edital Único,https://venda-imoveis.caixa.gov.br/sistema/detalhe-imovel.asp?hdnimovel=8444422167437,Caixa,Imóvel
8787712297913,RS,VIAMAO,PASSO DO VIGARIO,"AVENIDA JOSE GARIBALDI, N. 1514, CASA 33","200.377,08","188.000,00",0.00,Não,"Casa, 75.21 de área total, 42.90 de área privativa, 75.21 de área do terreno,  2 qto(s), a.serv, WC, 1 sala(s), cozinha, 1 vaga(s) de garagem.",Leilão SFI - Edital Único,https://venda-imoveis.caixa.gov.br/sistema/detalhe-imovel.asp?hdnimovel=8787712297913,Caixa,Imóvel
8444427859337,RS,VIAMAO,TARUMA,"RUA DOS IPES ROXO, N. 243, Apto 09,","158.746,70","142.500,00",0.00,Não,"Apartamento, 73.99 de área total, 47.60 de área privativa, 0.00 de área do terreno,  2 qto(s), a.serv, WC, 1 sala(s), cozinha.",Leilão SFI - Edital Único,https://venda-imoveis.caixa.gov.br/sistema/detalhe-imovel.asp?hdnimovel=8444427859337,Caixa,Imóvel
X128799,,Canoas,,Apartamento 182 m² - Centro - Canoas - RS,"471500,0","807926,02","42,0",,Apartamento 182 m² - Centro - Canoas - RS,"Extrajudicial Lote 1

                                                                        2 Praças",https://www.megaleiloes.com.br/imoveis/apartamentos/rs/canoas/apartamento-182-m2-centro-canoas-rs-x128799?utm_source=megaleiloes&utm_medium=link&utm_campaign=apartamento-182-m2-centro-canoas-rs-x128799&utm_term=X128799&utm_content=link,Mega Leilões,Imóvel
X128901,,Viamão,,Casa 58 m² - Vila Minuano - Viamão - RS,"108800,0","108800,0","0,0",,Casa 58 m² - Vila Minuano - Viamão - RS,"Extrajudicial Lote 76

                                            P. Única",https://www.megaleiloes.com.br/imoveis/casas/rs/viamao/casa-58-m2-vila-minuano-viamao-rs-x128901?utm_source=megaleiloes&utm_medium=link&utm_campaign=casa-58-m2-vila-minuano-viamao-rs-x128901&utm_term=X128901&utm_content=link,Mega Leilões,Imóvel
X128932,,Porto Alegre,,Casa 143 m² - Hípica - Porto Alegre - RS,"312300,0","312300,0","0,0",,Casa 143 m² - Hípica - Porto Alegre - RS,"Extrajudicial Lote 18

                                            P. Única",https://www.megaleiloes.com.br/imoveis/casas/rs/porto-alegre/casa-143-m2-hipica-porto-alegre-rs-x128932?utm_source=megaleiloes&utm_medium=link&utm_campaign=casa-143-m2-hipica-porto-alegre-rs-x128932&utm_term=X128932&utm_content=link,Mega Leilões,Imóvel
X128972,,Canoas,,Casa 192 m² - Harmonia - Canoas - RS,"311200,0","311200,0","0,0",,Casa 192 m² - Harmonia - Canoas - RS,"Extrajudicial Lote 104

                                            P. Única",https://www.megaleiloes.com.br/imoveis/casas/rs/canoas/casa-192-m2-harmonia-canoas-rs-x128972?utm_source=megaleiloes&utm_medium=link&utm_campaign=casa-192-m2-harmonia-canoas-rs-x128972&utm_term=X128972&utm_content=link,Mega Leilões,Imóvel
X128978,,Porto Alegre,,Apartamento 47 m² (01 vaga) - Sarandi - Porto Alegre - RS,"101200,0","101200,0","0,0",,Apartamento 47 m² (01 vaga) - Sarandi - Porto Alegre - RS,"Extrajudicial Lote 110

                                            P. Única",https://www.megaleiloes.com.br/imoveis/apartamentos/rs/porto-alegre/apartamento-47-m2-01-vaga-sarandi-porto-alegre-rs-x128978?utm_source=megaleiloes&utm_medium=link&utm_campaign=apartamento-47-m2-01-vaga-sarandi-porto-alegre-rs-x128978&utm_term=X128978&utm_content=link,Mega Leilões,Imóvel
X128541,,Canoas,,"Apartamento 61 m² - Canoas-RS - Rua Camboatás, 505 - Apto. 205 - Igara III","245696,4","434038,39","43,0",,"Apartamento 61 m² - Canoas-RS - Rua Camboatás, 505 - Apto. 205 - Igara III","Extrajudicial Lote 9

                                                                        2 Praças",https://www.megaleiloes.com.br/imoveis/apartamentos/rs/canoas/apartamento-61-m2-canoas-rs-rua-camboatas-505-apto-205-igara-iii-x128541?utm_source=megaleiloes&utm_medium=link&utm_campaign=apartamento-61-m2-canoas-rs-rua-camboatas-505-apto-205-igara-iii-x128541&utm_term=X128541&utm_content=link,Mega Leilões,Imóvel
X128570,,Cachoeirinha,,"Casa 108 m² - Cachoeirinha-RS - Rua Barão de Cotegipe, 373 - Parque da Matriz","243000,0","243000,0","0,0",,"Casa 108 m² - Cachoeirinha-RS - Rua Barão de Cotegipe, 373 - Parque da Matriz","Extrajudicial Lote 14

                                            P. Única",https://www.megaleiloes.com.br/imoveis/casas/rs/cachoeirinha/casa-108-m2-cachoeirinha-rs-rua-barao-de-cotegipe-373-parque-da-matriz-x128570?utm_source=megaleiloes&utm_medium=link&utm_campaign=casa-108-m2-cachoeirinha-rs-rua-barao-de-cotegipe-373-parque-da-matriz-x128570&utm_term=X128570&utm_content=link,Mega Leilões,Imóvel
X128572,,São Leopoldo,,"Casa 167 m² - São Leopoldo-RS - Rua João Carlos Haas Sobrinho, 245 - Feitoria","209000,0","209000,0","0,0",,"Casa 167 m² - São Leopoldo-RS - Rua João Carlos Haas Sobrinho, 245 - Feitoria","Extrajudicial Lote 16

                                            P. Única",https://www.megaleiloes.com.br/imoveis/casas/rs/sao-leopoldo/casa-167-m2-sao-leopoldo-rs-rua-joao-carlos-haas-sobrinho-245-feitoria-x128572?utm_source=megaleiloes&utm_medium=link&utm_campaign=casa-167-m2-sao-leopoldo-rs-rua-joao-carlos-haas-sobrinho-245-feitoria-x128572&utm_term=X128572&utm_content=link,Mega Leilões,Imóvel
X129150,,Viamão,,Casa 231 m² - Parque Índio Jary - Viamão - RS,"152700,0","152700,0","0,0",,Casa 231 m² - Parque Índio Jary - Viamão - RS,"Extrajudicial Lote 4

                                            P. Única",https://www.megaleiloes.com.br/imoveis/casas/rs/viamao/casa-231-m2-parque-indio-jary-viamao-rs-x129150?utm_source=megaleiloes&utm_medium=link&utm_campaign=casa-231-m2-parque-indio-jary-viamao-rs-x129150&utm_term=X129150&utm_content=link,Mega Leilões,Imóvel
X129160,,Porto Alegre,,Apartamento 33 m² (Unid. 207) - Jardim Leopoldina - Porto Alegre - RS,"53600,0","53600,0","0,0",,Apartamento 33 m² (Unid. 207) - Jardim Leopoldina - Porto Alegre - RS,"Extrajudicial Lote 14

                                            P. Única",https://www.megaleiloes.com.br/imoveis/apartamentos/rs/porto-alegre/apartamento-33-m2-unid-207-jardim-leopoldina-porto-alegre-rs-x129160?utm_source=megaleiloes&utm_medium=link&utm_campaign=apartamento-33-m2-unid-207-jardim-leopoldina-porto-alegre-rs-x129160&utm_term=X129160&utm_content=link,Mega Leilões,Imóvel
X129193,,Canoas,,Apartamento 49 m² (Unid. 301) - Marechal Rondon - Canoas - RS,"140400,0","140400,0","0,0",,Apartamento 49 m² (Unid. 301) - Marechal Rondon - Canoas - RS,"Extrajudicial Lote 47

                                            P. Única",https://www.megaleiloes.com.br/imoveis/apartamentos/rs/canoas/apartamento-49-m2-unid-301-marechal-rondon-canoas-rs-x129193?utm_source=megaleiloes&utm_medium=link&utm_campaign=apartamento-49-m2-unid-301-marechal-rondon-canoas-rs-x129193&utm_term=X129193&utm_content=link,Mega Leilões,Imóvel
X129197,,Sapucaia Do Sul,,Casa 273 m² - Pasqualini - Sapucaia do Sul - RS,"576000,0","576000,0","0,0",,Casa 273 m² - Pasqualini - Sapucaia do Sul - RS,"Extrajudicial Lote 51

                                            P. Única",https://www.megaleiloes.com.br/imoveis/casas/rs/sapucaia-do-sul/casa-273-m2-pasqualini-sapucaia-do-sul-rs-x129197?utm_source=megaleiloes&utm_medium=link&utm_campaign=casa-273-m2-pasqualini-sapucaia-do-sul-rs-x129197&utm_term=X129197&utm_content=link,Mega Leilões,Imóvel
X129205,,São Leopoldo,,Casa 45 m² - Santa Teresa - São Leopoldo - RS,"112000,0","112000,0","0,0",,Casa 45 m² - Santa Teresa - São Leopoldo - RS,"Extrajudicial Lote 59

                                            P. Única",https://www.megaleiloes.com.br/imoveis/casas/rs/sao-leopoldo/casa-45-m2-santa-teresa-sao-leopoldo-rs-x129205?utm_source=megaleiloes&utm_medium=link&utm_campaign=casa-45-m2-santa-teresa-sao-leopoldo-rs-x129205&utm_term=X129205&utm_content=link,Mega Leilões,Imóvel
X129245,,Eldorado Do Sul,,Casa 82 m² - Cidade Verde - Eldorado do Sul - RS,"103200,0","103200,0","0,0",,Casa 82 m² - Cidade Verde - Eldorado do Sul - RS,"Extrajudicial Lote 94

                                            P. Única",https://www.megaleiloes.com.br/imoveis/casas/rs/eldorado-do-sul/casa-82-m2-cidade-verde-eldorado-do-sul-rs-x129245?utm_source=megaleiloes&utm_medium=link&utm_campaign=casa-82-m2-cidade-verde-eldorado-do-sul-rs-x129245&utm_term=X129245&utm_content=link,Mega Leilões,Imóvel
X129246,,Porto Alegre,,Apartamento 28 m² (Unid. 706) - Cidade Baixa - Porto Alegre - RS,"186900,0","186900,0","0,0",,Apartamento 28 m² (Unid. 706) - Cidade Baixa - Porto Alegre - RS,"Extrajudicial Lote 95

                                            P. Única",https://www.megaleiloes.com.br/imoveis/apartamentos/rs/porto-alegre/apartamento-28-m2-unid-706-cidade-baixa-porto-alegre-rs-x129246?utm_source=megaleiloes&utm_medium=link&utm_campaign=apartamento-28-m2-unid-706-cidade-baixa-porto-alegre-rs-x129246&utm_term=X129246&utm_content=link,Mega Leilões,Imóvel
X129255,,Cachoeirinha,,Casa em Condomínio 83 m² - Central Park - Cachoeirinha - RS,"192000,0","192000,0","0,0",,Casa em Condomínio 83 m² - Central Park - Cachoeirinha - RS,"Extrajudicial Lote 104

                                            P. Única",https://www.megaleiloes.com.br/imoveis/casas/rs/cachoeirinha/casa-em-condominio-83-m2-central-park-cachoeirinha-rs-x129255?utm_source=megaleiloes&utm_medium=link&utm_campaign=casa-em-condominio-83-m2-central-park-cachoeirinha-rs-x129255&utm_term=X129255&utm_content=link,Mega Leilões,Imóvel
X129263,,Porto Alegre,,Casa 38 m² - Sarandi - Porto Alegre - RS,"171600,0","171600,0","0,0",,Casa 38 m² - Sarandi - Porto Alegre - RS,"Extrajudicial Lote 112

                                            P. Única",https://www.megaleiloes.com.br/imoveis/casas/rs/porto-alegre/casa-38-m2-sarandi-porto-alegre-rs-x129263?utm_source=megaleiloes&utm_medium=link&utm_campaign=casa-38-m2-sarandi-porto-alegre-rs-x129263&utm_term=X129263&utm_content=link,Mega Leilões,Imóvel
X129289,,Porto Alegre,,Casa 165 m² - Hípica - Porto Alegre - RS,"185600,0","185600,0","0,0",,Casa 165 m² - Hípica - Porto Alegre - RS,"Extrajudicial Lote 137

                                            P. Única",https://www.megaleiloes.com.br/imoveis/casas/rs/porto-alegre/casa-165-m2-hipica-porto-alegre-rs-x129289?utm_source=megaleiloes&utm_medium=link&utm_campaign=casa-165-m2-hipica-porto-alegre-rs-x129289&utm_term=X129289&utm_content=link,Mega Leilões,Imóvel
X129465,,Viamão,,Casa 61 m² - Santa Isabel - Viamão - RS,"147600,0","147600,0","0,0",,Casa 61 m² - Santa Isabel - Viamão - RS,"Extrajudicial Lote 11

                                            P. Única",https://www.megaleiloes.com.br/imoveis/casas/rs/viamao/casa-61-m2-santa-isabel-viamao-rs-x129465?utm_source=megaleiloes&utm_medium=link&utm_campaign=casa-61-m2-santa-isabel-viamao-rs-x129465&utm_term=X129465&utm_content=link,Mega Leilões,Imóvel
J128033,,Porto Alegre,,Direitos sobre Sala Comercial 64 m² e Box 12 m² (Unid. 19 do Edifício Paladium) - Cidade Baixa - Porto Alegre - RS,"232655,67","232655,67","50,0",,Direitos sobre Sala Comercial 64 m² e Box 12 m² (Unid. 19 do Edifício Paladium) - Cidade Baixa - Porto Alegre - RS,"Judicial Lote 1

                                                                        2 Praças",https://www.megaleiloes.com.br/imoveis/imoveis-comerciais/rs/porto-alegre/direitos-sobre-sala-comercial-64-m2-e-box-12-m2-unid-19-do-edificio-paladium-cidade-baixa-porto-alegre-rs-j128033?utm_source=megaleiloes&utm_medium=link&utm_campaign=direitos-sobre-sala-comercial-64-m2-e-box-12-m2-unid-19-do-edificio-paladium-cidade-baixa-porto-alegre-rs-j128033&utm_term=J128033&utm_content=link,Mega Leilões,Imóvel
X129099,,Canoas,,"Casa 79 m² - Canoas-RS - Rua Verona, 395 - Casa 01 do Condomínio Residencial Parque Ozanan 41 - São José","153000,0","153000,0","0,0",,"Casa 79 m² - Canoas-RS - Rua Verona, 395 - Casa 01 do Condomínio Residencial Parque Ozanan 41 - São José","Extrajudicial Lote 16

                                            P. Única",https://www.megaleiloes.com.br/imoveis/casas/rs/canoas/casa-79-m2-canoas-rs-rua-verona-395-casa-01-do-condominio-residencial-parque-ozanan-41-sao-jose-x129099?utm_source=megaleiloes&utm_medium=link&utm_campaign=casa-79-m2-canoas-rs-rua-verona-395-casa-01-do-condominio-residencial-parque-ozanan-41-sao-jose-x129099&utm_term=X129099&utm_content=link,Mega Leilões,Imóvel
X129433,,Porto Alegre,,Casa em Condomínio 240 m² - Hípica - Porto Alegre - RS,"1280000,0","1280000,0","24,0",,Casa em Condomínio 240 m² - Hípica - Porto Alegre - RS,"Extrajudicial Lote 1

                                                                        2 Praças",https://www.megaleiloes.com.br/imoveis/casas/rs/porto-alegre/casa-em-condominio-240-m2-hipica-porto-alegre-rs-x129433?utm_source=megaleiloes&utm_medium=link&utm_campaign=casa-em-condominio-240-m2-hipica-porto-alegre-rs-x129433&utm_term=X129433&utm_content=link,Mega Leilões,Imóvel
X129474,,Porto Alegre,,Apartamento 149 m² - Centro Histórico - Porto Alegre - RS,"654000,0","654000,0","32,0",,Apartamento 149 m² - Centro Histórico - Porto Alegre - RS,"Extrajudicial Lote 22

                                                                        2 Praças",https://www.megaleiloes.com.br/imoveis/apartamentos/rs/porto-alegre/apartamento-149-m2-centro-historico-porto-alegre-rs-x129474?utm_source=megaleiloes&utm_medium=link&utm_campaign=apartamento-149-m2-centro-historico-porto-alegre-rs-x129474&utm_term=X129474&utm_content=link,Mega Leilões,Imóvel
X129065,,Porto Alegre,,Ex-Agência 2.700 m² - Centro Histórico - Porto Alegre - RS,"4830000,0","4830000,0","0,0",,Ex-Agência 2.700 m² - Centro Histórico - Porto Alegre - RS,"Extrajudicial Lote 18

                                            P. Única",https://www.megaleiloes.com.br/imoveis/imoveis-comerciais/rs/porto-alegre/ex-agencia-2700-m2-centro-historico-porto-alegre-rs-x129065?utm_source=megaleiloes&utm_medium=link&utm_campaign=ex-agencia-2700-m2-centro-historico-porto-alegre-rs-x129065&utm_term=X129065&utm_content=link,Mega Leilões,Imóvel
X129494,,Cachoeirinha,,"Casa 49 m² - Cachoeirinha-RS - Rua José Souza Jucowsi, 78 - Casa 02 do Condomínio Residencial Chapecozinho - Residencial Parque da Matriz II","0,0","0,0","0,0",,"Casa 49 m² - Cachoeirinha-RS - Rua José Souza Jucowsi, 78 - Casa 02 do Condomínio Residencial Chapecozinho - Residencial Parque da Matriz II","Extrajudicial Lote 14

                                            P. Única",https://www.megaleiloes.com.br/imoveis/casas/rs/cachoeirinha/casa-49-m2-cachoeirinha-rs-rua-jose-souza-jucowsi-78-casa-02-do-condominio-residencial-chapecozinho-residencial-parque-da-matriz-ii-x129494?utm_source=megaleiloes&utm_medium=link&utm_campaign=casa-49-m2-cachoeirinha-rs-rua-jose-souza-jucowsi-78-casa-02-do-condominio-residencial-chapecozinho-residencial-parque-da-matriz-ii-x129494&utm_term=X129494&utm_content=link,Mega Leilões,Imóvel
X129495,,Cachoeirinha,,"Casa 244 m² - Cachoeirinha-RS - Rua Cariri, 18 - Vila Monte Carlo","0,0","0,0","0,0",,"Casa 244 m² - Cachoeirinha-RS - Rua Cariri, 18 - Vila Monte Carlo","Extrajudicial Lote 15

                                            P. Única",https://www.megaleiloes.com.br/imoveis/casas/rs/cachoeirinha/casa-244-m2-cachoeirinha-rs-rua-cariri-18-vila-monte-carlo-x129495?utm_source=megaleiloes&utm_medium=link&utm_campaign=casa-244-m2-cachoeirinha-rs-rua-cariri-18-vila-monte-carlo-x129495&utm_term=X129495&utm_content=link,Mega Leilões,Imóvel
X129496,,Alvorada,,"Apartamento 50 m² - Alvorada-RS - Rua Aldo Rodrigues da Silva, 59 - Apto. 101 - Algarve","0,0","0,0","0,0",,"Apartamento 50 m² - Alvorada-RS - Rua Aldo Rodrigues da Silva, 59 - Apto. 101 - Algarve","Extrajudicial Lote 16

                                            P. Única",https://www.megaleiloes.com.br/imoveis/apartamentos/rs/alvorada/apartamento-50-m2-alvorada-rs-rua-aldo-rodrigues-da-silva-59-apto-101-algarve-x129496?utm_source=megaleiloes&utm_medium=link&utm_campaign=apartamento-50-m2-alvorada-rs-rua-aldo-rodrigues-da-silva-59-apto-101-algarve-x129496&utm_term=X129496&utm_content=link,Mega Leilões,Imóvel
J128844,,Porto Alegre,,Direitos sobre Apartamento 56 m² - Teresópolis - Porto Alegre - RS,"285646,87","285646,87","40,0",,Direitos sobre Apartamento 56 m² - Teresópolis - Porto Alegre - RS,"Judicial Lote 1

                                                                        2 Praças",https://www.megaleiloes.com.br/imoveis/apartamentos/rs/porto-alegre/direitos-sobre-apartamento-56-m2-teresopolis-porto-alegre-rs-j128844?utm_source=megaleiloes&utm_medium=link&utm_campaign=direitos-sobre-apartamento-56-m2-teresopolis-porto-alegre-rs-j128844&utm_term=J128844&utm_content=link,Mega Leilões,Imóvel
#219008,,Porto Alegre,,"Grande imóvel-13.296,00m²- Terreno- 21.404m² - B. Rio Branco","79447164,0","158894328,0","50,00",,"Grande imóvel-13.296,00m²- Terreno- 21.404m² - B. Rio Branco",Judicial,https://www.leiloesjudiciais.com.br/lote/99955/219008,Leilões Judiciais,Imóvel
#214938,,Novo Hamburgo,,"Inst. p/ indústria -3.624,26m² -Terreno -4.339m²-Pátria Nova","5860694,0","11721388,0","50,00",,"Inst. p/ indústria -3.624,26m² -Terreno -4.339m²-Pátria Nova",Judicial,https://www.leiloesjudiciais.com.br/lote/99006/214938,Leilões Judiciais,Imóvel
#217403,,Porto Alegre,,"Sobrado de alto padrão-431,82m² -Av. Juca Batista-Belém Novo","3188132,79","3188132,79","0,00",,"Sobrado de alto padrão-431,82m² -Av. Juca Batista-Belém Novo",Judicial,https://www.leiloesjudiciais.com.br/lote/99528/217403,Leilões Judiciais,Imóvel
#216094,,Porto Alegre,,"Prédio comercial 02 pavs.- 1.200,00m²  - B. Paternon","2027192,14","4054384,28","50,00",,"Prédio comercial 02 pavs.- 1.200,00m²  - B. Paternon",Judicial,https://www.leiloesjudiciais.com.br/lote/99262/216094,Leilões Judiciais,Imóvel
#218240,,Novo Hamburgo,,"Sobrado c/aprox. 467,83m² -Terreno c/aprox. 1.521m² -Canudos","1200000,0","2400000,0","50,00",,"Sobrado c/aprox. 467,83m² -Terreno c/aprox. 1.521m² -Canudos",Judicial,https://www.leiloesjudiciais.com.br/lote/99785/218240,Leilões Judiciais,Imóvel
#216093,,Porto Alegre,,"Sala 01, 02 e 03 - 479,05m² - Ed. Chaves e Almeida - Centro","1180000,0","1180000,0","0,00",,"Sala 01, 02 e 03 - 479,05m² - Ed. Chaves e Almeida - Centro",Judicial,https://www.leiloesjudiciais.com.br/lote/99262/216093,Leilões Judiciais,Imóvel
#217376,,Canoas,,"Sobrado - 235,51m² - Av. Farroupilha - 6.900 - B. Igara","1098100,0","1390000,0","21,00",,"Sobrado - 235,51m² - Av. Farroupilha - 6.900 - B. Igara",Judicial,https://www.leiloesjudiciais.com.br/lote/99515/217376,Leilões Judiciais,Imóvel
#214343,,Porto Alegre,,"Casa - 455,86m² - Terreno - 396,00m²- B. Três Figueiras","1092000,0","1456000,0","25,00",,"Casa - 455,86m² - Terreno - 396,00m²- B. Três Figueiras",Judicial,https://www.leiloesjudiciais.com.br/lote/98964/214343,Leilões Judiciais,Imóvel
#216098,,Porto Alegre,,"Sala - 479,05m² - Ed. Chaves e Almeida - Centro","816300,0","816300,0","0,00",,"Sala - 479,05m² - Ed. Chaves e Almeida - Centro",Judicial,https://www.leiloesjudiciais.com.br/lote/99262/216098,Leilões Judiciais,Imóvel
#217402,,Canoas,,"Apto. -95,85m² - 02 vagas -12m² cada - B. Marechal Rondon","606715,62","606715,62","0,00",,"Apto. -95,85m² - 02 vagas -12m² cada - B. Marechal Rondon",Judicial,https://www.leiloesjudiciais.com.br/lote/99528/217402,Leilões Judiciais,Imóvel
#217408,,Porto Alegre,,"Apto. 201 - 98,87m² - R. Dr. Pereira Neto- 1.199-B. Tristeza","453343,92","453343,92","0,00",,"Apto. 201 - 98,87m² - R. Dr. Pereira Neto- 1.199-B. Tristeza",Judicial,https://www.leiloesjudiciais.com.br/lote/99528/217408,Leilões Judiciais,Imóvel
#204739,,Canoas,,"Apartamento 1104- 111,52m² -Res. Residencial Mani -Centro","442719,0","590292,0","25,00",,"Apartamento 1104- 111,52m² -Res. Residencial Mani -Centro",Judicial,https://www.leiloesjudiciais.com.br/lote/96158/204739,Leilões Judiciais,Imóvel
#217400,,Guaíba,,"Apto. - 63,0581m² - c/ vaga - R. Rio de Janeiro- B.Parque 35","272377,65","272377,65","0,00",,"Apto. - 63,0581m² - c/ vaga - R. Rio de Janeiro- B.Parque 35",Judicial,https://www.leiloesjudiciais.com.br/lote/99528/217400,Leilões Judiciais,Imóvel
#216092,,Porto Alegre,,"Conjunto nº 1303 c/ 58,17m² - Ed. Cimex-Uhr - Centro","251890,0","251890,0","0,00",,"Conjunto nº 1303 c/ 58,17m² - Ed. Cimex-Uhr - Centro",Judicial,https://www.leiloesjudiciais.com.br/lote/99262/216092,Leilões Judiciais,Imóvel
#216102,,Porto Alegre,,"Apto. 207 - 56,24m² - Ed. Otto Niemeyer - B. Tristeza","250000,0","250000,0","0,00",,"Apto. 207 - 56,24m² - Ed. Otto Niemeyer - B. Tristeza",Judicial,https://www.leiloesjudiciais.com.br/lote/99262/216102,Leilões Judiciais,Imóvel
#216770,,Gravataí,,"Apartamento nº 104 c/ 77,76m² - Edifício Generino","248000,0","310000,0","20,00",,"Apartamento nº 104 c/ 77,76m² - Edifício Generino",Judicial,https://www.leiloesjudiciais.com.br/lote/99282/216770,Leilões Judiciais,Imóvel
#209523,,Guaíba,,Terreno c/ 720m² - Av. General Flores da Cunha - Vila Elsa,"238000,0","280000,0","15,00",,Terreno c/ 720m² - Av. General Flores da Cunha - Vila Elsa,Judicial,https://www.leiloesjudiciais.com.br/lote/97736/209523,Leilões Judiciais,Imóvel
#217407,,Porto Alegre,,"Apto. -51,420m²-R. D. Castilhos Machado-B. Aberta dos Morros","224872,06","224872,06","0,00",,"Apto. -51,420m²-R. D. Castilhos Machado-B. Aberta dos Morros",Judicial,https://www.leiloesjudiciais.com.br/lote/99528/217407,Leilões Judiciais,Imóvel
#210911,,Viamão,,Terreno n° 55 - Viamão/RS,"200000,0","400000,0","50,00",,Terreno n° 55 - Viamão/RS,Judicial,https://www.leiloesjudiciais.com.br/lote/98103/210911,Leilões Judiciais,Imóvel
#202442,,Viamão,,"Terreno no Jardim Krahe, em Viamão/RS","200000,0","400000,0","50,00",,"Terreno no Jardim Krahe, em Viamão/RS",Judicial,https://www.leiloesjudiciais.com.br/lote/95342/202442,Leilões Judiciais,Imóvel
#204740,,Canoas,,"Apartamento 401 -  80,50m²  - Res. Porto Canoas - Harmonia","160000,0","320000,0","50,00",,"Apartamento 401 -  80,50m²  - Res. Porto Canoas - Harmonia",Judicial,https://www.leiloesjudiciais.com.br/lote/96158/204740,Leilões Judiciais,Imóvel
#215035,,São Leopoldo,,"Terreno - 466,84m² - Av. Cel. Atalíbio Taurino de Rezende","150000,0","300000,0","50,00",,"Terreno - 466,84m² - Av. Cel. Atalíbio Taurino de Rezende",Judicial,https://www.leiloesjudiciais.com.br/lote/98546/215035,Leilões Judiciais,Imóvel
#216091,,Porto Alegre,,"Apto nº 1.304 c/ 24,37m² - Ed. Cimex-Uhr - Centro","124920,0","124920,0","0,00",,"Apto nº 1.304 c/ 24,37m² - Ed. Cimex-Uhr - Centro",Judicial,https://www.leiloesjudiciais.com.br/lote/99262/216091,Leilões Judiciais,Imóvel
#214923,,Gravataí,,"Apto. 402-49,17m²- Bl. 04 - vaga 12m² - R. Pirajá-204-Centro","115145,0","230290,0","50,00",,"Apto. 402-49,17m²- Bl. 04 - vaga 12m² - R. Pirajá-204-Centro",Judicial,https://www.leiloesjudiciais.com.br/lote/99006/214923,Leilões Judiciais,Imóvel
#218264,,Canoas,,"Apto c/ 55,340m² - Cond. Viver Canoas -R. Armando Fajardo","115000,0","230000,0","50,00",,"Apto c/ 55,340m² - Cond. Viver Canoas -R. Armando Fajardo",Judicial,https://www.leiloesjudiciais.com.br/lote/99793/218264,Leilões Judiciais,Imóvel
#215032,,São Leopoldo,,Casa c/ 50m² - Terreno c/ 250m² - B. Arroio da Manteiga,"115000,0","230000,0","50,00",,Casa c/ 50m² - Terreno c/ 250m² - B. Arroio da Manteiga,Judicial,https://www.leiloesjudiciais.com.br/lote/99059/215032,Leilões Judiciais,Imóvel
#216109,,Porto Alegre,,Casa - terreno - 150m² - B. Restinga,"112500,0","150000,0","25,00",,Casa - terreno - 150m² - B. Restinga,Judicial,https://www.leiloesjudiciais.com.br/lote/99262/216109,Leilões Judiciais,Imóvel
#216095,,Alvorada,,Terreno - 385m² - Rua Frei Caneca - 45 -Piratini,"78251,25","104335,0","25,00",,Terreno - 385m² - Rua Frei Caneca - 45 -Piratini,Judicial,https://www.leiloesjudiciais.com.br/lote/99262/216095,Leilões Judiciais,Imóvel
#204741,,Gravataí,,Fração ideal de terreno - 7.000m² - Santa Tecla,"75000,0","100000,0","25,00",,Fração ideal de terreno - 7.000m² - Santa Tecla,Judicial,https://www.leiloesjudiciais.com.br/lote/96158/204741,Leilões Judiciais,Imóvel
#218799,,Porto Alegre,,"Direitos - Apto c/ 45,87m² - Rua T - 270 - B. Belém Novo","62500,0","125000,0","50,00",,"Direitos - Apto c/ 45,87m² - Rua T - 270 - B. Belém Novo",Judicial,https://www.leiloesjudiciais.com.br/lote/99913/218799,Leilões Judiciais,Imóvel
#218241,,Porto Alegre,,"50% - Apartamento - 24,91m² - Ed. Dom Lúcio - Santa Cecília","45000,0","90000,0","50,00",,"50% - Apartamento - 24,91m² - Ed. Dom Lúcio - Santa Cecília",Judicial,https://www.leiloesjudiciais.com.br/lote/99786/218241,Leilões Judiciais,Imóvel
#218620,,Eldorado do Sul,,Terreno c/ 1.200m² - L.22-Q.31 - Lot. Rural Eldorado,"43500,0","87000,0","50,00",,Terreno c/ 1.200m² - L.22-Q.31 - Lot. Rural Eldorado,Judicial,https://www.leiloesjudiciais.com.br/lote/99843/218620,Leilões Judiciais,Imóvel
#218619,,Eldorado do Sul,,Terreno c/ 1.200m² - L.23L-Q.31 - Lot. Rural Eldorado,"43500,0","87000,0","50,00",,Terreno c/ 1.200m² - L.23L-Q.31 - Lot. Rural Eldorado,Judicial,https://www.leiloesjudiciais.com.br/lote/99843/218619,Leilões Judiciais,Imóvel
#214929,,São Leopoldo,,Box 37 - 12m² - R. Sapucaia do Sul - 232 - Bairro Campestre,"30000,0","60000,0","50,00",,Box 37 - 12m² - R. Sapucaia do Sul - 232 - Bairro Campestre,Judicial,https://www.leiloesjudiciais.com.br/lote/99006/214929,Leilões Judiciais,Imóvel
#214928,,São Leopoldo,,Box 38 - 12m² - R. Sapucaia do Sul - 232 - Bairro Campestre,"30000,0","60000,0","50,00",,Box 38 - 12m² - R. Sapucaia do Sul - 232 - Bairro Campestre,Judicial,https://www.leiloesjudiciais.com.br/lote/99006/214928,Leilões Judiciais,Imóvel
#214927,,São Leopoldo,,Box 39 - 12m² - R. Sapucaia do Sul - 232 - Bairro Campestre,"30000,0","60000,0","50,00",,Box 39 - 12m² - R. Sapucaia do Sul - 232 - Bairro Campestre,Judicial,https://www.leiloesjudiciais.com.br/lote/99006/214927,Leilões Judiciais,Imóvel
#215267,,Porto Alegre,,"Box de garagem - 12,0000m² - B. Independência","29000,0","58000,0","50,00",,"Box de garagem - 12,0000m² - B. Independência",Judicial,https://www.leiloesjudiciais.com.br/lote/99162/215267,Leilões Judiciais,Imóvel
#203330,,Porto Alegre,,"Garagem 17 c/ 12,70m² - Edifício La Provecen - B. São João","28500,0","38000,0","25,00",,"Garagem 17 c/ 12,70m² - Edifício La Provecen - B. São João",Judicial,https://www.leiloesjudiciais.com.br/lote/95719/203330,Leilões Judiciais,Imóvel
#218667,,Porto Alegre,,"Box nº 02 c/ 21,16m² - Resid. Páteo Lara - B. Mont'Serrat","26000,0","52000,0","50,00",,"Box nº 02 c/ 21,16m² - Resid. Páteo Lara - B. Mont'Serrat",Judicial,https://www.leiloesjudiciais.com.br/lote/99857/218667,Leilões Judiciais,Imóvel
#218666,,Porto Alegre,,"Box nº 09 c/ 10,58m²- Resid. Páteo Lara - B. Mont'Serrat","26000,0","52000,0","50,00",,"Box nº 09 c/ 10,58m²- Resid. Páteo Lara - B. Mont'Serrat",Judicial,https://www.leiloesjudiciais.com.br/lote/99857/218666,Leilões Judiciais,Imóvel
#203331,,Porto Alegre,,"Garagem 12 c/ 10,58m² - Edifício La Provecen - B. São João","24750,0","33000,0","25,00",,"Garagem 12 c/ 10,58m² - Edifício La Provecen - B. São João",Judicial,https://www.leiloesjudiciais.com.br/lote/95719/203331,Leilões Judiciais,Imóvel
#214926,,Novo Hamburgo,,"Box 32 c/ 12,48 m² - R. Tomé de Souza - 355 - B. Pátria Nova","24500,0","49000,0","50,00",,"Box 32 c/ 12,48 m² - R. Tomé de Souza - 355 - B. Pátria Nova",Judicial,https://www.leiloesjudiciais.com.br/lote/99006/214926,Leilões Judiciais,Imóvel
#217156,,Eldorado do Sul,,"Terreno c/ 657,52m² - Lote 6 - Loteamento Rural Eldorado","12600,0","18000,0","30,00",,"Terreno c/ 657,52m² - Lote 6 - Loteamento Rural Eldorado",Judicial,https://www.leiloesjudiciais.com.br/lote/99378/217156,Leilões Judiciais,Imóvel
#217155,,Eldorado do Sul,,"Terreno c/ 640,35m² - Lote 5 - Loteamento Rural Eldorado","12600,0","18000,0","30,00",,"Terreno c/ 640,35m² - Lote 5 - Loteamento Rural Eldorado",Judicial,https://www.leiloesjudiciais.com.br/lote/99378/217155,Leilões Judiciais,Imóvel
#217154,,Eldorado do Sul,,"Terreno c/ 726,22m² - Lote 10 - Loteamento Rural Eldorado","12600,0","18000,0","30,00",,"Terreno c/ 726,22m² - Lote 10 - Loteamento Rural Eldorado",Judicial,https://www.leiloesjudiciais.com.br/lote/99378/217154,Leilões Judiciais,Imóvel
#217157,,Eldorado do Sul,,"Terreno c/ 741,67m² - Lote 11 - Loteamento Rural Eldorado","12600,0","18000,0","30,00",,"Terreno c/ 741,67m² - Lote 11 - Loteamento Rural Eldorado",Judicial,https://www.leiloesjudiciais.com.br/lote/99378/217157,Leilões Judiciais,Imóvel
#215266,,Porto Alegre,,Direito - 01 Vaga - Ed. Uarumã - B. Centro Histórico,"10400,0","20800,0","50,00",,Direito - 01 Vaga - Ed. Uarumã - B. Centro Histórico,Judicial,https://www.leiloesjudiciais.com.br/lote/99162/215266,Leilões Judiciais,Imóvel
#218777,,Porto Alegre,,"Estacionamento nº49 c/ 13,21m² - Av, Baltazar de Oliveira","9000,0","18000,0","50,00",,"Estacionamento nº49 c/ 13,21m² - Av, Baltazar de Oliveira",Judicial,https://www.leiloesjudiciais.com.br/lote/99903/218777,Leilões Judiciais,Imóvel
#218819,,Porto Alegre,,Lancha - Armada Yachts 380 Gran Cabrio - 2013 - branca,"366800,0","458500,0","20,00",,Lancha - Armada Yachts 380 Gran Cabrio - 2013 - branca,Judicial,https://www.leiloesjudiciais.com.br/lote/99915/218819,Leilões Judiciais,Veículo
#211064,,Porto Alegre,,I/BMW X5 M50D - 18/19 - Preta - Depósito,"152000,0","190000,0","20,00",,I/BMW X5 M50D - 18/19 - Preta - Depósito,Judicial,https://www.leiloesjudiciais.com.br/lote/98172/211064,Leilões Judiciais,Veículo
#211063,,Porto Alegre,,I/BMW X6 M GZ01 - 14/14 - Preta - Depósito,"108058,4","135073,0","20,00",,I/BMW X6 M GZ01 - 14/14 - Preta - Depósito,Judicial,https://www.leiloesjudiciais.com.br/lote/98172/211063,Leilões Judiciais,Veículo
#214924,,Porto Alegre,,Embarcação Scudetto - Sea Ray 24 pés,"72000,0","144000,0","50,00",,Embarcação Scudetto - Sea Ray 24 pés,Judicial,https://www.leiloesjudiciais.com.br/lote/99006/214924,Leilões Judiciais,Veículo
#218617,,Eldorado do Sul,,Semi-Reboque - SR/NOMA SR2E18RT2 CG - 11/11 - Cinza,"58500,0","90000,0","35,00",,Semi-Reboque - SR/NOMA SR2E18RT2 CG - 11/11 - Cinza,Judicial,https://www.leiloesjudiciais.com.br/lote/99843/218617,Leilões Judiciais,Veículo
#218788,,Porto Alegre,,Quadriciclo - CAN-AM/ 1000R - Preto e dourado,"50175,0","66900,0","25,00",,Quadriciclo - CAN-AM/ 1000R - Preto e dourado,Judicial,https://www.leiloesjudiciais.com.br/lote/99912/218788,Leilões Judiciais,Veículo
#215036,,Canoas,,PEGEOUT 308 ALLURE 2.0 - 12/13 - Cinza,"28480,5","37974,0","25,00",,PEGEOUT 308 ALLURE 2.0 - 12/13 - Cinza,Judicial,https://www.leiloesjudiciais.com.br/lote/98546/215036,Leilões Judiciais,Veículo
#210900,,Canoas,,Toyota/Corolla Seg18 Flex - 08/09 - Cinza,"27769,5","55539,0","50,00",,Toyota/Corolla Seg18 Flex - 08/09 - Cinza,Judicial,https://www.leiloesjudiciais.com.br/lote/98090/210900,Leilões Judiciais,Veículo
#216085,,Esteio,,VOLVO/NL12 360 4X2 - 94/95 - Branco,"27500,0","55000,0","50,00",,VOLVO/NL12 360 4X2 - 94/95 - Branco,Judicial,https://www.leiloesjudiciais.com.br/lote/99262/216085,Leilões Judiciais,Veículo
#217819,,Guaíba,,CHEVROLET/COBALT 1.8 LT - 2012/2013 - Azul,"16910,0","33820,0","50,00",,CHEVROLET/COBALT 1.8 LT - 2012/2013 - Azul,Judicial,https://www.leiloesjudiciais.com.br/lote/99694/217819,Leilões Judiciais,Veículo
#217820,,Guaíba,,FORD RANGER XLT 13D - 2000 - Cinza,"16000,0","32000,0","50,00",,FORD RANGER XLT 13D - 2000 - Cinza,Judicial,https://www.leiloesjudiciais.com.br/lote/99694/217820,Leilões Judiciais,Veículo
#216084,,Canoas,,GM/ZAFIRA ELITE - 07/08 - Preta,"14000,0","28000,0","50,00",,GM/ZAFIRA ELITE - 07/08 - Preta,Judicial,https://www.leiloesjudiciais.com.br/lote/99262/216084,Leilões Judiciais,Veículo
#210901,,Canoas,,Fiat/Uno Mille Economy - 11/12 - Branca - Flex,"11107,0","22214,0","50,00",,Fiat/Uno Mille Economy - 11/12 - Branca - Flex,Judicial,https://www.leiloesjudiciais.com.br/lote/98090/210901,Leilões Judiciais,Veículo
#217822,,Guaíba,,VW GOL 1.0 - 11/12 - Prata,"11000,0","22000,0","50,00",,VW GOL 1.0 - 11/12 - Prata,Judicial,https://www.leiloesjudiciais.com.br/lote/99694/217822,Leilões Judiciais,Veículo
#210902,,Canoas,,Fiat/Uno Mille Fire Flex - 06/06 - Branca - Flex,"7502,0","15004,0","50,00",,Fiat/Uno Mille Fire Flex - 06/06 - Branca - Flex,Judicial,https://www.leiloesjudiciais.com.br/lote/98090/210902,Leilões Judiciais,Veículo
#200609,,Novo Hamburgo,,CITROEN/PICASSO PRETO 2010/2011 - Preto,"7459,55","14919,1","50,00",,CITROEN/PICASSO PRETO 2010/2011 - Preto,Judicial,https://www.leiloesjudiciais.com.br/lote/94556/200609,Leilões Judiciais,Veículo
#211029,,Porto Alegre,,GM/Celta 3 Portas - 2003/2003 - Gasolina,"6500,0","13000,0","50,00",,GM/Celta 3 Portas - 2003/2003 - Gasolina,Judicial,https://www.leiloesjudiciais.com.br/lote/98166/211029,Leilões Judiciais,Veículo
#217823,,Guaíba,,Fiat/Palio Weekend Stile - 1998/1998 - Verde,"6300,0","9000,0","30,00",,Fiat/Palio Weekend Stile - 1998/1998 - Verde,Judicial,https://www.leiloesjudiciais.com.br/lote/99694/217823,Leilões Judiciais,Veículo
#218616,,Guaíba,,FORD/KA GL - 07/07 - Preto - Atingido por enchente,"4500,0","9000,0","50,00",,FORD/KA GL - 07/07 - Preto - Atingido por enchente,Judicial,https://www.leiloesjudiciais.com.br/lote/99843/218616,Leilões Judiciais,Veículo
ZUK-37167-233822,,PORTO ALEGRE,PETROPOLIS,"Rua Ferreira Viana,  865","315296,04","315296,04","0,00",,Apartamento em Petrópolis,Leilão,https://www.portalzuk.com.br/imovel/rs/porto-alegre/petropolis/rua-ferreira-viana-865/37167-233822,Zukerman,Imóvel
ZUK-37264-232803,,PORTO ALEGRE,SAO JOAO,"Rua Coronel Feijó,  89","193806,89","193806,89","0,00",,Apartamento em São João,Leilão,https://www.portalzuk.com.br/imovel/rs/porto-alegre/sao-joao/rua-coronel-feijo-89/37264-232803,Zukerman,Imóvel
ZUK-37467-234315,,PORTO ALEGRE,NONOAI,"Avenida Nonoai,  1458","156000,0","251612,9","38,00",,Apartamento em Nonoai,Leilão,https://www.portalzuk.com.br/imovel/rs/porto-alegre/nonoai/avenida-nonoai-1458/37467-234315,Zukerman,Imóvel
ZUK-37467-234324,,PORTO ALEGRE,PARQUE SANTA FE,"Rua Alvaro Domingues,  45","105300,0","175500,0","40,00",,Apartamento em Parque Santa Fe,Leilão,https://www.portalzuk.com.br/imovel/rs/porto-alegre/parque-santa-fe/rua-alvaro-domingues-45/37467-234324,Zukerman,Imóvel
ZUK-37467-234349,,PORTO ALEGRE,NONAI,"Avenida Fabio Araujo Santos,  1145","125580,0","232555,56","46,00",,Apartamento em Nonai,Leilão,https://www.portalzuk.com.br/imovel/rs/porto-alegre/nonai/avenida-fabio-araujo-santos-1145/37467-234349,Zukerman,Imóvel
ZUK-37467-234359,,PORTO ALEGRE,SAO JOAO,"Avenida Benjamin Constant,  1366","182520,0","299213,11","39,00",,Apartamento em São João,Leilão,https://www.portalzuk.com.br/imovel/rs/porto-alegre/sao-joao/avenida-benjamin-constant-1366/37467-234359,Zukerman,Imóvel
ZUK-37467-234415,,PORTO ALEGRE,RUBEM BERTA,"Avenida Bernardino Silveira de Amorim,  3890","119184,0","192232,26","38,00",,Apartamento em Rubem Berta,Leilão,https://www.portalzuk.com.br/imovel/rs/porto-alegre/rubem-berta/avenida-bernardino-silveira-de-amorim-3890/37467-234415,Zukerman,Imóvel
ZUK-37467-234444,,PORTO ALEGRE,MENINO DEUS,"Rua Dona Augusta,  486","104520,0","190036,36","45,00",,Apartamento em Menino Deus,Leilão,https://www.portalzuk.com.br/imovel/rs/porto-alegre/menino-deus/rua-dona-augusta-486/37467-234444,Zukerman,Imóvel
ZUK-37271-234148,,PORTO ALEGRE,HIPICA,"Rua Carlos Maximiliano Fayet,  980","405036,67","405036,67","0,00",,Casa em Hípica,Leilão,https://www.portalzuk.com.br/imovel/rs/porto-alegre/hipica/rua-carlos-maximiliano-fayet-980/37271-234148,Zukerman,Imóvel
ZUK-37445-234186,,PORTO ALEGRE,PASSO DAS PEDRAS,"Rua Deputado Hugo Mardini,  1780","109900,0","159275,36","31,00",,Terreno em Passo das Pedras,Leilão,https://www.portalzuk.com.br/imovel/rs/porto-alegre/passo-das-pedras/rua-deputado-hugo-mardini-1780/37445-234186,Zukerman,Imóvel
ZUK-37329-233261,,PORTO ALEGRE,HUMAITA,"Avenida José Aloísio Filho,  595","438790,35","438790,35","0,00",,Apartamento em Humaitá,Leilão,https://www.portalzuk.com.br/imovel/rs/porto-alegre/humaita/avenida-jose-aloisio-filho-595/37329-233261,Zukerman,Imóvel
ZUK-37329-233672,,PORTO ALEGRE,SAO SEBASTIAO,"Rua José Juliano,  60","1231146,59","1231146,59","0,00",,Apartamento em São Sebastião,Leilão,https://www.portalzuk.com.br/imovel/rs/porto-alegre/sao-sebastiao/rua-jose-juliano-60/37329-233672,Zukerman,Imóvel
ZUK-37362-233634,,CANOAS,ESTANCIA VELHA,"Rua Miramar,  109","515259,95","515259,95","0,00",,Casa em Estância Velha,Leilão,https://www.portalzuk.com.br/imovel/rs/canoas/estancia-velha/rua-miramar-109/37362-233634,Zukerman,Imóvel
ZUK-37467-234278,,CANOAS,HARMONIA,"Rua Jardim América,  53","182208,0","357270,59","49,00",,Casa em Harmonia,Leilão,https://www.portalzuk.com.br/imovel/rs/canoas/harmonia/rua-jardim-america-53/37467-234278,Zukerman,Imóvel
ZUK-37329-233671,,CANOAS,SAO LUIS,"Rua Itapeva,  303","895117,93","895117,93","0,00",,Casa em São Luis,Leilão,https://www.portalzuk.com.br/imovel/rs/canoas/sao-luis/rua-itapeva-303/37329-233671,Zukerman,Imóvel
ZUK-37500-234549,,ALVORADA,SUMARE,"Rua Gaspar Martins,  1113","183760,0","448195,12","59,00",,Casa em Sumaré,Leilão,https://www.portalzuk.com.br/imovel/rs/alvorada/sumare/rua-gaspar-martins-1113/37500-234549,Zukerman,Imóvel
ZUK-37467-234277,,GRAVATAI,VILA SAO JERONIMO,"Rua Tarumã,  1058","64896,0","150920,93","57,00",,Apartamento em Vila São Jerônimo,Leilão,https://www.portalzuk.com.br/imovel/rs/gravatai/vila-sao-jeronimo/rua-taruma-1058/37467-234277,Zukerman,Imóvel
ZUK-37467-234296,,GUAIBA,SANTA RITA,"Rua Florianópolis,  876","210600,0","356949,15","41,00",,Casa em Santa Rita,Leilão,https://www.portalzuk.com.br/imovel/rs/guaiba/santa-rita/rua-florianopolis-876/37467-234296,Zukerman,Imóvel
ZUK-37457-234215,,GUAIBA,LOTEAMENTO VILA PEDRAS BRANCAS,"Rua Quinze,  362","165642,42","165642,42","0,00",,Casa em Loteamento Vila Pedras Brancas,Leilão,https://www.portalzuk.com.br/imovel/rs/guaiba/loteamento-vila-pedras-brancas/rua-quinze-362/37457-234215,Zukerman,Imóvel
ZUK-37467-234412,,SAO LEOPOLDO,SAO MIGUEL,"Rua Leopoldo Vieira,  129","213720,0","403245,28","47,00",,Casa em São Miguel,Leilão,https://www.portalzuk.com.br/imovel/rs/sao-leopoldo/sao-miguel/rua-leopoldo-vieira-129/37467-234412,Zukerman,Imóvel
ZUK-36609-227754,,SAO LEOPOLDO,SCHARLAU,"Avenida Senador Salgado Filho,  3028","0,0","0,0","0,00",,Comercial / Industrial em Scharlau,Leilão,https://www.portalzuk.com.br/imovel/rs/sao-leopoldo/scharlau/avenida-senador-salgado-filho-3028/36609-227754,Zukerman,Imóvel
ZUK-37467-234252,,ELDORADO DO SUL,SANS SOUCI,"Rua Marinaldo Vieira de Souza,  425","81913,69","210035,1","61,00",,Casa em Sans Souci,Leilão,https://www.portalzuk.com.br/imovel/rs/eldorado-do-sul/sans-souci/rua-marinaldo-vieira-de-souza-425/37467-234252,Zukerman,Imóvel
BB-11592,,PORTO ALEGRE,,,"139767,61","139767,61","0,00",,Apartamento - Nº DO BEM: 511819472 PORTO ALEGRE (RS)Descrição: IMÓVEL DE MATRÍCULA 171325 DO REGISTRO DE IMÓVEIS DA 4ª ZONA DE POR,Venda Direta,https://seuimovelbb.com.br/imovel/id/11592,Banco do Brasil,Imóvel
BB-11577,,CACHOEIRINHA,,,"158026,44","158026,44","0,00",,Apartamento - Nº DO BEM: 519826452 CACHOEIRINHA (RS)Descrição: IMÓVEL DE MATRÍCULA 48319 DO REGISTRO DE IMÓVEIS DA 1ª ZONA DE CACH,Venda Direta,https://seuimovelbb.com.br/imovel/id/11577,Banco do Brasil,Imóvel
BB-11590,,PORTO ALEGRE,,,"174306,14","174306,14","0,00",,Apartamento - Nº DO BEM: 530120598 PORTO ALEGRE (RS)Descrição: IMÓVEL DE MATRÍCULA 21997 DO OFÍCIO DE REGISTRO DE IMÓVEIS 6ª ZONA ,Venda Direta,https://seuimovelbb.com.br/imovel/id/11590,Banco do Brasil,Imóvel
BB-11586,,GRAVATAI,,,"200000,0","200000,0","0,00",,"Apartamento - Nº DO BEM: 514644259 GRAVATAÍ (RS)Descrição: IMÓVEL DE MATRÍCULA 111892 DO REGISTRO DE IMÓVEIS DE GRAVATAÍ-RS, ASSIM",Venda Direta,https://seuimovelbb.com.br/imovel/id/11586,Banco do Brasil,Imóvel
BB-11589,,PORTO ALEGRE,,,"203178,93","203178,93","0,00",,Apartamento - Nº DO BEM: 528109759 PORTO ALEGRE (RS)Descrição: IMÓVEL DE MATRÍCULA 59319 DO OFÍCIO DE REGISTRO DE IMÓVEIS DA 6ª ZO,Venda Direta,https://seuimovelbb.com.br/imovel/id/11589,Banco do Brasil,Imóvel
BB-11587,,PORTO ALEGRE,,,"230000,0","230000,0","0,00",,Apartamento - Nº DO BEM: 510867554 PORTO ALEGRE (RS)Descrição: IMÓVEL DE MATRÍCULA 13069 DO REGISTRO DE IMÓVEIS DA 2ª ZONA DE PORT,Venda Direta,https://seuimovelbb.com.br/imovel/id/11587,Banco do Brasil,Imóvel
BB-11591,,PORTO ALEGRE,5A ZON,,"287000,0","287000,0","0,00",,Apartamento - Nº DO BEM: 506730381 PORTO ALEGRE (RS)Descrição: IMÓVEL DE MATRÍCULA 23746 DO OFÍCIO DE REGISTRO DE IMÓVEIS - 5ª ZON,Venda Direta,https://seuimovelbb.com.br/imovel/id/11591,Banco do Brasil,Imóvel
BB-7166,,VIAMAO,,,"300000,0","300000,0","0,00",,"Casa - ID1781 VIAMÃO (RS)Descrição legal: Imóvel Urbano Residencial, Casa B-12, situada na Rua Beco dos Guterres, nº 2565,",Venda Direta,https://seuimovelbb.com.br/imovel/id/7166,Banco do Brasil,Imóvel
BB-11588,,PORTO ALEGRE,,,"1611345,18","1611345,18","0,00",,Apartamento - Nº DO BEM: 544124009 PORTO ALEGRE (RS)Descrição: IMÓVEL DE MATRÍCULA 81869 DO REGISTRO DE IMÓVEIS DA 1ª ZONA DE PORT,Venda Direta,https://seuimovelbb.com.br/imovel/id/11588,Banco do Brasil,Imóvel
BB-8777,,CANOAS,,,"9350126,0","9350126,0","0,00",,"Prédio - ID74758 CANOAS (RS)Descrição legal: Imóvel Urbano: Prédio Comercial situado na Rua Quinze de janeiro, 88, Centro",Venda Direta,https://seuimovelbb.com.br/imovel/id/8777,Banco do Brasil,Imóvel
BB-11688,,PORTO ALEGRE,,,"45000000,0","45000000,0","0,00",,"Prédio - ID72908 PORTO ALEGRE (RS)Descrição legal: Imóvel Urbano: Prédio Comercial, situado na RUA URUGUAI, 185 -CENT",Venda Direta,https://seuimovelbb.com.br/imovel/id/11688,Banco do Brasil,Imóvel
