N° do imóvel,UF,Cidade,Bairro,Endereço,Preço,Valor de avaliação,Desconto,Financiamento,Descrição,Modalidade de venda,Link de acesso,Origem,Categoria
1444408525455,RS,ALVORADA,APARECIDA,"RUA ENI DAVILA FRAGOSO, N. 22, CASA","50.735,46","151.800,00",66.58,Não,"Casa, 0.00 de área total, 65.00 de área privativa, 152.58 de área do terreno,  2 qto(s), varanda, a.serv, 1 sala(s), cozinha.",Venda Direta Online,https://venda-imoveis.caixa.gov.br/sistema/detalhe-imovel.asp?hdnimovel=1444408525455,Caixa,Imóvel
8444429256001,RS,ALVORADA,MARIA REGINA,"RUA DEZESSEIS UNIDOS, N. 31, Apto 302, CO","41.967,41","95.000,00",55.83,Não,"Apartamento, 0.00 de área total, 39.78 de área privativa, 504.00 de área do terreno.",Venda Direta Online,https://venda-imoveis.caixa.gov.br/sistema/detalhe-imovel.asp?hdnimovel=8444429256001,Caixa,Imóvel
8444400618479,RS,ALVORADA,MARIA REGINA,"RUA RODA DE FOGO (ANTIGA RUA 28), N. 33, Apto 103, LT 07 QD 58","47.988,15","101.000,00",52.49,Não,"Apartamento, 0.00 de área total, 39.78 de área privativa, 0.00 de área do terreno,  2 qto(s), a.serv, WC, 1 sala(s), cozinha.",Venda Direta Online,https://venda-imoveis.caixa.gov.br/sistema/detalhe-imovel.asp?hdnimovel=8444400618479,Caixa,Imóvel
8444429692391,RS,ALVORADA,MARIA REGINA,"RUA SELVA DE PEDRA (ANTIGA RUA 30), N. 191, Apto 401,","40.248,45","83.000,00",51.51,Não,"Apartamento, 42.84 de área total, 39.78 de área privativa, 0.00 de área do terreno,  2 qto(s), a.serv, WC, 1 sala(s), cozinha.",Venda Direta Online,https://venda-imoveis.caixa.gov.br/sistema/detalhe-imovel.asp?hdnimovel=8444429692391,Caixa,Imóvel
8444430923695,RS,ALVORADA,JARDIM ALGARVE,"RUA CENTO E QUARENTA E OITO, N. 458, Apto 303,","81.428,51","161.659,00",49.63,Não,"Apartamento, 0.00 de área total, 27.50 de área privativa, 0.00 de área do terreno,  1 qto(s), WC, 1 sala(s), cozinha.",Venda Direta Online,https://venda-imoveis.caixa.gov.br/sistema/detalhe-imovel.asp?hdnimovel=8444430923695,Caixa,Imóvel
8444428679626,RS,ALVORADA,MARIA REGINA,"RUA BARAO DE COTEGIPE, N. 149, Apto 104,","82.455,61","159.021,00",48.15,Sim,"Apartamento, 44.44 de área total, 38.80 de área privativa, 0.00 de área do terreno,  1 qto(s), WC, 1 sala(s), cozinha.",Venda Direta Online,https://venda-imoveis.caixa.gov.br/sistema/detalhe-imovel.asp?hdnimovel=8444428679626,Caixa,Imóvel
8444433881063,RS,ALVORADA,UMBU,"RUA EDISON DE OLIVEIRA, N. 518, Apto 304, BL 03 SUB-BL A","66.982,28","123.000,00",45.55,Não,"Apartamento, 43.56 de área total, 42.98 de área privativa, 0.00 de área do terreno,  2 qto(s), WC, 1 sala(s), cozinha.",Venda Direta Online,https://venda-imoveis.caixa.gov.br/sistema/detalhe-imovel.asp?hdnimovel=8444433881063,Caixa,Imóvel
8444429829222,RS,ALVORADA,PASSO DA FIGUEIRA,"RUA 32, N. 191, Apto 102, QD 57 LT 1","54.522,84","94.180,63",42.11,Não,"Apartamento, 42.84 de área total, 39.78 de área privativa, 0.00 de área do terreno,  2 qto(s), a.serv, WC, 1 sala(s), cozinha.",Licitação Aberta,https://venda-imoveis.caixa.gov.br/sistema/detalhe-imovel.asp?hdnimovel=8444429829222,Caixa,Imóvel
8444429188685,RS,ALVORADA,JARDIM ALGARVE,"RUA CENTO E VINTE E TRES, N. 599, Apto 103, PV 1 LT 51 QD E12A","78.781,14","136.000,00",42.08,Não,"Apartamento, 33.69 de área total, 30.39 de área privativa, 0.00 de área do terreno,  1 qto(s), WC, 1 sala(s), cozinha.",Venda Online,https://venda-imoveis.caixa.gov.br/sistema/detalhe-imovel.asp?hdnimovel=8444429188685,Caixa,Imóvel
8444407748564,RS,ALVORADA,TIJUCA,"RUA CANGUCU, N. SN, FRACAO 04 LT 10 QD K","46.472,85","80.000,00",41.91,Não,"Terreno, 0.00 de área total, 0.00 de área privativa, 365.00 de área do terreno.",Venda Direta Online,https://venda-imoveis.caixa.gov.br/sistema/detalhe-imovel.asp?hdnimovel=8444407748564,Caixa,Imóvel
8444425616208,RS,ALVORADA,ALGARVE,"RUA NUMERO 142, N. 99, Apto 202, LT 41 LT E24","84.950,68","145.100,00",41.46,Não,"Apartamento, 0.00 de área total, 35.72 de área privativa, 0.00 de área do terreno,  1 qto(s), WC, 1 sala(s), cozinha.",Venda Online,https://venda-imoveis.caixa.gov.br/sistema/detalhe-imovel.asp?hdnimovel=8444425616208,Caixa,Imóvel
8444434005585,RS,ALVORADA,JARDIM ALGARVE,"RUA CENTO E CINQUENTA, N. 485, Apto 102,","82.667,38","141.200,00",41.46,Não,"Apartamento, 0.00 de área total, 28.63 de área privativa, 0.00 de área do terreno,  1 qto(s), WC, 1 sala(s), cozinha.",Licitação Aberta,https://venda-imoveis.caixa.gov.br/sistema/detalhe-imovel.asp?hdnimovel=8444434005585,Caixa,Imóvel
8444436977355,RS,ALVORADA,JARDIM ALGARVE,"RUA CENTO E CINQUENTA, N. 234, Apto 202,","87.233,99","149.000,00",41.46,Não,"Apartamento, 37.10 de área total, 31.94 de área privativa, 0.00 de área do terreno,  1 qto(s), WC, 1 sala(s), cozinha.",Venda Direta Online,https://venda-imoveis.caixa.gov.br/sistema/detalhe-imovel.asp?hdnimovel=8444436977355,Caixa,Imóvel
8444419670654,RS,ALVORADA,MARIA REGINA,"RUA JOSE LINS DO REGO, N. 1288, CS 1 LT 11A","82.550,28","141.000,00",41.46,Não,"Casa, 47.97 de área total, 45.84 de área privativa, 87.60 de área do terreno,  2 qto(s), WC, 1 sala(s), cozinha, 1 vaga(s) de garagem.",Venda Direta Online,https://venda-imoveis.caixa.gov.br/sistema/detalhe-imovel.asp?hdnimovel=8444419670654,Caixa,Imóvel
8444437760848,RS,ALVORADA,MARIA REGINA,"RUA CAMPO VERDE, N. 709, Apto 302, LT 23 QD 32","87.819,45","150.000,00",41.46,Não,"Apartamento, 47.90 de área total, 42.87 de área privativa, 0.00 de área do terreno,  2 qto(s), WC, 1 sala(s), cozinha.",Licitação Aberta,https://venda-imoveis.caixa.gov.br/sistema/detalhe-imovel.asp?hdnimovel=8444437760848,Caixa,Imóvel
8444426086938,RS,ALVORADA,JARDIM ALGARVE,"RUA CENTO E QUARENTA E SEIS, N. 119, Apto 301, PAV 2/3 LT 44 QD E-22","94.815,14","160.000,00",40.75,Sim,"Apartamento, 33.68 de área total, 29.00 de área privativa, 0.00 de área do terreno,  1 qto(s), WC, 1 sala(s), cozinha.",Venda Direta Online,https://venda-imoveis.caixa.gov.br/sistema/detalhe-imovel.asp?hdnimovel=8444426086938,Caixa,Imóvel
8444429774495,RS,ALVORADA,JARDIM ALGARVE,"RUA CENTO E VINTE E UM, N. 134, Apto 302, LT 13 QD E16A","94.815,14","160.000,00",40.75,Não,"Apartamento, 29.37 de área total, 29.37 de área privativa, 0.00 de área do terreno,  1 qto(s), a.serv, WC, 1 sala(s), cozinha.",Licitação Aberta,https://venda-imoveis.caixa.gov.br/sistema/detalhe-imovel.asp?hdnimovel=8444429774495,Caixa,Imóvel
8444435620011,RS,ALVORADA,MARIA REGINA,"RUA VINTE E SETE, N. 223, Apto 103, BL 03 QD 57 LT 03","97.778,11","165.000,00",40.75,Não,"Apartamento, 42.84 de área total, 39.78 de área privativa, 0.00 de área do terreno,  2 qto(s), a.serv, WC, 1 sala(s), cozinha.",Venda Online,https://venda-imoveis.caixa.gov.br/sistema/detalhe-imovel.asp?hdnimovel=8444435620011,Caixa,Imóvel
8444406534447,RS,ALVORADA,APARECIDA,"RUA DOM PEDRITO, N. 117, PARTE LT 09 CHACARA 02 QD 31","216.373,16","362.436,00",40.31,Não,"Casa, 120.00 de área total, 120.00 de área privativa, 231.00 de área do terreno,  2 qto(s), WC, 1 sala(s), cozinha, 1 vaga(s) de garagem.",Venda Direta Online,https://venda-imoveis.caixa.gov.br/sistema/detalhe-imovel.asp?hdnimovel=8444406534447,Caixa,Imóvel
8444417912600,RS,ALVORADA,MARIA REGINA,"RUA JOSE LINS DO REGO, N. 762, CS 01, QD G, LT 14","133.930,31","221.587,22",39.56,Sim,"Casa, 71.25 de área total, 71.25 de área privativa, 90.00 de área do terreno,  2 qto(s), varanda, a.serv, WC, 1 sala(s), 1 lavabo(s), cozinha, 1 vaga(s) de garagem.",Venda Direta Online,https://venda-imoveis.caixa.gov.br/sistema/detalhe-imovel.asp?hdnimovel=8444417912600,Caixa,Imóvel
10218347,RS,ALVORADA,AMERICANA,"RUA MARIZ E BARROS (ANTIGA RUA A), N. 1062, QD 04, LT 13","226.804,22","365.000,00",37.87,Não,"Casa, 0.00 de área total, 184.82 de área privativa, 360.00 de área do terreno.",Venda Direta Online,https://venda-imoveis.caixa.gov.br/sistema/detalhe-imovel.asp?hdnimovel=10218347,Caixa,Imóvel
8444414146299,RS,ALVORADA,JARDIM ALGARVE,"RUA BEIJA-FLORES, N. 580, CASA 02","200.000,00","200.000,00",0.00,Não,"Casa, 49.25 de área total, 49.25 de área privativa, 87.50 de área do terreno,  2 qto(s), a.serv, WC, 1 sala(s), cozinha, 1 vaga(s) de garagem.",Leilão SFI - Edital Único,https://venda-imoveis.caixa.gov.br/sistema/detalhe-imovel.asp?hdnimovel=8444414146299,Caixa,Imóvel
8444427648352,RS,ALVORADA,JARDIM ALGARVE,"RUA CENTO E QUARENTA E SEIS, N. 277, Apto 201, PAV 02 LT 22 QD E1A","160.000,00","160.000,00",0.00,Não,"Apartamento, 34.20 de área total, 29.15 de área privativa, 0.00 de área do terreno,  1 qto(s), WC, 1 sala(s), cozinha.",Leilão SFI - Edital Único,https://venda-imoveis.caixa.gov.br/sistema/detalhe-imovel.asp?hdnimovel=8444427648352,Caixa,Imóvel
8555529417998,RS,ALVORADA,JARDIM ALGARVE,"RUA JOZINO LIOTTI, N. 601, CS 314","266.000,00","266.000,00",0.00,Não,"Casa, 143.98 de área total, 71.75 de área privativa, 100.00 de área do terreno,  3 qto(s), a.serv, WC, 1 sala(s), cozinha, 1 vaga(s) de garagem.",Leilão SFI - Edital Único,https://venda-imoveis.caixa.gov.br/sistema/detalhe-imovel.asp?hdnimovel=8555529417998,Caixa,Imóvel
8444419570510,RS,ALVORADA,FORMOZA,"RUA FERNAO DIAS, N. 500, CS 01 QD 5 LT 26","226.598,96","226.598,96",0.00,Não,"Casa, 54.50 de área total, 50.49 de área privativa, 86.40 de área do terreno,  2 qto(s), WC, 1 sala(s), cozinha.",Leilão SFI - Edital Único,https://venda-imoveis.caixa.gov.br/sistema/detalhe-imovel.asp?hdnimovel=8444419570510,Caixa,Imóvel
8444424248060,RS,ALVORADA,FORMOZA,"RUA FERNANDO FERRARI, N. 1042, Apto 104,","136.000,00","136.000,00",0.00,Não,"Apartamento, 39.80 de área total, 38.46 de área privativa, 0.00 de área do terreno,  2 qto(s), WC, 1 sala(s), cozinha.",Leilão SFI - Edital Único,https://venda-imoveis.caixa.gov.br/sistema/detalhe-imovel.asp?hdnimovel=8444424248060,Caixa,Imóvel
8444401748856,RS,ALVORADA,MARIA REGINA,"RUA ROQUE SANTEIRO, N. 136, Apto 104, LT 15, QD 62","131.716,00","131.716,00",0.00,Não,"Apartamento, 42.84 de área total, 39.78 de área privativa, 0.00 de área do terreno,  2 qto(s), a.serv, WC, 1 sala(s), cozinha.",Leilão SFI - Edital Único,https://venda-imoveis.caixa.gov.br/sistema/detalhe-imovel.asp?hdnimovel=8444401748856,Caixa,Imóvel
8444405810009,RS,ALVORADA,MARIA REGINA,"RUA RODA DE FOGO, N. 56, Apto 401,","105.000,00","105.000,00",0.00,Não,"Apartamento, 42.84 de área total, 39.78 de área privativa, 0.00 de área do terreno,  2 qto(s), WC, 1 sala(s), cozinha.",Leilão SFI - Edital Único,https://venda-imoveis.caixa.gov.br/sistema/detalhe-imovel.asp?hdnimovel=8444405810009,Caixa,Imóvel
8444417442093,RS,ALVORADA,MARIA REGINA,"RUA AIMORE, N. 204, CS 02","160.000,00","160.000,00",0.00,Não,"Casa, 46.76 de área total, 44.83 de área privativa, 86.93 de área do terreno.",Leilão SFI - Edital Único,https://venda-imoveis.caixa.gov.br/sistema/detalhe-imovel.asp?hdnimovel=8444417442093,Caixa,Imóvel
8787703218720,RS,ALVORADA,PIRATINI,"RUA MARAJO, N. 130, Apto 204, BL 02 VG 109","175.000,00","175.000,00",0.00,Não,"Apartamento, 85.46 de área total, 43.99 de área privativa, 0.00 de área do terreno,  2 qto(s), WC, 1 sala(s), cozinha, 1 vaga(s) de garagem.",Leilão SFI - Edital Único,https://venda-imoveis.caixa.gov.br/sistema/detalhe-imovel.asp?hdnimovel=8787703218720,Caixa,Imóvel
8787703648873,RS,ALVORADA,PIRATINI,"RUA F, N. 130, Apto 101, BL 05, VAGA BOX N 137","195.000,00","188.000,00",0.00,Não,"Apartamento, 98.77 de área total, 55.09 de área privativa, 0.00 de área do terreno, 1 vaga(s) de garagem.",Leilão SFI - Edital Único,https://venda-imoveis.caixa.gov.br/sistema/detalhe-imovel.asp?hdnimovel=8787703648873,Caixa,Imóvel
8787703308509,RS,ALVORADA,PIRATINI,"RUA MARAJO, N. 130, Apto 503, BL 06 VG 30 5 PAV","190.000,00","179.298,65",0.00,Não,"Apartamento, 85.45 de área total, 43.99 de área privativa, 0.00 de área do terreno,  2 qto(s), WC, 1 sala(s), cozinha, 1 vaga(s) de garagem.",Leilão SFI - Edital Único,https://venda-imoveis.caixa.gov.br/sistema/detalhe-imovel.asp?hdnimovel=8787703308509,Caixa,Imóvel
8444425479502,RS,ALVORADA,VILA MORUMBY,"RUA  JOSE LINS DO REGO, N. 1253, CASA 02, LOTE 05","153.000,00","143.000,00",0.00,Não,"Casa, 0.00 de área total, 45.70 de área privativa, 0.00 de área do terreno,  2 qto(s), WC, 1 sala(s), cozinha.",Leilão SFI - Edital Único,https://venda-imoveis.caixa.gov.br/sistema/detalhe-imovel.asp?hdnimovel=8444425479502,Caixa,Imóvel
8444435377788,RS,ALVORADA,JARDIM ALGARVE,"RUA CENTO E VINTE E CINCO, N. 116, Apto 204,","172.117,90","160.000,00",0.00,Não,"Apartamento, 36.20 de área total, 30.30 de área privativa, 0.00 de área do terreno,  1 qto(s), WC, 1 sala(s), cozinha.",Leilão SFI - Edital Único,https://venda-imoveis.caixa.gov.br/sistema/detalhe-imovel.asp?hdnimovel=8444435377788,Caixa,Imóvel
8444438994788,RS,ALVORADA,UMBU,"RUA TREZE, N. 311, Apto 204, 2 PAV","144.113,45","132.000,00",0.00,Não,"Apartamento, 34.34 de área total, 30.00 de área privativa, 0.00 de área do terreno,  1 qto(s), WC, 1 sala(s), cozinha.",Leilão SFI - Edital Único,https://venda-imoveis.caixa.gov.br/sistema/detalhe-imovel.asp?hdnimovel=8444438994788,Caixa,Imóvel
8787704580938,RS,ALVORADA,PIRATINI,"RUA F, N. 130, Apto 201, BL 05 BOX 140","190.000,00","163.000,00",0.00,Não,"Apartamento, 85.45 de área total, 43.99 de área privativa, 0.00 de área do terreno,  2 qto(s), WC, 1 sala(s), cozinha, 1 vaga(s) de garagem.",Leilão SFI - Edital Único,https://venda-imoveis.caixa.gov.br/sistema/detalhe-imovel.asp?hdnimovel=8787704580938,Caixa,Imóvel
1444414639920,RS,ALVORADA,JARDIM ALGARVE,"RUA BEIJAFLORES, N. 33, LT 32 QD 29","192.844,37","165.000,00",0.00,Não,"Casa, 43.40 de área total, 43.40 de área privativa, 175.00 de área do terreno,  1 qto(s), a.serv, WC, 1 sala(s), cozinha.",Leilão SFI - Edital Único,https://venda-imoveis.caixa.gov.br/sistema/detalhe-imovel.asp?hdnimovel=1444414639920,Caixa,Imóvel
8787718327334,RS,ALVORADA,PIRATINI,"RUA B, N. 140, Q02L01 UN.PV.46","173.603,93","146.000,00",0.00,Não,"Casa, 29.30 de área total, 29.30 de área privativa, 37.19 de área do terreno,  1 qto(s), WC, 1 sala(s), cozinha, 1 vaga(s) de garagem.",Leilão SFI - Edital Único,https://venda-imoveis.caixa.gov.br/sistema/detalhe-imovel.asp?hdnimovel=8787718327334,Caixa,Imóvel
8444430288337,RS,ALVORADA,MARIA REGINA,"RUA 27, N. 18, Apto 103, LT 01 QD 58","142.944,33","120.000,00",0.00,Não,"Apartamento, 42.84 de área total, 39.78 de área privativa, 0.00 de área do terreno,  2 qto(s), a.serv, WC, 1 sala(s), cozinha.",Leilão SFI - Edital Único,https://venda-imoveis.caixa.gov.br/sistema/detalhe-imovel.asp?hdnimovel=8444430288337,Caixa,Imóvel
8444434835014,RS,ALVORADA,MARIA REGINA,"RUA ANA AXELRUD, N. 1088, Apto 102,","168.009,34","141.000,00",0.00,Não,"Apartamento, 33.10 de área total, 30.17 de área privativa, 0.00 de área do terreno,  1 qto(s), WC, 1 sala(s), cozinha.",Leilão SFI - Edital Único,https://venda-imoveis.caixa.gov.br/sistema/detalhe-imovel.asp?hdnimovel=8444434835014,Caixa,Imóvel
8444429650656,RS,ALVORADA,MARIA REGINA,"RUA VINTE E DOIS, N. 600, Apto 204,","127.015,94","106.000,00",0.00,Não,"Apartamento, 0.00 de área total, 39.78 de área privativa, 0.00 de área do terreno,  2 qto(s), a.serv, WC, cozinha.",Leilão SFI - Edital Único,https://venda-imoveis.caixa.gov.br/sistema/detalhe-imovel.asp?hdnimovel=8444429650656,Caixa,Imóvel
8444438868880,RS,ALVORADA,MARIA REGINA,"RUA RODA DE FOGO, N. 97, Apto 402,","170.958,50","140.400,00",0.00,Não,"Apartamento, 42.84 de área total, 39.78 de área privativa, 0.00 de área do terreno,  2 qto(s), WC, 1 sala(s), cozinha.",Leilão SFI - Edital Único,https://venda-imoveis.caixa.gov.br/sistema/detalhe-imovel.asp?hdnimovel=8444438868880,Caixa,Imóvel
8787703259680,RS,ALVORADA,LOT RES VALE VERDE,"RUA F, N. 130, Apto 202, BLOCO 05 2° PAVIMENTO BOX N° 01","190.000,00","150.000,00",0.00,Não,"Apartamento, 85.45 de área total, 43.99 de área privativa, 0.00 de área do terreno,  2 qto(s), WC, 1 sala(s), cozinha, 1 vaga(s) de garagem.",Leilão SFI - Edital Único,https://venda-imoveis.caixa.gov.br/sistema/detalhe-imovel.asp?hdnimovel=8787703259680,Caixa,Imóvel
8787703011883,RS,ALVORADA,PIRATINI,"RUA F, N. 130, Apto 502, BL 07 5° PAVIMENTO QD 15","190.000,00","150.000,00",0.00,Não,"Apartamento, 85.45 de área total, 43.99 de área privativa, 0.00 de área do terreno,  2 qto(s), WC, 1 sala(s), cozinha.",Leilão SFI - Edital Único,https://venda-imoveis.caixa.gov.br/sistema/detalhe-imovel.asp?hdnimovel=8787703011883,Caixa,Imóvel
8444401420354,RS,ALVORADA,JARDIM ALGARVE,"RUA CURIOS, N. 451, LT 44, QD A92, LOT ALGARVE","236.534,60","185.000,00",0.00,Não,"Casa, 49.84 de área total, 49.84 de área privativa, 175.00 de área do terreno,  2 qto(s), WC, 1 sala(s), cozinha.",Leilão SFI - Edital Único,https://venda-imoveis.caixa.gov.br/sistema/detalhe-imovel.asp?hdnimovel=8444401420354,Caixa,Imóvel
8444408190931,RS,ALVORADA,MARIA REGINA,"RUA 27, N. 247, Apto 203,","147.329,27","90.000,00",0.00,Não,"Apartamento, 42.84 de área total, 39.78 de área privativa, 0.00 de área do terreno,  2 qto(s), a.serv, WC, 1 sala(s), cozinha.",Leilão SFI - Edital Único,https://venda-imoveis.caixa.gov.br/sistema/detalhe-imovel.asp?hdnimovel=8444408190931,Caixa,Imóvel
8444438509596,RS,ALVORADA,MARIA REGINA,"RUA 27, N. 262, Apto 302, 2º ANDAR OU 3º PAVIMENTO","138.803,19","78.000,00",0.00,Não,"Apartamento, 42.84 de área total, 39.78 de área privativa, 0.00 de área do terreno,  2 qto(s), a.serv, WC, 1 sala(s), cozinha.",Leilão SFI - Edital Único,https://venda-imoveis.caixa.gov.br/sistema/detalhe-imovel.asp?hdnimovel=8444438509596,Caixa,Imóvel
1444407896565,RS,CACHOEIRINHA,PARQUE DA MATRIZ,"RUA CONCORDIA, N. 1591, LT 29 QD A-5","295.554,50","530.000,00",44.24,Sim,"Casa, 137.50 de área total, 92.00 de área privativa, 229.49 de área do terreno,  3 qto(s), a.serv, WC, 1 sala(s), cozinha.",Venda Direta Online,https://venda-imoveis.caixa.gov.br/sistema/detalhe-imovel.asp?hdnimovel=1444407896565,Caixa,Imóvel
8444431408875,RS,CACHOEIRINHA,PARQUE MARECHAL RONDON,"RUA IRLANDA, N. 87, Apto 320E, BL E","75.305,50","130.000,00",42.08,Não,"Apartamento, 42.91 de área total, 38.53 de área privativa, 0.00 de área do terreno,  2 qto(s), a.serv, WC, 1 sala(s), cozinha.",Venda Direta Online,https://venda-imoveis.caixa.gov.br/sistema/detalhe-imovel.asp?hdnimovel=8444431408875,Caixa,Imóvel
8787712908564,RS,CACHOEIRINHA,PARQUE MARECHAL RONDON,"RUA CANARINHO, N. 70, Apto 402, BL 16","78.201,87","135.000,00",42.08,Não,"Apartamento, 76.62 de área total, 41.19 de área privativa, 0.00 de área do terreno,  2 qto(s), WC, 1 sala(s), cozinha.",Licitação Aberta,https://venda-imoveis.caixa.gov.br/sistema/detalhe-imovel.asp?hdnimovel=8787712908564,Caixa,Imóvel
8555521251993,RS,CACHOEIRINHA,JARDIM DOS ESTADOS,"RUA 01, N. 685, Apto 104, BL A","84.892,14","145.000,00",41.46,Não,"Apartamento, 0.00 de área total, 45.57 de área privativa, 0.00 de área do terreno.",Licitação Aberta,https://venda-imoveis.caixa.gov.br/sistema/detalhe-imovel.asp?hdnimovel=8555521251993,Caixa,Imóvel
8555534094832,RS,CACHOEIRINHA,AGUAS MORTAS,"AVENIDA FREDERICO AUGUSTO RITTER, N. 5255, CS 125  LT 06A2","120.882,70","200.000,00",39.56,Não,"Casa, 102.09 de área total, 49.84 de área privativa, 102.09 de área do terreno,  2 qto(s), a.serv, WC, 1 sala(s), cozinha.",Licitação Aberta,https://venda-imoveis.caixa.gov.br/sistema/detalhe-imovel.asp?hdnimovel=8555534094832,Caixa,Imóvel
8787716450724,RS,CACHOEIRINHA,AGUAS MORTAS,"ESTRADA DOS CAPISTRANOS, N. 525, Apto 330, BL H LT A","111.816,50","185.000,00",39.56,Não,"Apartamento, 83.02 de área total, 48.15 de área privativa, 0.00 de área do terreno, 1 vaga(s) de garagem.",Licitação Aberta,https://venda-imoveis.caixa.gov.br/sistema/detalhe-imovel.asp?hdnimovel=8787716450724,Caixa,Imóvel
8787714707108,RS,CACHOEIRINHA,FAZENDA ESPERANCA,"RUA IPE MIRIM (ANTIGA RUA J), N. 760, CS 14 QD 11 LT 01","119.069,46","197.000,00",39.56,Não,"Casa, 45.56 de área total, 45.56 de área privativa, 95.40 de área do terreno,  2 qto(s), a.serv, WC, 1 sala(s), cozinha.",Licitação Aberta,https://venda-imoveis.caixa.gov.br/sistema/detalhe-imovel.asp?hdnimovel=8787714707108,Caixa,Imóvel
8044200428930,RS,CACHOEIRINHA,BOM PRINCIPIO,"RUA MISSOES, N. SN, Apto 306, TORRE 2B","165.934,52","271.000,00",38.77,Sim,"Apartamento, 0.00 de área total, 68.87 de área privativa, 0.00 de área do terreno,  2 qto(s), a.serv, WC, 1 sala(s), cozinha.",Venda Online,https://venda-imoveis.caixa.gov.br/sistema/detalhe-imovel.asp?hdnimovel=8044200428930,Caixa,Imóvel
1043020831993,RS,CACHOEIRINHA,BOM PRINCIPIO,"RUA GUAIANA, N. 599, QD 11 LT 08","216.686,86","340.000,00",36.27,Sim,"Casa, 0.00 de área total, 85.90 de área privativa, 300.00 de área do terreno,  2 qto(s), WC, 1 sala(s), cozinha.",Venda Online,https://venda-imoveis.caixa.gov.br/sistema/detalhe-imovel.asp?hdnimovel=1043020831993,Caixa,Imóvel
1444413222651,RS,CACHOEIRINHA,VILA CACHOEIRINHA,"RUA TABAJARA, N. 95, Apto 101,","390.418,74","612.600,00",36.27,Não,"Apartamento, 0.00 de área total, 148.20 de área privativa, 0.00 de área do terreno,  2 qto(s), varanda, a.serv, WC, 1 sala(s), cozinha, 1 vaga(s) de garagem.",Licitação Aberta,https://venda-imoveis.caixa.gov.br/sistema/detalhe-imovel.asp?hdnimovel=1444413222651,Caixa,Imóvel
8444406146323,RS,CACHOEIRINHA,VILA CACHOEIRINHA,"RUA PAPA JOAO XXIII, N. 673, Apto 403, BL 03 QD 05","172.837,05","271.195,94",36.27,Sim,"Apartamento, 133.75 de área total, 83.63 de área privativa, 0.00 de área do terreno,  2 qto(s), a.serv, WC, 1 sala(s), cozinha, Terraco.",Venda Direta Online,https://venda-imoveis.caixa.gov.br/sistema/detalhe-imovel.asp?hdnimovel=8444406146323,Caixa,Imóvel
1555505640320,RS,CACHOEIRINHA,VILA IMBUI,"RUA RUI RAMOS, N. 66, Apto 503, 5º ANDAR, LOT JARDIM MAUÁ","427.000,58","670.000,00",36.27,Sim,"Apartamento, 193.79 de área total, 171.86 de área privativa, 0.00 de área do terreno,  2 qto(s), a.serv, WC, 2 sala(s), cozinha, Terraco.",Venda Direta Online,https://venda-imoveis.caixa.gov.br/sistema/detalhe-imovel.asp?hdnimovel=1555505640320,Caixa,Imóvel
8084400404391,RS,CACHOEIRINHA,VILA CACHOEIRINHA,"RUA SANTA CLARA, N. 197, Apto 403, BL 1 4 PAV","225.000,00","225.000,00",0.00,Não,"Apartamento, 130.60 de área total, 119.34 de área privativa, 0.00 de área do terreno,  1 qto(s), a.serv, WC, 2 sala(s), cozinha, Terraco.",Leilão SFI - Edital Único,https://venda-imoveis.caixa.gov.br/sistema/detalhe-imovel.asp?hdnimovel=8084400404391,Caixa,Imóvel
8787710268665,RS,CACHOEIRINHA,PARQUE MARECHAL RONDON,"RUA SUICA ACESSO C, N. 784, CS 57  QD C  RESIDENCIAL SUIÇA","190.000,00","190.000,00",0.00,Não,"Casa, 0.00 de área total, 44.44 de área privativa, 0.00 de área do terreno,  2 qto(s), WC, 1 sala(s), cozinha, Terraco.",Leilão SFI - Edital Único,https://venda-imoveis.caixa.gov.br/sistema/detalhe-imovel.asp?hdnimovel=8787710268665,Caixa,Imóvel
8444415021481,RS,CACHOEIRINHA,VILA SILVEIRA MARTINS,"RUA FLAVIO CATANHEDE, N. 55, BOX 08","198.000,00","198.000,00",0.00,Não,"Casa, 122.36 de área total, 98.31 de área privativa, 48.62 de área do terreno,  2 qto(s), a.serv, WC, 1 sala(s), cozinha, 1 vaga(s) de garagem.",Leilão SFI - Edital Único,https://venda-imoveis.caixa.gov.br/sistema/detalhe-imovel.asp?hdnimovel=8444415021481,Caixa,Imóvel
8084400406548,RS,CACHOEIRINHA,PONTA PORA,"RUA RIO BRANCO, N. 551, Apto 401, BL B BOX 18","210.000,00","210.000,00",0.00,Não,"Apartamento, 0.00 de área total, 57.65 de área privativa, 0.00 de área do terreno, 1 vaga(s) de garagem.",Leilão SFI - Edital Único,https://venda-imoveis.caixa.gov.br/sistema/detalhe-imovel.asp?hdnimovel=8084400406548,Caixa,Imóvel
8787709629781,RS,CACHOEIRINHA,JARDIM BETANIA,"AVENIDA DA FEDERACAO, N. 705, Apto 344, BLOCO K","156.000,00","156.000,00",0.00,Não,"Apartamento, 47.62 de área total, 43.20 de área privativa, 0.00 de área do terreno,  2 qto(s), a.serv, WC, 1 sala(s), cozinha.",Leilão SFI - Edital Único,https://venda-imoveis.caixa.gov.br/sistema/detalhe-imovel.asp?hdnimovel=8787709629781,Caixa,Imóvel
8787700296690,RS,CACHOEIRINHA,FAZENDA ESPERANCA,"RUA ESMERALDA, N. 349, CS 04 LT 14 QD F1","200.000,00","200.000,00",0.00,Não,"Casa, 0.00 de área total, 29.96 de área privativa, 85.51 de área do terreno,  1 qto(s), a.serv, WC, 1 sala(s), cozinha.",Leilão SFI - Edital Único,https://venda-imoveis.caixa.gov.br/sistema/detalhe-imovel.asp?hdnimovel=8787700296690,Caixa,Imóvel
8444410984389,RS,CACHOEIRINHA,JARDIM BETANIA,"AVENIDA DA FEDERACAO, N. 685, Apto 237, BL J ANDAR 01 PAV 02 LT 22 QD K","152.885,89","150.000,00",0.00,Não,"Apartamento, 47.62 de área total, 43.20 de área privativa, 0.00 de área do terreno,  2 qto(s), WC, 1 sala(s), cozinha.",Leilão SFI - Edital Único,https://venda-imoveis.caixa.gov.br/sistema/detalhe-imovel.asp?hdnimovel=8444410984389,Caixa,Imóvel
8787705682858,RS,CACHOEIRINHA,JARDIM DOS ESTADOS,"AVENIDA DA FEDERACAO, N. 705, Apto 329, BLOCO H","140.000,00","134.000,00",0.00,Não,"Apartamento, 0.00 de área total, 43.20 de área privativa, 0.00 de área do terreno,  2 qto(s), WC, 1 sala(s), cozinha.",Leilão SFI - Edital Único,https://venda-imoveis.caixa.gov.br/sistema/detalhe-imovel.asp?hdnimovel=8787705682858,Caixa,Imóvel
8444400529018,RS,CACHOEIRINHA,VILA CACHOEIRINHA,"R  PAPA JOAO XXIII, N. 1100, Apto 401, BLOCO 02","160.000,00","148.000,00",0.00,Não,"Apartamento, 0.00 de área total, 49.36 de área privativa, 0.00 de área do terreno,  2 qto(s), varanda, a.serv, WC, 1 sala(s), cozinha.",Leilão SFI - Edital Único,https://venda-imoveis.caixa.gov.br/sistema/detalhe-imovel.asp?hdnimovel=8444400529018,Caixa,Imóvel
8444437200842,RS,CACHOEIRINHA,PARQUE MARECHAL RONDON,"RUA ROMENIA, N. 305, Apto 309D, BLOCO D, TERCEIRO PAVIMENTO","173.422,06","128.401,79",0.00,Não,"Apartamento, 45.51 de área total, 40.51 de área privativa, 0.00 de área do terreno,  2 qto(s), a.serv, WC, 1 sala(s), cozinha.",Leilão SFI - Edital Único,https://venda-imoveis.caixa.gov.br/sistema/detalhe-imovel.asp?hdnimovel=8444437200842,Caixa,Imóvel
8787703638673,RS,CACHOEIRINHA,CHACARA DAS ROSAS,"RUA CHUVA DE OURO, N. 258,","200.000,00","130.000,00",0.00,Não,"Casa, 39.27 de área total, 39.27 de área privativa, 90.10 de área do terreno, 1 vaga(s) de garagem.",Leilão SFI - Edital Único,https://venda-imoveis.caixa.gov.br/sistema/detalhe-imovel.asp?hdnimovel=8787703638673,Caixa,Imóvel
1444418826849,RS,CACHOEIRINHA,VILA PARQUE BRASILIA,"RUA IRMAOS VEIGA, N. 78, CS.1 LT.24 QD.R SUBQD.R3","238.067,56","132.000,00",0.00,Não,"Casa, 57.51 de área total, 57.51 de área privativa, 75.55 de área do terreno,  2 qto(s), a.serv, WC, 1 sala(s), 1 lavabo(s), cozinha, 1 vaga(s) de garagem.",Leilão SFI - Edital Único,https://venda-imoveis.caixa.gov.br/sistema/detalhe-imovel.asp?hdnimovel=1444418826849,Caixa,Imóvel
8787709772142,RS,CANOAS,RIO BRANCO,"RUA MACHADINHO, N. 1580, Apto 103, BL 07","75.483,04","175.000,00",56.87,Não,"Apartamento, 0.00 de área total, 41.19 de área privativa, 0.00 de área do terreno,  2 qto(s), WC, 1 sala(s), cozinha.",Venda Direta Online,https://venda-imoveis.caixa.gov.br/sistema/detalhe-imovel.asp?hdnimovel=8787709772142,Caixa,Imóvel
8444411730283,RS,CANOAS,GUAJUVIRAS,"AVENIDA 1, N. 2274, Apto 202, BL 15","47.784,52","110.000,00",56.56,Não,"Apartamento, 0.00 de área total, 39.78 de área privativa, 0.00 de área do terreno,  2 qto(s), a.serv, WC, 1 sala(s), cozinha.",Venda Direta Online,https://venda-imoveis.caixa.gov.br/sistema/detalhe-imovel.asp?hdnimovel=8444411730283,Caixa,Imóvel
8444416114653,RS,CANOAS,GUAJUVIRAS,"AVENIDA 1, N. S/N, Apto 302, BLOCO 07","37.433,84","85.000,00",55.97,Não,"Apartamento, 0.00 de área total, 29.87 de área privativa, 0.00 de área do terreno,  1 qto(s), a.serv, WC, 1 sala(s), cozinha.",Venda Direta Online,https://venda-imoveis.caixa.gov.br/sistema/detalhe-imovel.asp?hdnimovel=8444416114653,Caixa,Imóvel
8444413608450,RS,CANOAS,GUAJUVIRAS,"AVENIDA UM, N. 1830, Apto 202, BL 09","65.262,55","135.000,00",51.66,Não,"Apartamento, 42.84 de área total, 39.78 de área privativa, 0.00 de área do terreno,  2 qto(s), a.serv, WC, 1 sala(s), cozinha.",Venda Direta Online,https://venda-imoveis.caixa.gov.br/sistema/detalhe-imovel.asp?hdnimovel=8444413608450,Caixa,Imóvel
8444407111230,RS,CANOAS,GUAJUVIRAS,"AVENIDA 1, N. 527, Apto 404,  H104ATUAL AV DEZESSETE DE ABRIL, 52","51.333,84","100.000,00",48.67,Não,"Apartamento, 42.84 de área total, 39.78 de área privativa, 0.00 de área do terreno,  2 qto(s), a.serv, WC, 1 sala(s), cozinha.",Venda Direta Online,https://venda-imoveis.caixa.gov.br/sistema/detalhe-imovel.asp?hdnimovel=8444407111230,Caixa,Imóvel
8787710737266,RS,CANOAS,RIO BRANCO,"RUA MACHADINHO, N. 1580, Apto 102, BL 14","70.381,68","135.000,00",47.87,Não,"Apartamento, 62.76 de área total, 41.19 de área privativa, 0.00 de área do terreno,  2 qto(s), WC, 1 sala(s), cozinha.",Venda Online,https://venda-imoveis.caixa.gov.br/sistema/detalhe-imovel.asp?hdnimovel=8787710737266,Caixa,Imóvel
10177314,RS,CANOAS,NITEROI,"RUA ARTHUR BERNARDES, N. 405","618.245,89","1.176.500,00",47.46,Não,"Galpão, 0.00 de área total, 1001.76 de área privativa, 930.60 de área do terreno.",Venda Direta Online,https://venda-imoveis.caixa.gov.br/sistema/detalhe-imovel.asp?hdnimovel=10177314,Caixa,Imóvel
8787704616614,RS,CANOAS,ESTANCIA VELHA,"RUA SAO NICOLAU, N. 850, Apto 103, PAV 1, BL 8","108.416,67","205.000,00",47.12,Não,"Apartamento, 0.00 de área total, 41.19 de área privativa, 0.00 de área do terreno.",Venda Direta Online,https://venda-imoveis.caixa.gov.br/sistema/detalhe-imovel.asp?hdnimovel=8787704616614,Caixa,Imóvel
8444408356740,RS,CANOAS,Bairro Guajuviras,"AVENIDA 1, N. 2158, Apto 403, BL 08, LT 04, QD O, SETOR 06","69.452,54","130.000,00",46.58,Não,"Apartamento, 42.84 de área total, 39.78 de área privativa, 0.00 de área do terreno,  2 qto(s), a.serv, WC, 1 sala(s), cozinha.",Venda Direta Online,https://venda-imoveis.caixa.gov.br/sistema/detalhe-imovel.asp?hdnimovel=8444408356740,Caixa,Imóvel
1444420999097,RS,CANOAS,OLARIA,"RUA GILDO DE FREITAS, N. 1807, Apto 16, LT 9 A 12 QD C","97.272,69","180.000,00",45.96,Sim,"Apartamento, 59.28 de área total, 58.12 de área privativa, 0.00 de área do terreno,  2 qto(s), WC, 1 sala(s), cozinha.",Venda Direta Online,https://venda-imoveis.caixa.gov.br/sistema/detalhe-imovel.asp?hdnimovel=1444420999097,Caixa,Imóvel
8787708314981,RS,CANOAS,RIO BRANCO,"RUA MACHADINHO, N. 1580, Apto 101, BL 16 1º PAVIMENTO","75.817,45","140.000,00",45.85,Não,"Apartamento, 62.76 de área total, 41.19 de área privativa, 0.00 de área do terreno,  2 qto(s), a.serv, WC, 1 sala(s), cozinha.",Venda Direta Online,https://venda-imoveis.caixa.gov.br/sistema/detalhe-imovel.asp?hdnimovel=8787708314981,Caixa,Imóvel
8787707302505,RS,CANOAS,RIO BRANCO,"RUA MACHADINHO, N. 1580, Apto 101, BL 01","81.426,19","146.400,00",44.39,Não,"Apartamento, 62.76 de área total, 41.19 de área privativa, 0.00 de área do terreno,  1 qto(s), WC, 1 sala(s), cozinha, 1 vaga(s) de garagem.",Venda Direta Online,https://venda-imoveis.caixa.gov.br/sistema/detalhe-imovel.asp?hdnimovel=8787707302505,Caixa,Imóvel
8555520406829,RS,CANOAS,GUAJUVIRAS,"RUA 43-A, N. 115, SETOR 02, QD HH 06, LT 06","123.838,56","216.000,00",42.67,Não,"Casa, 0.00 de área total, 112.48 de área privativa, 200.00 de área do terreno,  2 qto(s), a.serv, WC, 1 sala(s), cozinha.",Venda Online,https://venda-imoveis.caixa.gov.br/sistema/detalhe-imovel.asp?hdnimovel=8555520406829,Caixa,Imóvel
8787717674936,RS,CANOAS,FATIMA,"RUA CAIRU, N. 1705, Apto 503, BL 06","78.201,87","135.000,00",42.08,Não,"Apartamento, 65.30 de área total, 41.19 de área privativa, 0.00 de área do terreno,  2 qto(s), WC, 1 sala(s), cozinha.",Licitação Aberta,https://venda-imoveis.caixa.gov.br/sistema/detalhe-imovel.asp?hdnimovel=8787717674936,Caixa,Imóvel
8047200400231,RS,CANOAS,MATHIAS VELHO,"RUA ESPUMOSO, N. 305,","187.036,83","320.332,00",41.62,Sim,"Casa, 0.00 de área total, 80.00 de área privativa, 500.00 de área do terreno,  2 qto(s), WC, 1 sala(s), cozinha.",Venda Direta Online,https://venda-imoveis.caixa.gov.br/sistema/detalhe-imovel.asp?hdnimovel=8047200400231,Caixa,Imóvel
8787717187229,RS,CANOAS,FATIMA,"RUA CAIRU, N. 1705, Apto 204, BL 03","81.964,82","140.000,00",41.46,Não,"Apartamento, 76.74 de área total, 41.19 de área privativa, 0.00 de área do terreno,  2 qto(s), WC, 1 sala(s), cozinha, 1 vaga(s) de garagem.",Licitação Aberta,https://venda-imoveis.caixa.gov.br/sistema/detalhe-imovel.asp?hdnimovel=8787717187229,Caixa,Imóvel
8787704195392,RS,CANOAS,MATO GRANDE,"RUA ROBERTO FRANCISCO BEHRENS, N. 303, Apto 101, BL 16","103.704,06","175.000,00",40.75,Sim,"Apartamento, 0.00 de área total, 41.19 de área privativa, 0.00 de área do terreno, 1 vaga(s) de garagem.",Venda Direta Online,https://venda-imoveis.caixa.gov.br/sistema/detalhe-imovel.asp?hdnimovel=8787704195392,Caixa,Imóvel
1444407787553,RS,CANOAS,RIO BRANCO,"RUA DOM JOAO BECKER, N. 1852, Apto 135, BL I","119.590,42","200.000,00",40.21,Não,"Apartamento, 74.68 de área total, 42.46 de área privativa, 0.00 de área do terreno,  2 qto(s), WC, 1 sala(s), cozinha, 1 vaga(s) de garagem.",Venda Online,https://venda-imoveis.caixa.gov.br/sistema/detalhe-imovel.asp?hdnimovel=1444407787553,Caixa,Imóvel
8444422622142,RS,CANOAS,GUAJUVIRAS,"AV 1, N. 527, Apto 402, BL 3","68.797,93","115.000,00",40.18,Sim,"Apartamento, 42.84 de área total, 39.78 de área privativa, 0.00 de área do terreno,  2 qto(s), WC, 1 sala(s), cozinha.",Venda Direta Online,https://venda-imoveis.caixa.gov.br/sistema/detalhe-imovel.asp?hdnimovel=8444422622142,Caixa,Imóvel
8787717061934,RS,CANOAS,FATIMA,"RUA CAIRU, N. 1705, Apto 201, BL 06,","114.838,57","190.000,00",39.56,Não,"Apartamento, 76.74 de área total, 41.19 de área privativa, 0.00 de área do terreno,  2 qto(s), WC, 1 sala(s), cozinha, 1 vaga(s) de garagem.",Venda Online,https://venda-imoveis.caixa.gov.br/sistema/detalhe-imovel.asp?hdnimovel=8787717061934,Caixa,Imóvel
1444403309878,RS,CANOAS,CENTRO,"RUA CANDIDO MACHADO, N. 100, Apto 1205, COBERTURA","544.903,72","900.000,00",39.46,Sim,"Apartamento, 0.00 de área total, 163.49 de área privativa, 0.00 de área do terreno,  3 qto(s), varanda, a.serv, WC, 1 sala(s), cozinha, 1 vaga(s) de garagem.",Venda Direta Online,https://venda-imoveis.caixa.gov.br/sistema/detalhe-imovel.asp?hdnimovel=1444403309878,Caixa,Imóvel
8555535288517,RS,CANOAS,FATIMA,"RUA OLIVEIRA VIANA, N. 491, Apto 149, BL M","125.884,66","200.000,00",37.06,Não,"Apartamento, 76.46 de área total, 42.70 de área privativa, 0.00 de área do terreno,  2 qto(s), WC, 1 sala(s), 1 vaga(s) de garagem.",Venda Direta Online,https://venda-imoveis.caixa.gov.br/sistema/detalhe-imovel.asp?hdnimovel=8555535288517,Caixa,Imóvel
8444412844215,RS,CANOAS,OLARIA,"RUA CARLOS ALBERTO LAUERMANN NUNES, N. 265, Apto 334, TORRE 03 PV 03","120.849,27","192.000,00",37.06,Não,"Apartamento, 0.00 de área total, 47.23 de área privativa, 0.00 de área do terreno.",Venda Direta Online,https://venda-imoveis.caixa.gov.br/sistema/detalhe-imovel.asp?hdnimovel=8444412844215,Caixa,Imóvel
8787700840714,RS,CANOAS,SAO JOSE,"RUA LOPES TROVAO, N. 45, Apto 502, BL 6 VG 41","160.000,00","160.000,00",0.00,Não,"Apartamento, 67.73 de área total, 41.19 de área privativa, 0.00 de área do terreno,  2 qto(s), WC, 1 sala(s), cozinha, 1 vaga(s) de garagem.",Leilão SFI - Edital Único,https://venda-imoveis.caixa.gov.br/sistema/detalhe-imovel.asp?hdnimovel=8787700840714,Caixa,Imóvel
8787701614912,RS,CANOAS,SAO JOSE,"RUA GUARUJA, N. 200, Apto 202, BL15 VG 338","205.000,00","205.000,00",0.00,Não,"Apartamento, 78.24 de área total, 41.58 de área privativa, 0.00 de área do terreno,  2 qto(s), WC, 1 sala(s), cozinha, 1 vaga(s) de garagem.",Leilão SFI - Edital Único,https://venda-imoveis.caixa.gov.br/sistema/detalhe-imovel.asp?hdnimovel=8787701614912,Caixa,Imóvel
8787702871692,RS,CANOAS,SAO JOSE,"RUA GUARUJA, N. 200, Apto 203, BL 5","190.000,00","190.000,00",0.00,Não,"Apartamento, 78.25 de área total, 41.59 de área privativa, 0.00 de área do terreno,  2 qto(s), a.serv, WC, 1 sala(s), cozinha, 1 vaga(s) de garagem.",Leilão SFI - Edital Único,https://venda-imoveis.caixa.gov.br/sistema/detalhe-imovel.asp?hdnimovel=8787702871692,Caixa,Imóvel
8787703332280,RS,CANOAS,SAO JOSE,"RUA GUARUJA, N. 200, Apto 404, BL 11 VG 227 4 PAV","180.000,00","180.000,00",0.00,Não,"Apartamento, 78.25 de área total, 41.59 de área privativa, 0.00 de área do terreno,  2 qto(s), WC, 1 sala(s), cozinha, 1 vaga(s) de garagem.",Leilão SFI - Edital Único,https://venda-imoveis.caixa.gov.br/sistema/detalhe-imovel.asp?hdnimovel=8787703332280,Caixa,Imóvel
1444408377413,RS,CANOAS,IGARA,"RUA DOS GUAMIRINS, N. 303, CS 255 TIPO A3","315.500,00","315.500,00",0.00,Não,"Casa, 0.00 de área total, 85.74 de área privativa, 0.00 de área do terreno, 1 vaga(s) de garagem.",Leilão SFI - Edital Único,https://venda-imoveis.caixa.gov.br/sistema/detalhe-imovel.asp?hdnimovel=1444408377413,Caixa,Imóvel
8555511454948,RS,CANOAS,ESTANCIA VELHA,"AVENIDA SANTOS FERREIRA, N. 4100, Apto 304, LT 01, QD A,","239.264,22","239.264,22",0.00,Não,"Apartamento, 59.51 de área total, 41.28 de área privativa, 0.00 de área do terreno,  2 qto(s), WC, 1 sala(s), cozinha.",Leilão SFI - Edital Único,https://venda-imoveis.caixa.gov.br/sistema/detalhe-imovel.asp?hdnimovel=8555511454948,Caixa,Imóvel
8787711362401,RS,CANOAS,MATO GRANDE,"RUA ANTONIO LOURENCO ROSA, N. 187, Apto 403, BL 15","141.000,00","141.000,00",0.00,Não,"Apartamento, 76.21 de área total, 41.19 de área privativa, 0.00 de área do terreno,  2 qto(s), WC, 1 sala(s), cozinha, 1 vaga(s) de garagem.",Leilão SFI - Edital Único,https://venda-imoveis.caixa.gov.br/sistema/detalhe-imovel.asp?hdnimovel=8787711362401,Caixa,Imóvel
8555526978298,RS,CANOAS,FATIMA,"RUA JOAQUIM CAETANO, N. 700, Apto 205, BL E 2 PAV VG 73","229.133,00","229.133,00",0.00,Não,"Apartamento, 0.00 de área total, 55.15 de área privativa, 0.00 de área do terreno,  2 qto(s), WC, 1 sala(s), cozinha, 1 vaga(s) de garagem.",Leilão SFI - Edital Único,https://venda-imoveis.caixa.gov.br/sistema/detalhe-imovel.asp?hdnimovel=8555526978298,Caixa,Imóvel
8787702571648,RS,CANOAS,OLARIA,"RUA DO BOSQUE, N. 21, Apto 243, TR 02","198.000,00","198.000,00",0.00,Não,"Apartamento, 67.03 de área total, 47.23 de área privativa, 0.00 de área do terreno,  2 qto(s), WC, 1 sala(s), cozinha.",Leilão SFI - Edital Único,https://venda-imoveis.caixa.gov.br/sistema/detalhe-imovel.asp?hdnimovel=8787702571648,Caixa,Imóvel
8444408065703,RS,CANOAS,GUAJUVIRAS,"AVENIDA DEZESSETE DE ABRIL, N. 2218, Apto 203, BLOCO 13, PRIMEIRO ANDAR","118.000,00","118.000,00",0.00,Não,"Apartamento, 0.00 de área total, 39.78 de área privativa, 0.00 de área do terreno,  2 qto(s), WC, 1 sala(s), cozinha.",Leilão SFI - Edital Único,https://venda-imoveis.caixa.gov.br/sistema/detalhe-imovel.asp?hdnimovel=8444408065703,Caixa,Imóvel
10306967,RS,CANOAS,RIO BRANCO,"RUA MACHADINHO, N. 118, Apto 201, BL A","208.000,00","195.000,00",0.00,Não,"Apartamento, 0.00 de área total, 44.38 de área privativa, 0.00 de área do terreno, 1 vaga(s) de garagem.",Leilão SFI - Edital Único,https://venda-imoveis.caixa.gov.br/sistema/detalhe-imovel.asp?hdnimovel=10306967,Caixa,Imóvel
8787714710052,RS,CANOAS,MATO GRANDE,"RUA AFONSO PENA, N. 380, Apto 302, BL 11","170.314,07","158.000,00",0.00,Não,"Apartamento, 72.22 de área total, 41.19 de área privativa, 0.00 de área do terreno,  2 qto(s), WC, 1 sala(s), cozinha.",Leilão SFI - Edital Único,https://venda-imoveis.caixa.gov.br/sistema/detalhe-imovel.asp?hdnimovel=8787714710052,Caixa,Imóvel
1555531564635,RS,CANOAS,NOSSA SENHORA DAS GRACAS,"RUA DA FIGUEIRA, N. 76, LT 30 QD C","763.704,50","695.000,00",0.00,Não,"Comercial, 294.80 de área total, 294.80 de área privativa, 370.00 de área do terreno, 2 lavabo(s), 2 vaga(s) de garagem.",Leilão SFI - Edital Único,https://venda-imoveis.caixa.gov.br/sistema/detalhe-imovel.asp?hdnimovel=1555531564635,Caixa,Imóvel
8444437103910,RS,CANOAS,MATO GRANDE,"RUA ALAMEDA DAS CORTICEIRAS, N. 170, Apto 521, BL F","167.636,41","150.000,00",0.00,Não,"Apartamento, 42.96 de área total, 38.40 de área privativa, 0.00 de área do terreno,  2 qto(s), WC, 1 sala(s), cozinha.",Leilão SFI - Edital Único,https://venda-imoveis.caixa.gov.br/sistema/detalhe-imovel.asp?hdnimovel=8444437103910,Caixa,Imóvel
8787717068017,RS,CANOAS,FATIMA,"RUA CAIRU, N. 1705, Apto 502, BL 06 PAV 05","181.000,00","154.000,00",0.00,Não,"Apartamento, 65.30 de área total, 41.19 de área privativa, 0.00 de área do terreno,  2 qto(s), WC, 1 sala(s), cozinha.",Leilão SFI - Edital Único,https://venda-imoveis.caixa.gov.br/sistema/detalhe-imovel.asp?hdnimovel=8787717068017,Caixa,Imóvel
8787702123947,RS,CANOAS,SAO JOSE,"RUA GUARUJA, N. 200, Apto 404,","190.000,00","160.000,00",0.00,Não,"Apartamento, 78.26 de área total, 41.59 de área privativa, 0.00 de área do terreno,  2 qto(s), WC, 1 sala(s), cozinha, 1 vaga(s) de garagem.",Leilão SFI - Edital Único,https://venda-imoveis.caixa.gov.br/sistema/detalhe-imovel.asp?hdnimovel=8787702123947,Caixa,Imóvel
1444419994974,RS,ELDORADO DO SUL,LOT RURAL ELDORADO,"ESTRADA 12, N. SN, LT 205 QD 11","66.129,09","110.873,76",40.36,Não,"Terreno, 0.00 de área total, 0.00 de área privativa, 2424.00 de área do terreno.",Venda Direta Online,https://venda-imoveis.caixa.gov.br/sistema/detalhe-imovel.asp?hdnimovel=1444419994974,Caixa,Imóvel
1444421130965,RS,ELDORADO DO SUL,LOT RURAL ELDORADO,"ESTRADA 1, N. 01, LT 90 QD 11","60.527,27","101.481,60",40.36,Não,"Terreno, 0.00 de área total, 0.00 de área privativa, 2112.00 de área do terreno.",Venda Direta Online,https://venda-imoveis.caixa.gov.br/sistema/detalhe-imovel.asp?hdnimovel=1444421130965,Caixa,Imóvel
8555509166809,RS,ESTEIO,CENTRO,"RUA RIO GRANDE, N. 2195, Apto 346, BL L","83.876,75","167.000,00",49.78,Sim,"Apartamento, 49.38 de área total, 39.05 de área privativa, 0.00 de área do terreno,  2 qto(s), WC, 1 sala(s), cozinha, 1 vaga(s) de garagem.",Venda Direta Online,https://venda-imoveis.caixa.gov.br/sistema/detalhe-imovel.asp?hdnimovel=8555509166809,Caixa,Imóvel
10147091,RS,ESTEIO,NOVO ESTEIO,"RUA ARISTIDES RODRIGUES FERREIRA, N. 207","396.843,83","770.000,00",48.47,Não,"Casa, 0.00 de área total, 249.14 de área privativa, 0.00 de área do terreno,  3 qto(s), a.serv, WC, WC Emp, 1 sala(s), 1 lavabo(s), cozinha, 1 vaga(s) de garagem.",Venda Direta Online,https://venda-imoveis.caixa.gov.br/sistema/detalhe-imovel.asp?hdnimovel=10147091,Caixa,Imóvel
8444429335580,RS,ESTEIO,SAO JOSE,"RUA SAO BORJA, N. 347, Apto 301, BL B","65.921,81","115.000,00",42.68,Sim,"Apartamento, 50.79 de área total, 44.00 de área privativa, 0.00 de área do terreno,  2 qto(s), WC, 1 sala(s), cozinha.",Venda Direta Online,https://venda-imoveis.caixa.gov.br/sistema/detalhe-imovel.asp?hdnimovel=8444429335580,Caixa,Imóvel
8444420587161,RS,ESTEIO,PARQUE PRIMAVERA,"ESTRADA PASSO DO NAZARIO, N. 16,","104.889,24","177.000,00",40.75,Não,"Terreno, 0.00 de área total, 0.00 de área privativa, 174.48 de área do terreno.",Venda Direta Online,https://venda-imoveis.caixa.gov.br/sistema/detalhe-imovel.asp?hdnimovel=8444420587161,Caixa,Imóvel
1555534402415,RS,ESTEIO,CENTRO,"AVENIDA PRESIDENTE VARGAS, N. 3080, Apto 101, BL A","144.767,36","230.000,00",37.06,Não,"Apartamento, 64.11 de área total, 53.12 de área privativa, 0.00 de área do terreno,  2 qto(s), a.serv, WC, 1 sala(s), cozinha, 1 vaga(s) de garagem.",Licitação Aberta,https://venda-imoveis.caixa.gov.br/sistema/detalhe-imovel.asp?hdnimovel=1555534402415,Caixa,Imóvel
8787711854924,RS,ESTEIO,TRES MARIAS,"RUA CANARIO, N. SN, LT 17, QD 17","139.871,13","134.000,00",0.00,Não,"Casa, 30.80 de área total, 30.80 de área privativa, 110.00 de área do terreno,  1 qto(s), a.serv, WC, 1 sala(s), 1 lavabo(s), cozinha.",Leilão SFI - Edital Único,https://venda-imoveis.caixa.gov.br/sistema/detalhe-imovel.asp?hdnimovel=8787711854924,Caixa,Imóvel
1444404302362,RS,GRAVATAI,PORTEIRA DO IPIRANGA (IPIRANGA),"RUA 09, N. S/N, QD C, LT 23","134.923,00","345.940,00",61.00,Sim,"Terreno, 0.00 de área total, 0.00 de área privativa, 1080.27 de área do terreno.",Venda Direta Online,https://venda-imoveis.caixa.gov.br/sistema/detalhe-imovel.asp?hdnimovel=1444404302362,Caixa,Imóvel
10145865,RS,GRAVATAI,NEOPOLIS,"RUA SERGIPE, N. S/N, Apto L), QD XXV, LT 722","128.817,54","272.000,00",52.65,Não,"Terreno, 0.00 de área total, 0.00 de área privativa, 550.00 de área do terreno.",Venda Direta Online,https://venda-imoveis.caixa.gov.br/sistema/detalhe-imovel.asp?hdnimovel=10145865,Caixa,Imóvel
10145864,RS,GRAVATAI,NEOPOLIS,"RUA SERGIPE, N. 338","285.827,85","570.000,00",49.86,Não,"Galpão, 0.00 de área total, 399.63 de área privativa, 520.00 de área do terreno.",Venda Direta Online,https://venda-imoveis.caixa.gov.br/sistema/detalhe-imovel.asp?hdnimovel=10145864,Caixa,Imóvel
8444416971521,RS,GRAVATAI,JARDIM DO CEDRO,"RUA GUIA LOPES, N. 350, CSA 04 QD E LT 11","63.341,44","122.000,00",48.09,Não,"Casa, 67.28 de área total, 60.50 de área privativa, 300.00 de área do terreno,  1 qto(s), WC, 1 sala(s), cozinha, 1 vaga(s) de garagem.",Venda Direta Online,https://venda-imoveis.caixa.gov.br/sistema/detalhe-imovel.asp?hdnimovel=8444416971521,Caixa,Imóvel
8787700797304,RS,GRAVATAI,PASSO DAS PEDRAS,"RUA JOAO MARIA DA FONSECA, N. 185, Apto 104, BLOCO  VG 212","122.828,28","236.000,00",47.96,Sim,"Apartamento, 82.41 de área total, 41.14 de área privativa, 0.00 de área do terreno,  2 qto(s), a.serv, WC, 1 sala(s), cozinha, 1 vaga(s) de garagem.",Venda Direta Online,https://venda-imoveis.caixa.gov.br/sistema/detalhe-imovel.asp?hdnimovel=8787700797304,Caixa,Imóvel
8444427528276,RS,GRAVATAI,NOSSA CHACARA,"RUA CLEMENTINA CAMBRUZI, N. 194, CASA04, VAGA 04","94.281,79","172.000,00",45.19,Não,"Casa, 69.33 de área total, 41.43 de área privativa, 56.23 de área do terreno,  2 qto(s), WC, 1 sala(s), cozinha, 1 vaga(s) de garagem.",Venda Online,https://venda-imoveis.caixa.gov.br/sistema/detalhe-imovel.asp?hdnimovel=8444427528276,Caixa,Imóvel
1444405837740,RS,GRAVATAI,COHAB B,"RUA LEOPOLDO BIER, N. 245, LT 17 QD D10","188.492,00","343.000,00",45.05,Não,"Casa, 130.00 de área total, 36.30 de área privativa, 282.02 de área do terreno,  2 qto(s), a.serv, WC, 1 sala(s), cozinha, 1 vaga(s) de garagem.",Venda Direta Online,https://venda-imoveis.caixa.gov.br/sistema/detalhe-imovel.asp?hdnimovel=1444405837740,Caixa,Imóvel
8444421077850,RS,GRAVATAI,MORADA GAUCHA,"RUA CONDOR, N. 91, CS 02","131.889,44","240.000,00",45.05,Não,"Casa, 84.60 de área total, 84.60 de área privativa, 150.00 de área do terreno,  2 qto(s), a.serv, WC, 1 sala(s), cozinha.",Venda Direta Online,https://venda-imoveis.caixa.gov.br/sistema/detalhe-imovel.asp?hdnimovel=8444421077850,Caixa,Imóvel
8444434632156,RS,GRAVATAI,PARQUE OLINDA,"RUA CONGO, N. 111, Apto 104, BL 03","65.348,57","114.000,00",42.68,Não,"Apartamento, 50.55 de área total, 38.43 de área privativa, 0.00 de área do terreno,  2 qto(s), WC, 1 sala(s), cozinha.",Licitação Aberta,https://venda-imoveis.caixa.gov.br/sistema/detalhe-imovel.asp?hdnimovel=8444434632156,Caixa,Imóvel
8444409035794,RS,GRAVATAI,VILA IMPERIAL (BARRO VERMELHO),"RUA FREDERICO RITTER, N. 116, CS 02","120.580,49","210.000,00",42.59,Não,"Casa, 55.00 de área total, 55.00 de área privativa, 187.89 de área do terreno,  2 qto(s), WC, 1 sala(s), cozinha, 2 vaga(s) de garagem.",Venda Online,https://venda-imoveis.caixa.gov.br/sistema/detalhe-imovel.asp?hdnimovel=8444409035794,Caixa,Imóvel
8444416713107,RS,GRAVATAI,NOVO MUNDO,"RUA TIBURCIO OLIVEIRA, N. 386, CS 04 LT 18 QD 14","93.037,35","157.000,00",40.75,Não,"Casa, 51.26 de área total, 51.26 de área privativa, 93.20 de área do terreno,  2 qto(s), a.serv, WC, 1 sala(s), cozinha.",Venda Direta Online,https://venda-imoveis.caixa.gov.br/sistema/detalhe-imovel.asp?hdnimovel=8444416713107,Caixa,Imóvel
8444434438171,RS,GRAVATAI,DONA MERCEDES,"RUA PLANALTO, N. 251, Apto 309, BL D 02 ANDAR","95.466,99","161.100,00",40.75,Não,"Apartamento, 44.70 de área total, 38.84 de área privativa, 0.00 de área do terreno,  2 qto(s), WC, 1 sala(s), cozinha.",Venda Direta Online,https://venda-imoveis.caixa.gov.br/sistema/detalhe-imovel.asp?hdnimovel=8444434438171,Caixa,Imóvel
8444429647140,RS,GRAVATAI,MORADA GAUCHA,"ESTRADA DA CAVALHADA, N. 2651, Apto 210, BL 37,","105.481,84","178.000,00",40.75,Não,"Apartamento, 52.39 de área total, 47.13 de área privativa, 0.00 de área do terreno,  2 qto(s), a.serv, WC, 1 sala(s), cozinha.",Licitação Aberta,https://venda-imoveis.caixa.gov.br/sistema/detalhe-imovel.asp?hdnimovel=8444429647140,Caixa,Imóvel
8444410382591,RS,GRAVATAI,AGUAS MORTAS,"RUA FLOR DO CAMPO, N. 52, CS 02 LT 03 QD J","94.815,14","160.000,00",40.75,Não,"Casa, 127.00 de área total, 47.00 de área privativa, 47.00 de área do terreno,  2 qto(s), a.serv, WC, 1 sala(s), cozinha.",Venda Online,https://venda-imoveis.caixa.gov.br/sistema/detalhe-imovel.asp?hdnimovel=8444410382591,Caixa,Imóvel
8555518910140,RS,GRAVATAI,NOVO MUNDO,"RUA NUTRELLA, N. 450, LT 02, QD 04, CS 08","122.091,53","202.000,00",39.56,Não,"Casa, 55.60 de área total, 53.30 de área privativa, 94.43 de área do terreno,  2 qto(s), a.serv, WC, 1 sala(s), cozinha.",Licitação Aberta,https://venda-imoveis.caixa.gov.br/sistema/detalhe-imovel.asp?hdnimovel=8555518910140,Caixa,Imóvel
8787722454540,RS,GRAVATAI,NATAL,"RUA FOGACA DA CRUZ, N. 632, Apto 204, BL 01 VG 09","129.948,90","215.000,00",39.56,Não,"Apartamento, 78.76 de área total, 42.15 de área privativa, 0.00 de área do terreno,  2 qto(s), WC, 1 sala(s), cozinha, 1 vaga(s) de garagem.",Licitação Aberta,https://venda-imoveis.caixa.gov.br/sistema/detalhe-imovel.asp?hdnimovel=8787722454540,Caixa,Imóvel
8444427180415,RS,GRAVATAI,PARQUE DOS EUCALIPTOS,"RUA SALDANHA, N. 24, CS 02","132.970,97","220.000,00",39.56,Sim,"Casa, 40.25 de área total, 40.25 de área privativa, 68.50 de área do terreno,  1 qto(s), WC, 1 sala(s), cozinha, 1 vaga(s) de garagem.",Venda Direta Online,https://venda-imoveis.caixa.gov.br/sistema/detalhe-imovel.asp?hdnimovel=8444427180415,Caixa,Imóvel
1444420807120,RS,GRAVATAI,SITIO GAUCHO,"ESTRADA A, N. SN, CHÁCARAS 08 E 09, QD H","92.791,87","152.000,00",38.96,Não,"Terreno, 0.00 de área total, 0.00 de área privativa, 300.00 de área do terreno.",Licitação Aberta,https://venda-imoveis.caixa.gov.br/sistema/detalhe-imovel.asp?hdnimovel=1444420807120,Caixa,Imóvel
8787708219237,RS,GRAVATAI,JANSEN,"RUA TANCREDO NEVES, N. 600, Apto 304, BL 12","145.667,24","237.900,00",38.77,Sim,"Apartamento, 73.43 de área total, 38.40 de área privativa, 0.00 de área do terreno,  2 qto(s), WC, 1 sala(s), cozinha, 1 vaga(s) de garagem.",Venda Direta Online,https://venda-imoveis.caixa.gov.br/sistema/detalhe-imovel.asp?hdnimovel=8787708219237,Caixa,Imóvel
1444418256899,RS,GRAVATAI,MORADA DO VALE III,"RUA ALVARENGA, N. 13, LT 24 QD 06","477.348,41","749.000,00",36.27,Sim,"Casa, 321.01 de área total, 321.01 de área privativa, 180.00 de área do terreno,  3 qto(s), a.serv, WC, 2 sala(s), 1 lavabo(s), cozinha.",Venda Direta Online,https://venda-imoveis.caixa.gov.br/sistema/detalhe-imovel.asp?hdnimovel=1444418256899,Caixa,Imóvel
1444419281129,RS,GRAVATAI,VERA CRUZ,"AVENIDA DOS ESTADOS, N. 813, Apto 301,","284.879,49","447.000,00",36.27,Sim,"Apartamento, 0.00 de área total, 106.00 de área privativa, 0.00 de área do terreno.",Licitação Aberta,https://venda-imoveis.caixa.gov.br/sistema/detalhe-imovel.asp?hdnimovel=1444419281129,Caixa,Imóvel
8444415643210,RS,GRAVATAI,MORADA DO VALE I,"TRAVESSA 3D, N. SN, LT 8 QD 3C","165.701,72","260.000,00",36.27,Sim,"Terreno, 100.00 de área total, 0.00 de área privativa, 250.00 de área do terreno.",Venda Online,https://venda-imoveis.caixa.gov.br/sistema/detalhe-imovel.asp?hdnimovel=8444415643210,Caixa,Imóvel
1444418168698,RS,GRAVATAI,DOM FELICIANO,"RUA E, N. SN, LT 07 QD G","323.755,66","508.000,00",36.27,Não,"Casa, 180.13 de área total, 180.13 de área privativa, 293.25 de área do terreno,  2 qto(s), a.serv, WC, WC Emp, 1 sala(s), 1 lavabo(s), cozinha.",Licitação Aberta,https://venda-imoveis.caixa.gov.br/sistema/detalhe-imovel.asp?hdnimovel=1444418168698,Caixa,Imóvel
8444431770060,RS,GRAVATAI,GRAVATAI,"RUA CELSO FURTADO, N. 286,","255.000,00","255.000,00",0.00,Não,"Casa, 57.50 de área total, 57.50 de área privativa, 135.00 de área do terreno,  2 qto(s), WC, 1 sala(s), cozinha.",Leilão SFI - Edital Único,https://venda-imoveis.caixa.gov.br/sistema/detalhe-imovel.asp?hdnimovel=8444431770060,Caixa,Imóvel
8787709843554,RS,GRAVATAI,SAO LUIZ,"RUA NOVE DE JULHO, N. 412, Apto 102, BL 10 VG 177","177.000,00","177.000,00",0.00,Não,"Apartamento, 82.51 de área total, 39.63 de área privativa, 0.00 de área do terreno,  2 qto(s), a.serv, WC, 1 sala(s), cozinha, 1 vaga(s) de garagem.",Leilão SFI - Edital Único,https://venda-imoveis.caixa.gov.br/sistema/detalhe-imovel.asp?hdnimovel=8787709843554,Caixa,Imóvel
8444407689711,RS,GRAVATAI,LOTEAMENTO VILA RICA,"RUA MORRO AZUL, N. 1540, CASA 128 QD E","255.000,00","255.000,00",0.00,Não,"Casa, 135.36 de área total, 81.62 de área privativa, 67.50 de área do terreno,  2 qto(s), a.serv, WC, 1 sala(s), cozinha.",Leilão SFI - Edital Único,https://venda-imoveis.caixa.gov.br/sistema/detalhe-imovel.asp?hdnimovel=8444407689711,Caixa,Imóvel
8444431932698,RS,GRAVATAI,MATO ALTO,"RUA FLORIANOPOLIS, N. 370, CS 1","233.000,00","233.000,00",0.00,Não,"Casa, 44.75 de área total, 44.75 de área privativa, 94.60 de área do terreno,  2 qto(s), a.serv, WC, 1 sala(s), cozinha, 1 vaga(s) de garagem.",Leilão SFI - Edital Único,https://venda-imoveis.caixa.gov.br/sistema/detalhe-imovel.asp?hdnimovel=8444431932698,Caixa,Imóvel
8444415849749,RS,GRAVATAI,DONA MERCEDES,"RUA PLANALTO, N. 251, Apto 103, BL B","165.000,00","165.000,00",0.00,Não,"Apartamento, 44.71 de área total, 38.84 de área privativa, 0.00 de área do terreno,  2 qto(s), WC, 1 sala(s), cozinha.",Leilão SFI - Edital Único,https://venda-imoveis.caixa.gov.br/sistema/detalhe-imovel.asp?hdnimovel=8444415849749,Caixa,Imóvel
8787705847458,RS,GRAVATAI,PARQUE DA MATRIZ,"RUA CONCORDIA, N. 1390, Apto 202,  BLOCO 16","169.500,00","169.500,00",0.00,Não,"Apartamento, 86.08 de área total, 41.19 de área privativa, 0.00 de área do terreno,  2 qto(s), WC, 1 sala(s), cozinha, 1 vaga(s) de garagem.",Leilão SFI - Edital Único,https://venda-imoveis.caixa.gov.br/sistema/detalhe-imovel.asp?hdnimovel=8787705847458,Caixa,Imóvel
8787719539106,RS,GRAVATAI,SANTA CRUZ,"AVENIDA DO ARVOREDO, N. 51, Apto 53, BL.C VG.N°130","252.378,27","251.000,00",0.00,Não,"Apartamento, 76.78 de área total, 51.07 de área privativa, 0.00 de área do terreno,  2 qto(s), a.serv, WC, 1 sala(s), cozinha, 1 vaga(s) de garagem.",Leilão SFI - Edital Único,https://venda-imoveis.caixa.gov.br/sistema/detalhe-imovel.asp?hdnimovel=8787719539106,Caixa,Imóvel
8444431539538,RS,GRAVATAI,MORADAS DO SOBRADO,"RUA JOSE ZANCHETTA, N. 321, LT 43 QD O","341.353,06","339.000,00",0.00,Não,"Casa, 86.00 de área total, 86.00 de área privativa, 125.00 de área do terreno,  2 qto(s), a.serv, WC, 1 sala(s), cozinha, 1 vaga(s) de garagem.",Leilão SFI - Edital Único,https://venda-imoveis.caixa.gov.br/sistema/detalhe-imovel.asp?hdnimovel=8444431539538,Caixa,Imóvel
8787700231980,RS,GRAVATAI,SANTA CRUZ,"AVENIDA ITACOLOMI, N. 4627, Apto 206, BL 02","185.000,00","180.000,00",0.00,Não,"Apartamento, 62.77 de área total, 57.23 de área privativa, 0.00 de área do terreno,  2 qto(s), a.serv, WC, 1 sala(s), cozinha, 1 vaga(s) de garagem.",Leilão SFI - Edital Único,https://venda-imoveis.caixa.gov.br/sistema/detalhe-imovel.asp?hdnimovel=8787700231980,Caixa,Imóvel
8555527803793,RS,GRAVATAI,ORICO,"RUA LINO ESTACIO DOS SANTOS, N. 1535, CASA 97 E BOX ESTACIONAMENTO 77","225.000,00","218.000,00",0.00,Não,"Casa, 0.00 de área total, 44.41 de área privativa, 80.96 de área do terreno,  2 qto(s), varanda, a.serv, WC, 2 sala(s), cozinha, 1 vaga(s) de garagem.",Leilão SFI - Edital Único,https://venda-imoveis.caixa.gov.br/sistema/detalhe-imovel.asp?hdnimovel=8555527803793,Caixa,Imóvel
8444420865382,RS,GRAVATAI,PARQUE IPIRANGA,"AVENIDA ESTRELA, N. 359, LT 05 QD O CS 01","160.302,38","155.000,00",0.00,Não,"Casa, 36.87 de área total, 36.87 de área privativa, 59.85 de área do terreno, 1 vaga(s) de garagem.",Leilão SFI - Edital Único,https://venda-imoveis.caixa.gov.br/sistema/detalhe-imovel.asp?hdnimovel=8444420865382,Caixa,Imóvel
8787724992913,RS,GRAVATAI,NATAL,"RUA FOGACA DA CRUZ, N. 632, Apto 203, BL 06","237.348,48","225.000,00",0.00,Não,"Apartamento, 73.38 de área total, 38.40 de área privativa, 0.00 de área do terreno, 1 vaga(s) de garagem.",Leilão SFI - Edital Único,https://venda-imoveis.caixa.gov.br/sistema/detalhe-imovel.asp?hdnimovel=8787724992913,Caixa,Imóvel
8787700375370,RS,GRAVATAI,PASSO DAS PEDRAS,"RUA ERNESTO GOMES, N. 715, Apto 104, BL 09 TERREO PAV 01 VG 149","210.000,00","195.000,00",0.00,Não,"Apartamento, 91.36 de área total, 44.07 de área privativa, 0.00 de área do terreno,  2 qto(s), WC, 1 sala(s), cozinha, 1 vaga(s) de garagem.",Leilão SFI - Edital Único,https://venda-imoveis.caixa.gov.br/sistema/detalhe-imovel.asp?hdnimovel=8787700375370,Caixa,Imóvel
8444407450808,RS,GRAVATAI,MORADA DO VALE II,"RUA GENERAL VITORINO, N. 231, LT 21 QD 37","288.311,00","265.000,00",0.00,Não,"Casa, 129.07 de área total, 129.07 de área privativa, 200.00 de área do terreno,  2 qto(s).",Leilão SFI - Edital Único,https://venda-imoveis.caixa.gov.br/sistema/detalhe-imovel.asp?hdnimovel=8444407450808,Caixa,Imóvel
8787720359140,RS,GRAVATAI,NATAL,"RUA FOGACA DA CRUZ, N. 632, Apto 504, VG.Nº85 RUA F","244.135,70","223.000,00",0.00,Não,"Apartamento, 78.76 de área total, 42.15 de área privativa, 0.00 de área do terreno,  2 qto(s), a.serv, WC, 1 sala(s), cozinha, 1 vaga(s) de garagem.",Leilão SFI - Edital Único,https://venda-imoveis.caixa.gov.br/sistema/detalhe-imovel.asp?hdnimovel=8787720359140,Caixa,Imóvel
8444422957780,RS,GRAVATAI,PARQUE ITACOLOMI,"RUA CARLOS NEJAR, N. 362, CASA 03","170.000,00","154.000,00",0.00,Não,"Casa, 54.93 de área total, 54.93 de área privativa, 100.00 de área do terreno,  2 qto(s), a.serv, WC, 1 sala(s), cozinha, 1 vaga(s) de garagem.",Leilão SFI - Edital Único,https://venda-imoveis.caixa.gov.br/sistema/detalhe-imovel.asp?hdnimovel=8444422957780,Caixa,Imóvel
8444400149576,RS,GRAVATAI,VERA CRUZ,"ACESSO A, N. 647, Apto 101, TERREO PAV 01 LT 04 QD 10","238.194,36","215.000,00",0.00,Não,"Apartamento, 94.91 de área total, 93.91 de área privativa, 0.00 de área do terreno,  2 qto(s), WC, 1 sala(s), cozinha, 1 vaga(s) de garagem.",Leilão SFI - Edital Único,https://venda-imoveis.caixa.gov.br/sistema/detalhe-imovel.asp?hdnimovel=8444400149576,Caixa,Imóvel
1444420852630,RS,GRAVATAI,PARQUE IPIRANGA,"RUA JANETE CLAIR, N. 610,  ANTIGA RUA B  LT 13 QD 04","848.000,00","745.000,00",0.00,Não,"Casa, 197.30 de área total, 197.30 de área privativa, 307.80 de área do terreno.",Leilão SFI - Edital Único,https://venda-imoveis.caixa.gov.br/sistema/detalhe-imovel.asp?hdnimovel=1444420852630,Caixa,Imóvel
8444416065075,RS,GRAVATAI,MORADA GAUCHA,"RUA CORONEL FEIJÓ, N. 21, CS 02, LT 42 E 43, QD B","180.000,00","156.998,12",0.00,Não,"Casa, 0.00 de área total, 39.01 de área privativa, 97.11 de área do terreno,  2 qto(s), WC, 1 sala(s), cozinha.",Leilão SFI - Edital Único,https://venda-imoveis.caixa.gov.br/sistema/detalhe-imovel.asp?hdnimovel=8444416065075,Caixa,Imóvel
8444405267950,RS,GRAVATAI,SALGADO FILHO,"RUA PREFEITO ALCIDES ROSA, N. 75, Apto 403, BL 01","180.000,00","156.000,00",0.00,Não,"Apartamento, 45.52 de área total, 39.53 de área privativa, 0.00 de área do terreno,  2 qto(s), a.serv, WC, 1 sala(s), cozinha.",Leilão SFI - Edital Único,https://venda-imoveis.caixa.gov.br/sistema/detalhe-imovel.asp?hdnimovel=8444405267950,Caixa,Imóvel
1043121002348,RS,GRAVATAI,MONTE BELO,"RUA COELHO DE SOUZA, N. 358,","361.358,00","311.000,00",0.00,Não,"Casa, 85.06 de área total, 70.06 de área privativa, 300.00 de área do terreno,  3 qto(s), a.serv, WC, 1 sala(s), cozinha, 1 vaga(s) de garagem.",Leilão SFI - Edital Único,https://venda-imoveis.caixa.gov.br/sistema/detalhe-imovel.asp?hdnimovel=1043121002348,Caixa,Imóvel
8787720711162,RS,GRAVATAI,DONA MERCEDES,"AVENIDA ELY CORREA, N. 1960, Apto 304, BLOCO 12 VAGA 113","230.000,00","164.510,60",0.00,Não,"Apartamento, 61.12 de área total, 38.40 de área privativa, 0.00 de área do terreno,  2 qto(s), WC, 1 sala(s), cozinha, 1 vaga(s) de garagem.",Leilão SFI - Edital Único,https://venda-imoveis.caixa.gov.br/sistema/detalhe-imovel.asp?hdnimovel=8787720711162,Caixa,Imóvel
8444415194700,RS,GRAVATAI,VILA IMPERIAL (BARRO VERMELHO),"RUA PEDRO PAULO DA SILVA, N. 157, CS 02, LT 09, QD M, VAGA N 02","210.429,00","135.000,00",0.00,Não,"Casa, 42.42 de área total, 42.42 de área privativa, 51.51 de área do terreno, 1 vaga(s) de garagem.",Leilão SFI - Edital Único,https://venda-imoveis.caixa.gov.br/sistema/detalhe-imovel.asp?hdnimovel=8444415194700,Caixa,Imóvel
1444422371672,RS,GUAIBA,CORONEL NASSUCA,"RUA DOS PARDAIS, N. 151, CS 110 LT 40 QD B","509.532,78","820.000,00",37.87,Não,"Casa, 235.60 de área total, 235.60 de área privativa, 250.00 de área do terreno,  3 qto(s), a.serv, WC, 2 sala(s), 1 lavabo(s), cozinha.",Venda Direta Online,https://venda-imoveis.caixa.gov.br/sistema/detalhe-imovel.asp?hdnimovel=1444422371672,Caixa,Imóvel
1600000085255,RS,GUAIBA,CENTRO,"RUA CORONEL MARCOS DE ANDRADE, N. 10,","924.105,74","1.450.000,00",36.27,Não,"Casa, 542.50 de área total, 350.00 de área privativa, 871.00 de área do terreno.",Venda Direta Online,https://venda-imoveis.caixa.gov.br/sistema/detalhe-imovel.asp?hdnimovel=1600000085255,Caixa,Imóvel
8444416317945,RS,GUAIBA,PEDRAS BRANCAS,"ESTRADA DR. JOSÉ CARLOS FERREIRA, N. 1355, CASA 06 LOTE 06, QUADRA 67, BOX Nº 06","170.000,00","170.000,00",0.00,Não,"Casa, 82.73 de área total, 44.27 de área privativa, 44.27 de área do terreno,  2 qto(s), WC, 1 sala(s), cozinha, 1 vaga(s) de garagem.",Leilão SFI - Edital Único,https://venda-imoveis.caixa.gov.br/sistema/detalhe-imovel.asp?hdnimovel=8444416317945,Caixa,Imóvel
1444419602871,RS,GUAIBA,ALTOS DA ALEGRIA,"RUA JACARANDA, N. SN, LT 65A, QD C,","334.079,75","332.000,00",0.00,Não,"Terreno, 0.00 de área total, 0.00 de área privativa, 984.81 de área do terreno.",Leilão SFI - Edital Único,https://venda-imoveis.caixa.gov.br/sistema/detalhe-imovel.asp?hdnimovel=1444419602871,Caixa,Imóvel
8787719261060,RS,GUAIBA,ALTOS DA ALEGRIA,"RUA D, N. 214, CS 66 LT 03 QD 18","198.015,16","187.000,00",0.00,Não,"Casa, 40.15 de área total, 40.15 de área privativa, 110.00 de área do terreno,  2 qto(s), WC, 1 sala(s), cozinha, 1 vaga(s) de garagem.",Leilão SFI - Edital Único,https://venda-imoveis.caixa.gov.br/sistema/detalhe-imovel.asp?hdnimovel=8787719261060,Caixa,Imóvel
1444417585201,RS,NOVA ALVORADA,CENTRO,"RUA 32 SANTO SALLA, N. 699, LT 08 QD 24","497.105,15","780.000,00",36.27,Sim,"Casa, 160.60 de área total, 160.60 de área privativa, 399.99 de área do terreno,  3 qto(s), a.serv, WC, 1 sala(s), cozinha.",Licitação Aberta,https://venda-imoveis.caixa.gov.br/sistema/detalhe-imovel.asp?hdnimovel=1444417585201,Caixa,Imóvel
8444428322450,RS,NOVO HAMBURGO,BOA SAUDE,"RUA DAS ARAUCARIAS, N. SN, LT 12 QD T LOT PQ RES NOVO HAMBURGO","52.456,91","108.000,00",51.43,Não,"Terreno, 0.00 de área total, 0.00 de área privativa, 130.00 de área do terreno.",Venda Direta Online,https://venda-imoveis.caixa.gov.br/sistema/detalhe-imovel.asp?hdnimovel=8444428322450,Caixa,Imóvel
10141386,RS,NOVO HAMBURGO,GUARANI,"AVENIDA NICOLAU BECKER, N. S/N, QD V LT 10 - ESQ. RUA IRMA MAERIA CLEO","126.592,91","258.000,00",50.94,Não,"Terreno, 0.00 de área total, 0.00 de área privativa, 467.53 de área do terreno.",Venda Direta Online,https://venda-imoveis.caixa.gov.br/sistema/detalhe-imovel.asp?hdnimovel=10141386,Caixa,Imóvel
8787707172822,RS,NOVO HAMBURGO,DIEHL,"RUA ARTHUR MOMBERGER, N. 1050, Apto 44, BL I VAGA 69","100.663,96","205.000,00",50.90,Sim,"Apartamento, 0.00 de área total, 45.64 de área privativa, 0.00 de área do terreno, 1 vaga(s) de garagem.",Venda Direta Online,https://venda-imoveis.caixa.gov.br/sistema/detalhe-imovel.asp?hdnimovel=8787707172822,Caixa,Imóvel
8444426692404,RS,NOVO HAMBURGO,ALPES DO VALE,"RUA PROJETADA 01, N. SN, LT 04 LOT COOPUNESP","44.576,67","88.000,00",49.35,Não,"Terreno, 0.00 de área total, 0.00 de área privativa, 141.50 de área do terreno.",Venda Direta Online,https://venda-imoveis.caixa.gov.br/sistema/detalhe-imovel.asp?hdnimovel=8444426692404,Caixa,Imóvel
8787700964847,RS,NOVO HAMBURGO,BOA SAUDE,"RUA DAS QUARESMEIRAS, N. 479, LT 19, QD U","56.922,30","110.000,00",48.26,Não,"Casa, 0.00 de área total, 45.00 de área privativa, 130.00 de área do terreno.",Venda Direta Online,https://venda-imoveis.caixa.gov.br/sistema/detalhe-imovel.asp?hdnimovel=8787700964847,Caixa,Imóvel
8444426624549,RS,NOVO HAMBURGO,ALPES DO VALE,"RUA PROJETADA 01, N. SN, LT 02","46.371,31","89.000,00",47.90,Não,"Terreno, 0.00 de área total, 0.00 de área privativa, 125.02 de área do terreno.",Venda Direta Online,https://venda-imoveis.caixa.gov.br/sistema/detalhe-imovel.asp?hdnimovel=8444426624549,Caixa,Imóvel
10214863,RS,NOVO HAMBURGO,IDEAL,"AVENIDA CORONEL FREDERICO LINCK, N. 454, QD 20, LTS 1 E 2","847.206,52","1.500.000,00",43.52,Não,"Prédio, 0.00 de área total, 454.28 de área privativa, 307.50 de área do terreno.",Venda Direta Online,https://venda-imoveis.caixa.gov.br/sistema/detalhe-imovel.asp?hdnimovel=10214863,Caixa,Imóvel
8444409227308,RS,NOVO HAMBURGO,CANUDOS,"RUA URUGUAI, N. 388, Apto 334, BL 09 3º PAVIMENTO","93.119,30","163.000,00",42.88,Sim,"Apartamento, 66.15 de área total, 38.41 de área privativa, 0.00 de área do terreno,  2 qto(s), WC, 1 sala(s), cozinha.",Venda Direta Online,https://venda-imoveis.caixa.gov.br/sistema/detalhe-imovel.asp?hdnimovel=8444409227308,Caixa,Imóvel
8444429217669,RS,NOVO HAMBURGO,BOA SAUDE,"RUA MILTON JOAO HEINLE, N. SN, LT 37 QD S","49.208,01","85.000,00",42.11,Não,"Terreno, 0.00 de área total, 0.00 de área privativa, 130.00 de área do terreno.",Venda Direta Online,https://venda-imoveis.caixa.gov.br/sistema/detalhe-imovel.asp?hdnimovel=8444429217669,Caixa,Imóvel
8444436378672,RS,NOVO HAMBURGO,BOA SAUDE,"RUA LAURO WEISSHEIMER, N. SN, LT 23 QD S","47.808,94","82.300,00",41.91,Não,"Terreno, 0.00 de área total, 0.00 de área privativa, 130.00 de área do terreno.",Venda Direta Online,https://venda-imoveis.caixa.gov.br/sistema/detalhe-imovel.asp?hdnimovel=8444436378672,Caixa,Imóvel
8444437429505,RS,NOVO HAMBURGO,CANUDOS,"RUA EVALDO LUIZ DE SOUZA, N. 10, Apto 54, BL M","89.575,84","153.000,00",41.46,Não,"Apartamento, 56.70 de área total, 45.64 de área privativa, 0.00 de área do terreno,  2 qto(s), a.serv, WC, 1 sala(s), cozinha.",Licitação Aberta,https://venda-imoveis.caixa.gov.br/sistema/detalhe-imovel.asp?hdnimovel=8444437429505,Caixa,Imóvel
8787709702497,RS,NOVO HAMBURGO,SANTO AFONSO,"RUA BOLESLAU CASEMIRO KONARZWSKI, N. 651, Apto 501, BL 18","97.185,51","164.000,00",40.75,Sim,"Apartamento, 51.39 de área total, 41.20 de área privativa, 0.00 de área do terreno,  2 qto(s), WC, 1 sala(s), cozinha.",Venda Direta Online,https://venda-imoveis.caixa.gov.br/sistema/detalhe-imovel.asp?hdnimovel=8787709702497,Caixa,Imóvel
8787711044213,RS,NOVO HAMBURGO,SANTO AFONSO,"RUA BOLESLAU CASEMIRO KONARZWSKI, N. 651, Apto 202, BL08","114.967,29","190.212,98",39.56,Sim,"Apartamento, 0.00 de área total, 41.20 de área privativa, 0.00 de área do terreno.",Venda Direta Online,https://venda-imoveis.caixa.gov.br/sistema/detalhe-imovel.asp?hdnimovel=8787711044213,Caixa,Imóvel
10221388,RS,NOVO HAMBURGO,RINCAO,"RUA JOÃO WERNO ERHART, N. 4889","1.695.256,03","2.800.000,00",39.46,Não,"Prédio, 0.00 de área total, 415.80 de área privativa, 436.70 de área do terreno.",Venda Direta Online,https://venda-imoveis.caixa.gov.br/sistema/detalhe-imovel.asp?hdnimovel=10221388,Caixa,Imóvel
7049000001130,RS,NOVO HAMBURGO,VILA NOVA,"RUA OSCAR EMILIO MULLER, N. 56, Apto 11","521.960,41","819.000,00",36.27,Sim,"Apartamento, 0.00 de área total, 153.19 de área privativa, 0.00 de área do terreno,  3 qto(s), a.serv, WC, 1 sala(s), cozinha, 3 vaga(s) de garagem.",Licitação Aberta,https://venda-imoveis.caixa.gov.br/sistema/detalhe-imovel.asp?hdnimovel=7049000001130,Caixa,Imóvel
8444417436549,RS,NOVO HAMBURGO,PRIMAVERA,"RUA INDEPENDENCIA, N. 423, CS 03","210.000,00","210.000,00",0.00,Não,"Casa, 83.27 de área total, 65.14 de área privativa, 83.27 de área do terreno,  2 qto(s), a.serv, WC, 1 sala(s), 1 lavabo(s), cozinha.",Leilão SFI - Edital Único,https://venda-imoveis.caixa.gov.br/sistema/detalhe-imovel.asp?hdnimovel=8444417436549,Caixa,Imóvel
8555533890503,RS,NOVO HAMBURGO,RONDONIA,"RUA JOAO PEDRO SCHIMITT, N. 977, Apto 42, BL MANTIQUEIRA VG 71","200.000,00","200.000,00",0.00,Não,"Apartamento, 0.00 de área total, 63.01 de área privativa, 0.00 de área do terreno,  2 qto(s), WC, 1 sala(s), cozinha, 1 vaga(s) de garagem.",Leilão SFI - Edital Único,https://venda-imoveis.caixa.gov.br/sistema/detalhe-imovel.asp?hdnimovel=8555533890503,Caixa,Imóvel
8787713769738,RS,NOVO HAMBURGO,RONDONIA,"RUA CARLOS LANZER, N. 127, Apto 24, BL A VG 10","305.000,00","305.000,00",0.00,Não,"Apartamento, 80.77 de área total, 56.48 de área privativa, 0.00 de área do terreno,  2 qto(s), WC, 1 sala(s), cozinha, 1 vaga(s) de garagem.",Leilão SFI - Edital Único,https://venda-imoveis.caixa.gov.br/sistema/detalhe-imovel.asp?hdnimovel=8787713769738,Caixa,Imóvel
8444412277582,RS,NOVO HAMBURGO,CANUDOS,"RUA URUGUAI, N. 388, Apto 313, BL 4,","140.000,00","140.000,00",0.00,Não,"Apartamento, 66.15 de área total, 38.41 de área privativa, 0.00 de área do terreno,  2 qto(s), WC.",Leilão SFI - Edital Único,https://venda-imoveis.caixa.gov.br/sistema/detalhe-imovel.asp?hdnimovel=8444412277582,Caixa,Imóvel
8444426746270,RS,NOVO HAMBURGO,CANUDOS,"RUA VALDOMIRO WILHELMS, N. 82, Apto 211, BL 2","158.000,00","158.000,00",0.00,Não,"Apartamento, 80.69 de área total, 38.97 de área privativa, 0.00 de área do terreno,  2 qto(s), WC, 1 sala(s), cozinha.",Leilão SFI - Edital Único,https://venda-imoveis.caixa.gov.br/sistema/detalhe-imovel.asp?hdnimovel=8444426746270,Caixa,Imóvel
8787709514984,RS,NOVO HAMBURGO,CANUDOS,"RUA MARIA OLINDA TELLES, N. 1222, Apto 103, BL 14 VG 151","195.000,00","195.000,00",0.00,Não,"Apartamento, 88.89 de área total, 50.72 de área privativa, 0.00 de área do terreno,  2 qto(s), WC, 1 sala(s), cozinha, 1 vaga(s) de garagem.",Leilão SFI - Edital Único,https://venda-imoveis.caixa.gov.br/sistema/detalhe-imovel.asp?hdnimovel=8787709514984,Caixa,Imóvel
8787711570020,RS,NOVO HAMBURGO,CANUDOS,"RUA MARIA OLINDA TELLES, N. 1222, Apto 204, BL 10 VG 188","205.000,00","205.000,00",0.00,Não,"Apartamento, 79.03 de área total, 40.82 de área privativa, 0.00 de área do terreno,  2 qto(s), WC, 1 sala(s), cozinha, 1 vaga(s) de garagem.",Leilão SFI - Edital Único,https://venda-imoveis.caixa.gov.br/sistema/detalhe-imovel.asp?hdnimovel=8787711570020,Caixa,Imóvel
8555535443490,RS,NOVO HAMBURGO,OPERARIO,"RUA GETULIO BORGES DA FONSECA, N. 250, Apto 205, BL I BOX 05","220.000,00","220.000,00",0.00,Não,"Apartamento, 74.80 de área total, 49.85 de área privativa, 0.00 de área do terreno,  2 qto(s), WC, 1 sala(s), cozinha, 1 vaga(s) de garagem.",Leilão SFI - Edital Único,https://venda-imoveis.caixa.gov.br/sistema/detalhe-imovel.asp?hdnimovel=8555535443490,Caixa,Imóvel
8787704007286,RS,NOVO HAMBURGO,OURO BRANCO,"RUA GUANABARA, N. 110, Apto 42, BL IPIRANGA VG 74","223.000,00","223.000,00",0.00,Não,"Apartamento, 71.42 de área total, 51.49 de área privativa, 0.00 de área do terreno,  2 qto(s), WC, 1 sala(s), cozinha, 1 vaga(s) de garagem.",Leilão SFI - Edital Único,https://venda-imoveis.caixa.gov.br/sistema/detalhe-imovel.asp?hdnimovel=8787704007286,Caixa,Imóvel
1444422967915,RS,NOVO HAMBURGO,SANTO AFONSO,"RUA VISCONDE DE ARAGUAIA, N. 108, LT.27 QD.2","940.000,00","850.000,00",0.00,Não,"Casa, 332.99 de área total, 332.99 de área privativa, 900.56 de área do terreno,  3 qto(s), a.serv, WC, 1 sala(s), cozinha, 2 vaga(s) de garagem.",Leilão SFI - Edital Único,https://venda-imoveis.caixa.gov.br/sistema/detalhe-imovel.asp?hdnimovel=1444422967915,Caixa,Imóvel
8787703837218,RS,NOVO HAMBURGO,RONDONIA,"RUA GUIA LOPES, N. 3070, Apto 303, BL.8 3°PAV. VG.N°124","190.000,00","170.000,00",0.00,Não,"Apartamento, 79.29 de área total, 39.62 de área privativa, 0.00 de área do terreno,  2 qto(s), WC, 1 sala(s), cozinha, 1 vaga(s) de garagem.",Leilão SFI - Edital Único,https://venda-imoveis.caixa.gov.br/sistema/detalhe-imovel.asp?hdnimovel=8787703837218,Caixa,Imóvel
8787703843447,RS,NOVO HAMBURGO,CANUDOS,"RUA OSWALDO ARTHUR HARTZ, N. 990, Apto 102, BLOCO 01, TÉRREO OU 1° PAVIMENTO","195.000,00","170.000,00",0.00,Não,"Apartamento, 63.68 de área total, 39.63 de área privativa, 0.00 de área do terreno,  2 qto(s), WC, 1 sala(s), cozinha, 1 vaga(s) de garagem.",Leilão SFI - Edital Único,https://venda-imoveis.caixa.gov.br/sistema/detalhe-imovel.asp?hdnimovel=8787703843447,Caixa,Imóvel
8787716309371,RS,NOVO HAMBURGO,RONDONIA,"RUA GUIA LOPES, N. 900, Apto 201, BL 03 VG 18","230.000,00","196.700,00",0.00,Não,"Apartamento, 60.17 de área total, 38.40 de área privativa, 0.00 de área do terreno,  2 qto(s), WC, 1 sala(s), cozinha, 1 vaga(s) de garagem.",Leilão SFI - Edital Único,https://venda-imoveis.caixa.gov.br/sistema/detalhe-imovel.asp?hdnimovel=8787716309371,Caixa,Imóvel
8787716259161,RS,NOVO HAMBURGO,RONDONIA,"RUA GUIA LOPES, N. 900, Apto 504, BL 06","275.000,00","208.000,00",0.00,Não,"Apartamento, 53.13 de área total, 42.15 de área privativa, 0.00 de área do terreno,  2 qto(s), WC, 1 sala(s), cozinha, 1 vaga(s) de garagem.",Leilão SFI - Edital Único,https://venda-imoveis.caixa.gov.br/sistema/detalhe-imovel.asp?hdnimovel=8787716259161,Caixa,Imóvel
10007591,RS,PORTO ALEGRE,BELEM VELHO,"Av. Professor Oscar Pereira - lado ímpar, (em frente ao nº 8300)","1.171.496,11","5.168.000,00",77.34,Não,"Gleba, 0.00 de área total, 0.00 de área privativa, 61622.47 de área do terreno.",Venda Direta Online,https://venda-imoveis.caixa.gov.br/sistema/detalhe-imovel.asp?hdnimovel=10007591,Caixa,Imóvel
8444416111999,RS,PORTO ALEGRE,RUBEM BERTA,"RUA VINTE E QUATRO, N. SN, Apto 207, LT 05 QD 48 BL A","32.254,55","108.000,00",70.14,Não,"Apartamento, 0.00 de área total, 43.20 de área privativa, 0.00 de área do terreno.",Venda Direta Online,https://venda-imoveis.caixa.gov.br/sistema/detalhe-imovel.asp?hdnimovel=8444416111999,Caixa,Imóvel
8043000501767,RS,PORTO ALEGRE,CAVALHADA,"RUA DOUTOR JULIO TEIXEIRA (ANTIGA RUA C), N. 150, Apto 305, BL 20","20.663,14","68.000,00",69.62,Não,"Apartamento, 46.19 de área total, 36.42 de área privativa, 12025.68 de área do terreno,  2 qto(s), WC, 1 sala(s), cozinha.",Venda Direta Online,https://venda-imoveis.caixa.gov.br/sistema/detalhe-imovel.asp?hdnimovel=8043000501767,Caixa,Imóvel
10163892,RS,PORTO ALEGRE,AZENHA,"RUA DOUTOR RAMIRO D AVILA, N. 20, SL 406","102.296,53","292.000,00",64.97,Não,"Sala, 0.00 de área total, 79.92 de área privativa, 0.00 de área do terreno.",Venda Direta Online,https://venda-imoveis.caixa.gov.br/sistema/detalhe-imovel.asp?hdnimovel=10163892,Caixa,Imóvel
8444409978176,RS,PORTO ALEGRE,RUBEM BERTA,"AVENIDA MAJOR MANOEL JOSE MONTEIRO, N. 525, Apto 202, CONJ 4, BL 4-B","45.333,56","125.000,00",63.74,Não,"Apartamento, 0.00 de área total, 39.59 de área privativa, 0.00 de área do terreno,  1 qto(s), WC, 1 sala(s), cozinha.",Venda Direta Online,https://venda-imoveis.caixa.gov.br/sistema/detalhe-imovel.asp?hdnimovel=8444409978176,Caixa,Imóvel
10206723,RS,PORTO ALEGRE,SARANDI,"RUA FABIO CARNEIRO LIMA, N. 364, LT 364","256.451,70","700.000,00",63.37,Sim,"Terreno, 0.00 de área total, 0.00 de área privativa, 961.34 de área do terreno.",Venda Online,https://venda-imoveis.caixa.gov.br/sistema/detalhe-imovel.asp?hdnimovel=10206723,Caixa,Imóvel
8555513437552,RS,PORTO ALEGRE,CAVALHADA,"RUA PAULO MACIEL, N. 120, Apto 308, BL 35","40.874,44","99.000,00",58.72,Não,"Apartamento, 0.00 de área total, 36.42 de área privativa, 0.00 de área do terreno,  2 qto(s), WC, 1 sala(s), cozinha.",Venda Direta Online,https://venda-imoveis.caixa.gov.br/sistema/detalhe-imovel.asp?hdnimovel=8555513437552,Caixa,Imóvel
8444416174877,RS,PORTO ALEGRE,RUBEM BERTA,"RUA PAULO GRANATO MARTINS, N. S/N, Apto 201, BL D, QD 75, LT 04","36.790,48","87.800,00",58.10,Não,"Apartamento, 0.00 de área total, 43.20 de área privativa, 0.00 de área do terreno,  2 qto(s), a.serv, WC, 1 sala(s), cozinha.",Venda Direta Online,https://venda-imoveis.caixa.gov.br/sistema/detalhe-imovel.asp?hdnimovel=8444416174877,Caixa,Imóvel
8444415000972,RS,PORTO ALEGRE,RUBEM BERTA,"RUA VINTE E QUATRO, N. 55, Apto 106, BL D, LT 01, QD 49","42.718,61","97.000,00",55.97,Não,"Apartamento, 0.00 de área total, 42.00 de área privativa, 0.00 de área do terreno.",Venda Direta Online,https://venda-imoveis.caixa.gov.br/sistema/detalhe-imovel.asp?hdnimovel=8444415000972,Caixa,Imóvel
10143312,RS,PORTO ALEGRE,SAO GERALDO,"AVENIDA VIENA, N. 63","430.134,69","965.000,00",55.43,Não,"Comercial, 0.00 de área total, 329.00 de área privativa, 0.00 de área do terreno.",Venda Direta Online,https://venda-imoveis.caixa.gov.br/sistema/detalhe-imovel.asp?hdnimovel=10143312,Caixa,Imóvel
8045100459203,RS,PORTO ALEGRE,RUBEM BERTA,"RUA VINTE E QUATRO, N. 50, Apto 307, BLA","33.518,18","75.000,00",55.31,Não,"Apartamento, 0.00 de área total, 43.20 de área privativa, 0.00 de área do terreno.",Venda Direta Online,https://venda-imoveis.caixa.gov.br/sistema/detalhe-imovel.asp?hdnimovel=8045100459203,Caixa,Imóvel
8555500224911,RS,PORTO ALEGRE,RUBEM BERTA,"RUA TUCANO, N. 51, Apto 106, QD 06 LT 03 BL D","51.789,18","109.000,00",52.49,Não,"Apartamento, 0.00 de área total, 42.60 de área privativa, 0.00 de área do terreno,  2 qto(s), WC, 1 sala(s), cozinha.",Venda Direta Online,https://venda-imoveis.caixa.gov.br/sistema/detalhe-imovel.asp?hdnimovel=8555500224911,Caixa,Imóvel
8444409785572,RS,PORTO ALEGRE,RUBEM BERTA,"RUA UM A, N. SN, Apto 402, BL D","48.314,20","100.000,00",51.69,Não,"Apartamento, 56.49 de área total, 52.80 de área privativa, 0.00 de área do terreno,  3 qto(s), a.serv, WC, 1 sala(s), cozinha.",Venda Direta Online,https://venda-imoveis.caixa.gov.br/sistema/detalhe-imovel.asp?hdnimovel=8444409785572,Caixa,Imóvel
8555502697884,RS,PORTO ALEGRE,Alto Petrópolis,"RUA DOZE, N. SN, Apto 303, BL D LT 01 QD 22","36.257,18","75.000,00",51.66,Não,"Apartamento, 0.00 de área total, 42.60 de área privativa, 0.00 de área do terreno,  2 qto(s), WC, 1 sala(s), cozinha.",Venda Direta Online,https://venda-imoveis.caixa.gov.br/sistema/detalhe-imovel.asp?hdnimovel=8555502697884,Caixa,Imóvel
8164520081109,RS,PORTO ALEGRE,CAVALHADA,"RUA PAULO MACIEL, N. 120, Apto 102, BL 35","63.328,84","131.000,00",51.66,Não,"Apartamento, 45.73 de área total, 36.42 de área privativa, 0.00 de área do terreno,  2 qto(s), WC, 1 sala(s), cozinha.",Venda Direta Online,https://venda-imoveis.caixa.gov.br/sistema/detalhe-imovel.asp?hdnimovel=8164520081109,Caixa,Imóvel
8444432057111,RS,PORTO ALEGRE,CAVALHADA,"RUA DOUTOR JULIO TEIXEIRA (RUA C), N. 150, Apto 207, BL 20 QD E","43.352,26","88.100,00",50.80,Não,"Apartamento, 45.81 de área total, 36.12 de área privativa, 0.00 de área do terreno,  2 qto(s), WC, 1 sala(s), cozinha.",Venda Direta Online,https://venda-imoveis.caixa.gov.br/sistema/detalhe-imovel.asp?hdnimovel=8444432057111,Caixa,Imóvel
8043000497840,RS,PORTO ALEGRE,CAVALHADA,"RUA DEPUTADO CUNHA BUENO, N. 41, Apto 105, BL 03, QD B, LT 01, 02, 03, 04","22.806,21","45.000,00",49.32,Não,"Apartamento, 46.22 de área total, 36.42 de área privativa, 0.00 de área do terreno,  2 qto(s), WC, 1 sala(s), cozinha.",Venda Direta Online,https://venda-imoveis.caixa.gov.br/sistema/detalhe-imovel.asp?hdnimovel=8043000497840,Caixa,Imóvel
8444410928861,RS,PORTO ALEGRE,RUBEM BERTA,"AVENIDA MARTIM FELIX BERTA, N. 55, Apto 202, BL D, LT 01, QD 06","47.793,20","92.000,00",48.06,Não,"Apartamento, 56.50 de área total, 52.80 de área privativa, 0.00 de área do terreno,  3 qto(s), WC, 1 sala(s), cozinha.",Venda Direta Online,https://venda-imoveis.caixa.gov.br/sistema/detalhe-imovel.asp?hdnimovel=8444410928861,Caixa,Imóvel
8555500179002,RS,PORTO ALEGRE,RUBEM BERTA,"RUA DEZ, N. SN, Apto 302, BL A LT 02 QD 18","51.949,13","100.000,00",48.06,Não,"Apartamento, 0.00 de área total, 52.80 de área privativa, 0.00 de área do terreno,  2 qto(s), WC, 1 sala(s), cozinha.",Venda Direta Online,https://venda-imoveis.caixa.gov.br/sistema/detalhe-imovel.asp?hdnimovel=8555500179002,Caixa,Imóvel
8444428165460,RS,PORTO ALEGRE,LOMBA DO PINHEIRO,"RUA DOLORES DURAN, N. 701, Apto 114, BL 3, LT F","109.185,02","210.000,00",48.01,Sim,"Apartamento, 51.38 de área total, 44.96 de área privativa, 0.00 de área do terreno,  2 qto(s), a.serv, WC, 1 sala(s), cozinha.",Venda Direta Online,https://venda-imoveis.caixa.gov.br/sistema/detalhe-imovel.asp?hdnimovel=8444428165460,Caixa,Imóvel
8044200419124,RS,PORTO ALEGRE,RUBEM BERTA,"RUA JOSE BARCELLOS GARCIA, N. 100, Apto 107, BL B","88.193,90","168.000,00",47.51,Não,"Apartamento, 42.19 de área total, 37.06 de área privativa, 0.00 de área do terreno,  2 qto(s), WC, 1 sala(s), cozinha.",Venda Direta Online,https://venda-imoveis.caixa.gov.br/sistema/detalhe-imovel.asp?hdnimovel=8044200419124,Caixa,Imóvel
8555527712127,RS,PORTO ALEGRE,BELEM NOVO,"ESTRADA BARRO VERMELHO, N. 799, Apto 308, BL E VG 132  2º BOX","74.295,25","141.000,00",47.31,Não,"Apartamento, 90.05 de área total, 45.45 de área privativa, 0.00 de área do terreno,  2 qto(s), WC, 1 sala(s), cozinha, 1 vaga(s) de garagem.",Venda Online,https://venda-imoveis.caixa.gov.br/sistema/detalhe-imovel.asp?hdnimovel=8555527712127,Caixa,Imóvel
8787700266600,RS,PORTO ALEGRE,HIPICA,"RUA JOSE IUCHNO, N. 151, Apto 501, BL 09","96.000,32","180.000,00",46.67,Sim,"Apartamento, 81.20 de área total, 40.29 de área privativa, 0.00 de área do terreno,  2 qto(s), WC, 1 sala(s), cozinha.",Venda Direta Online,https://venda-imoveis.caixa.gov.br/sistema/detalhe-imovel.asp?hdnimovel=8787700266600,Caixa,Imóvel
8555535888719,RS,PORTO ALEGRE,SARANDI,"AVENIDA FRANCISCO SILVEIRA BITENCOURT, N. 1818, Apto 201, TORRE 30","117.561,64","220.000,00",46.57,Não,"Apartamento, 0.00 de área total, 40.26 de área privativa, 0.00 de área do terreno.",Venda Direta Online,https://venda-imoveis.caixa.gov.br/sistema/detalhe-imovel.asp?hdnimovel=8555535888719,Caixa,Imóvel
8555537974981,RS,PORTO ALEGRE,CAVALHADA,"AVENIDA FAMILIA GONCALVES CARNEIRO, N. 441, Apto 103, BL 25","96.618,30","179.200,00",46.09,Não,"Apartamento, 0.00 de área total, 40.29 de área privativa, 0.00 de área do terreno,  2 qto(s), WC, 1 sala(s), cozinha.",Licitação Aberta,https://venda-imoveis.caixa.gov.br/sistema/detalhe-imovel.asp?hdnimovel=8555537974981,Caixa,Imóvel
10224693,RS,PORTO ALEGRE,ABERTA DOS MORROS,"RUA CICERO VIANA, N. SN, QD E, LT 05","91.868,65","170.000,00",45.96,Não,"Terreno, 0.00 de área total, 0.00 de área privativa, 225.00 de área do terreno.",Venda Online,https://venda-imoveis.caixa.gov.br/sistema/detalhe-imovel.asp?hdnimovel=10224693,Caixa,Imóvel
1444420058403,RS,PORTO ALEGRE,HIPICA,"RUA BALDOINO BOTTINI, N. 549, QD A","482.128,27","890.000,00",45.83,Sim,"Casa, 224.00 de área total, 224.00 de área privativa, 161.00 de área do terreno,  3 qto(s), a.serv, WC, 2 sala(s), 1 lavabo(s), cozinha.",Venda Direta Online,https://venda-imoveis.caixa.gov.br/sistema/detalhe-imovel.asp?hdnimovel=1444420058403,Caixa,Imóvel
8555506422979,RS,PORTO ALEGRE,CAVALHADA,"RUA PAULO MACIEL, N. 185, Apto 304, BL 23 ANTIGA RUA D","23.612,71","43.300,00",45.47,Não,"Apartamento, 46.19 de área total, 36.42 de área privativa, 0.00 de área do terreno,  2 qto(s), WC, 1 sala(s), cozinha.",Venda Direta Online,https://venda-imoveis.caixa.gov.br/sistema/detalhe-imovel.asp?hdnimovel=8555506422979,Caixa,Imóvel
8042810001160,RS,PORTO ALEGRE,Alto Petrópolis,"RUA PAULO RENATO KETZER DE SOUZA, N. 300, Apto 502, BL C","92.034,34","168.384,45",45.35,Não,"Apartamento, 42.19 de área total, 37.06 de área privativa, 0.00 de área do terreno,  2 qto(s), WC, 1 sala(s), cozinha.",Venda Direta Online,https://venda-imoveis.caixa.gov.br/sistema/detalhe-imovel.asp?hdnimovel=8042810001160,Caixa,Imóvel
8042820091102,RS,PORTO ALEGRE,RUBEM BERTA,"RUA CINCO, N. 170, Apto 301, BLOCO C LT4 QD8","54.286,84","99.000,00",45.17,Não,"Apartamento, 46.22 de área total, 43.20 de área privativa, 0.00 de área do terreno,  2 qto(s), WC, 1 sala(s), cozinha.",Venda Direta Online,https://venda-imoveis.caixa.gov.br/sistema/detalhe-imovel.asp?hdnimovel=8042820091102,Caixa,Imóvel
10274829,RS,PORTO ALEGRE,ABERTA DOS MORROS,"AV. ALTOS DO SANTA RITA(ANT AV. DIRETRIZ 6432), N. 00, QD E, LT 04","88.935,03","160.000,00",44.42,Não,"Terreno, 0.00 de área total, 0.00 de área privativa, 225.00 de área do terreno.",Venda Direta Online,https://venda-imoveis.caixa.gov.br/sistema/detalhe-imovel.asp?hdnimovel=10274829,Caixa,Imóvel
8444413187110,RS,PORTO ALEGRE,RUBEM BERTA,"RUA JOAO JACOB TAGLIASSUCHI, N. 25, Apto 402, BL 7","117.076,08","210.000,00",44.25,Não,"Apartamento, 130.59 de área total, 69.90 de área privativa, 0.00 de área do terreno,  2 qto(s), a.serv, WC, 1 sala(s), cozinha.",Venda Direta Online,https://venda-imoveis.caixa.gov.br/sistema/detalhe-imovel.asp?hdnimovel=8444413187110,Caixa,Imóvel
1444400175293,RS,PORTO ALEGRE,HIPICA,"AVENIDA JUCA BATISTA, N. 2705, UNIDADE 21","98.235,36","175.000,00",43.87,Não,"Terreno, 0.00 de área total, 0.00 de área privativa, 299.83 de área do terreno.",Venda Direta Online,https://venda-imoveis.caixa.gov.br/sistema/detalhe-imovel.asp?hdnimovel=1444400175293,Caixa,Imóvel
8787702453459,RS,PORTO ALEGRE,MARIO QUINTANA,"RUA IRMA TERESILDA STEFFEN, N. 115, Apto 401, TORRE 10","98.518,85","175.000,00",43.71,Sim,"Apartamento, 90.41 de área total, 40.29 de área privativa, 0.00 de área do terreno,  2 qto(s), WC, 1 sala(s), cozinha.",Venda Direta Online,https://venda-imoveis.caixa.gov.br/sistema/detalhe-imovel.asp?hdnimovel=8787702453459,Caixa,Imóvel
10214195,RS,PORTO ALEGRE,ABERTA DOS MORROS,"AVENIDA CELESTINO BERTOLUCCI, N. 510, QD 12, LT 02","185.255,82","328.000,00",43.52,Não,"Casa, 0.00 de área total, 80.00 de área privativa, 330.00 de área do terreno.",Venda Direta Online,https://venda-imoveis.caixa.gov.br/sistema/detalhe-imovel.asp?hdnimovel=10214195,Caixa,Imóvel
10215014,RS,PORTO ALEGRE,PETROPOLIS,"AVENIDA IJUI, N. 86, SL 101, TÉRREO","338.882,61","600.000,00",43.52,Não,"Sala, 0.00 de área total, 140.97 de área privativa, 0.00 de área do terreno.",Venda Direta Online,https://venda-imoveis.caixa.gov.br/sistema/detalhe-imovel.asp?hdnimovel=10215014,Caixa,Imóvel
10279399,RS,PORTO ALEGRE,TERESOPOLIS,"5080, N. S/N, QD D, LT 35","91.691,09","160.500,00",42.88,Não,"Terreno, 0.00 de área total, 0.00 de área privativa, 200.00 de área do terreno.",Venda Online,https://venda-imoveis.caixa.gov.br/sistema/detalhe-imovel.asp?hdnimovel=10279399,Caixa,Imóvel
10279400,RS,PORTO ALEGRE,TERESOPOLIS,"RUA 50580, N. S/N, QD D, LT 36","91.691,09","160.500,00",42.88,Não,"Terreno, 0.00 de área total, 0.00 de área privativa, 200.00 de área do terreno.",Venda Online,https://venda-imoveis.caixa.gov.br/sistema/detalhe-imovel.asp?hdnimovel=10279400,Caixa,Imóvel
10279401,RS,PORTO ALEGRE,VILA NOVA,"5080, N. S/N, QD D, LT 34","91.691,09","160.500,00",42.88,Não,"Terreno, 0.00 de área total, 0.00 de área privativa, 200.00 de área do terreno.",Venda Online,https://venda-imoveis.caixa.gov.br/sistema/detalhe-imovel.asp?hdnimovel=10279401,Caixa,Imóvel
8444437756107,RS,PORTO ALEGRE,CAVALHADA,"RUA C, N. 181, Apto 104, BL 10","67.777,94","118.238,00",42.68,Não,"Apartamento, 46.13 de área total, 36.42 de área privativa, 0.00 de área do terreno,  2 qto(s), a.serv, WC, 1 sala(s), cozinha.",Licitação Aberta,https://venda-imoveis.caixa.gov.br/sistema/detalhe-imovel.asp?hdnimovel=8444437756107,Caixa,Imóvel
8787703225697,RS,PORTO ALEGRE,HIPICA,"RUA JOSE IUCHNO, N. 205, Apto 402, BL 03","109.096,64","190.000,00",42.59,Não,"Apartamento, 81.99 de área total, 41.19 de área privativa, 0.00 de área do terreno,  2 qto(s), WC, 1 sala(s), cozinha.",Venda Online,https://venda-imoveis.caixa.gov.br/sistema/detalhe-imovel.asp?hdnimovel=8787703225697,Caixa,Imóvel
8787700577630,RS,PORTO ALEGRE,SARANDI,"AVENIDA FRANCISCO SILVEIRA BITENCOURT, N. 1818, Apto 202, TORRE 14","96.489,21","167.000,00",42.23,Não,"Apartamento, 79.35 de área total, 40.26 de área privativa, 0.00 de área do terreno,  2 qto(s), WC, 1 sala(s), cozinha.",Venda Online,https://venda-imoveis.caixa.gov.br/sistema/detalhe-imovel.asp?hdnimovel=8787700577630,Caixa,Imóvel
8787708524811,RS,PORTO ALEGRE,RUBEM BERTA,"RUA DOS MAIAS, N. 1103, Apto 104, BL 21","77.043,32","133.000,00",42.08,Não,"Apartamento, 81.21 de área total, 41.19 de área privativa, 0.00 de área do terreno,  2 qto(s), WC, 1 sala(s), cozinha.",Licitação Aberta,https://venda-imoveis.caixa.gov.br/sistema/detalhe-imovel.asp?hdnimovel=8787708524811,Caixa,Imóvel
8787704485889,RS,PORTO ALEGRE,SARANDI,"AVENIDA SOUZA MELO, N. 1084, Apto 103, BL 14","79.939,69","138.000,00",42.08,Não,"Apartamento, 81.13 de área total, 41.19 de área privativa, 0.00 de área do terreno,  2 qto(s), 1 sala(s), cozinha.",Licitação Aberta,https://venda-imoveis.caixa.gov.br/sistema/detalhe-imovel.asp?hdnimovel=8787704485889,Caixa,Imóvel
8787702525700,RS,PORTO ALEGRE,MARIO QUINTANA,"RUA IRMA TERESILDA STEFFEN, N. 115, Apto 503, TR 04","78.201,87","135.000,00",42.08,Não,"Apartamento, 0.00 de área total, 40.29 de área privativa, 0.00 de área do terreno.",Licitação Aberta,https://venda-imoveis.caixa.gov.br/sistema/detalhe-imovel.asp?hdnimovel=8787702525700,Caixa,Imóvel
8444427590117,RS,PORTO ALEGRE,CAMPO NOVO,"RUA TOME ANTONIO DE SOUZA, N. 240, Apto 353, BL N","75.884,78","131.000,00",42.08,Não,"Apartamento, 48.89 de área total, 39.03 de área privativa, 0.00 de área do terreno,  2 qto(s), a.serv, WC, 1 sala(s), cozinha.",Licitação Aberta,https://venda-imoveis.caixa.gov.br/sistema/detalhe-imovel.asp?hdnimovel=8444427590117,Caixa,Imóvel
1555506097930,RS,PORTO ALEGRE,IPANEMA,"RUA DOUTOR PITREZ, N. 586, QD H LT 15 LOT IPANEMA IMPERIAL PARQUE","812.097,06","1.400.000,00",42.00,Sim,"Casa, 322.00 de área total, 322.00 de área privativa, 326.74 de área do terreno,  2 qto(s), a.serv, WC, 2 sala(s), 1 lavabo(s), cozinha, 3 vaga(s) de garagem.",Venda Direta Online,https://venda-imoveis.caixa.gov.br/sistema/detalhe-imovel.asp?hdnimovel=1555506097930,Caixa,Imóvel
10171648,RS,PORTO ALEGRE,SAO GERALDO,"AVENIDA PRESIDENTE FRANKLIN ROOSEVELT, N. 1536","423.316,12","725.000,00",41.62,Não,"Prédio, 0.00 de área total, 260.00 de área privativa, 156.00 de área do terreno.",Licitação Aberta,https://venda-imoveis.caixa.gov.br/sistema/detalhe-imovel.asp?hdnimovel=10171648,Caixa,Imóvel
8787700585676,RS,PORTO ALEGRE,VILA DONA LEOPOLDINA,"RUA IRMA TERESILDA STEFFEN, N. 255, Apto 502, TORRE 06","88.404,91","151.000,00",41.46,Não,"Apartamento, 0.00 de área total, 40.29 de área privativa, 0.00 de área do terreno.",Licitação Aberta,https://venda-imoveis.caixa.gov.br/sistema/detalhe-imovel.asp?hdnimovel=8787700585676,Caixa,Imóvel
8787714976478,RS,PORTO ALEGRE,RUBEM BERTA,"RUA INOCENCIO DE OLIVEIRA ALVES, N. 101, Apto 504, BL 18","83.135,75","142.000,00",41.46,Não,"Apartamento, 77.79 de área total, 41.19 de área privativa, 0.00 de área do terreno,  2 qto(s), WC, 1 sala(s).",Licitação Aberta,https://venda-imoveis.caixa.gov.br/sistema/detalhe-imovel.asp?hdnimovel=8787714976478,Caixa,Imóvel
8444434925960,RS,PORTO ALEGRE,VILA NOVA,"ESTRADA CRISTIANO KRAEMER, N. 1863, Apto 241, BL J","81.964,82","140.000,00",41.46,Não,"Apartamento, 47.97 de área total, 38.24 de área privativa, 0.00 de área do terreno,  2 qto(s), WC, 1 sala(s), cozinha.",Licitação Aberta,https://venda-imoveis.caixa.gov.br/sistema/detalhe-imovel.asp?hdnimovel=8444434925960,Caixa,Imóvel
1444403719251,RS,PORTO ALEGRE,TRISTEZA,"RUA DOUTOR BARCELOS, N. 2434, Apto 103, TR A PAV 01","197.487,76","335.000,00",41.05,Não,"Apartamento, 0.00 de área total, 50.85 de área privativa, 0.00 de área do terreno, 1 vaga(s) de garagem.",Venda Direta Online,https://venda-imoveis.caixa.gov.br/sistema/detalhe-imovel.asp?hdnimovel=1444403719251,Caixa,Imóvel
8164520071286,RS,PORTO ALEGRE,CAVALHADA,"RUA DOUTOR JULIO TEIXEIRA - ANTG RUA C, N. 40, Apto 305, BL 30 PRÉDIO 02","38.990,98","66.000,00",40.93,Não,"Apartamento, 46.04 de área total, 36.42 de área privativa, 0.00 de área do terreno,  2 qto(s), WC, 1 sala(s), cozinha.",Venda Direta Online,https://venda-imoveis.caixa.gov.br/sistema/detalhe-imovel.asp?hdnimovel=8164520071286,Caixa,Imóvel
8555538083924,RS,PORTO ALEGRE,ABERTA DOS MORROS,"RUA DIRETRIZ 7091, N. 151, Apto 201, BL 26, LT 01, QD B","108.326,29","182.800,00",40.75,Não,"Apartamento, 81.20 de área total, 40.29 de área privativa, 0.00 de área do terreno,  2 qto(s), WC, 1 sala(s), cozinha.",Venda Direta Online,https://venda-imoveis.caixa.gov.br/sistema/detalhe-imovel.asp?hdnimovel=8555538083924,Caixa,Imóvel
8555535624487,RS,PORTO ALEGRE,RESTINGA,"RUA NAPOLEAO JACQUES DA ROSA, N. 133, Apto 501, BL A","103.111,46","174.000,00",40.75,Sim,"Apartamento, 0.00 de área total, 47.96 de área privativa, 0.00 de área do terreno.",Venda Direta Online,https://venda-imoveis.caixa.gov.br/sistema/detalhe-imovel.asp?hdnimovel=8555535624487,Caixa,Imóvel
8787708135637,RS,PORTO ALEGRE,RESTINGA,"RUA SABINO PEREIRA NUNES, N. 931, Apto 401, BL 10","100.741,08","170.000,00",40.75,Sim,"Apartamento, 69.88 de área total, 40.99 de área privativa, 0.00 de área do terreno,  2 qto(s), WC, 1 sala(s), cozinha, 1 vaga(s) de garagem.",Venda Direta Online,https://venda-imoveis.caixa.gov.br/sistema/detalhe-imovel.asp?hdnimovel=8787708135637,Caixa,Imóvel
8787713038547,RS,PORTO ALEGRE,RESTINGA,"RUA SABINO PEREIRA NUNES, N. 932, Apto 402, BL 18","95.407,73","161.000,00",40.75,Sim,"Apartamento, 74.20 de área total, 41.19 de área privativa, 0.00 de área do terreno,  2 qto(s), WC, 1 sala(s), cozinha.",Venda Direta Online,https://venda-imoveis.caixa.gov.br/sistema/detalhe-imovel.asp?hdnimovel=8787713038547,Caixa,Imóvel
8787715506300,RS,PORTO ALEGRE,VILA NOVA,"ESTRADA CRISTIANO KRAEMER, N. 2021, Apto 501, BL 10, LT 01, QD A","94.815,14","160.000,00",40.75,Não,"Apartamento, 65.43 de área total, 41.19 de área privativa, 0.00 de área do terreno,  2 qto(s), a.serv, WC, 1 sala(s), cozinha.",Licitação Aberta,https://venda-imoveis.caixa.gov.br/sistema/detalhe-imovel.asp?hdnimovel=8787715506300,Caixa,Imóvel
8787716279553,RS,PORTO ALEGRE,VILA NOVA,"ESTRADA CRISTIANO KRAEMER, N. 2021, Apto 404, BL 01","103.704,06","175.000,00",40.75,Não,"Apartamento, 65.43 de área total, 41.19 de área privativa, 0.00 de área do terreno,  2 qto(s), a.serv, WC, 1 sala(s), cozinha.",Venda Online,https://venda-imoveis.caixa.gov.br/sistema/detalhe-imovel.asp?hdnimovel=8787716279553,Caixa,Imóvel
8787702424955,RS,PORTO ALEGRE,HIPICA,"AVENIDA EDGAR PIRES DE CASTRO, N. 2901, Apto 301, BL 15, 3º PAV","101.288,68","170.924,07",40.75,Não,"Apartamento, 81.20 de área total, 40.29 de área privativa, 0.00 de área do terreno,  2 qto(s), WC, 1 sala(s), cozinha.",Venda Direta Online,https://venda-imoveis.caixa.gov.br/sistema/detalhe-imovel.asp?hdnimovel=8787702424955,Caixa,Imóvel
8444434374815,RS,PORTO ALEGRE,MARIO QUINTANA,"RUA IRMA TERESILDA STEFFEN, N. 115, Apto 501, TORRE 03","94.815,14","160.000,00",40.75,Não,"Apartamento, 90.41 de área total, 40.29 de área privativa, 0.00 de área do terreno,  2 qto(s), WC, 1 sala(s), cozinha.",Venda Direta Online,https://venda-imoveis.caixa.gov.br/sistema/detalhe-imovel.asp?hdnimovel=8444434374815,Caixa,Imóvel
8787701681474,RS,PORTO ALEGRE,MARIO QUINTANA,"RUA IRMA TERESILDA STEFFEN, N. 335, Apto 204, TR 09","105.185,54","177.500,00",40.75,Não,"Apartamento, 84.41 de área total, 40.29 de área privativa, 0.00 de área do terreno,  2 qto(s), WC, 1 sala(s), cozinha.",Venda Online,https://venda-imoveis.caixa.gov.br/sistema/detalhe-imovel.asp?hdnimovel=8787701681474,Caixa,Imóvel
8787701852929,RS,PORTO ALEGRE,MARIO QUINTANA,"RUA IRMA TERESILDA STEFFEN, N. 335, Apto 303, TORRE 6","96.000,33","162.000,00",40.75,Sim,"Apartamento, 84.41 de área total, 40.29 de área privativa, 0.00 de área do terreno,  1 qto(s), a.serv, WC, 1 sala(s), cozinha.",Venda Direta Online,https://venda-imoveis.caixa.gov.br/sistema/detalhe-imovel.asp?hdnimovel=8787701852929,Caixa,Imóvel
8787718392748,RS,PORTO ALEGRE,CAMPO NOVO,"ESTRADA CRISTIANO KRAEMER, N. 2021, Apto 403, BL 03","101.926,27","172.000,00",40.75,Não,"Apartamento, 65.43 de área total, 41.19 de área privativa, 0.00 de área do terreno,  2 qto(s), a.serv, WC, 1 sala(s), cozinha.",Venda Online,https://venda-imoveis.caixa.gov.br/sistema/detalhe-imovel.asp?hdnimovel=8787718392748,Caixa,Imóvel
8787713243957,RS,PORTO ALEGRE,PITINGA,"RUA 7008, N. 300, Apto 503, BL 03","94.815,14","160.000,00",40.75,Não,"Apartamento, 46.98 de área total, 40.82 de área privativa, 0.00 de área do terreno,  2 qto(s), WC, 1 sala(s), cozinha.",Licitação Aberta,https://venda-imoveis.caixa.gov.br/sistema/detalhe-imovel.asp?hdnimovel=8787713243957,Caixa,Imóvel
8444401122345,RS,PORTO ALEGRE,RUBEM BERTA,"RUA OSCAR FERREIRA, N. 75, Apto 408,","62.625,77","105.000,00",40.36,Sim,"Apartamento, 45.95 de área total, 39.52 de área privativa, 0.00 de área do terreno,  1 qto(s), a.serv, WC, 1 sala(s), cozinha.",Venda Direta Online,https://venda-imoveis.caixa.gov.br/sistema/detalhe-imovel.asp?hdnimovel=8444401122345,Caixa,Imóvel
8444410709396,RS,PORTO ALEGRE,RUBEM BERTA,"AVENIDA BERNARDINO SILVEIRA DE AMORIM, N. SN, Apto 404, QD 01 LTS 01 A 09 BL 02","67.397,26","113.000,00",40.36,Não,"Apartamento, 51.70 de área total, 44.74 de área privativa, 0.00 de área do terreno,  1 qto(s), a.serv, WC, 1 sala(s), cozinha.",Venda Direta Online,https://venda-imoveis.caixa.gov.br/sistema/detalhe-imovel.asp?hdnimovel=8444410709396,Caixa,Imóvel
8444407368419,RS,PORTO ALEGRE,RESTINGA,"RUA CAPITAO PEDROSO, N. 672, Apto 403, BL 10","71.789,15","120.000,00",40.18,Não,"Apartamento, 80.81 de área total, 38.72 de área privativa, 0.00 de área do terreno,  2 qto(s), WC, 1 sala(s), cozinha.",Venda Online,https://venda-imoveis.caixa.gov.br/sistema/detalhe-imovel.asp?hdnimovel=8444407368419,Caixa,Imóvel
8787703830779,RS,PORTO ALEGRE,SARANDI,"AVENIDA FRANCISCO SILVEIRA BITENCOURT, N. 1818, Apto 203, 1° ANDAR","110.196,06","183.000,00",39.79,Sim,"Apartamento, 79.35 de área total, 40.26 de área privativa, 0.00 de área do terreno,  2 qto(s), WC, 1 sala(s), cozinha, 1 vaga(s) de garagem.",Venda Direta Online,https://venda-imoveis.caixa.gov.br/sistema/detalhe-imovel.asp?hdnimovel=8787703830779,Caixa,Imóvel
8444413695086,RS,PORTO ALEGRE,RUBEM BERTA,"RUA MADRE TERESA DE CALCUTA, N. 35, Apto 304, BL D, LT 01, QD 70, 3º PAV","54.353,48","90.000,00",39.61,Não,"Apartamento, 34.67 de área total, 32.40 de área privativa, 0.00 de área do terreno,  1 qto(s), a.serv, WC, 1 sala(s), cozinha.",Venda Direta Online,https://venda-imoveis.caixa.gov.br/sistema/detalhe-imovel.asp?hdnimovel=8444413695086,Caixa,Imóvel
8444403034931,RS,PORTO ALEGRE,RUBEM BERTA,"RUA PAULO RENATO KETZER DE SOUZA, N. 300, Apto 502, BL J, 5º PAV, LT 02","78.556,78","130.000,00",39.58,Não,"Apartamento, 42.19 de área total, 37.06 de área privativa, 0.00 de área do terreno,  2 qto(s), WC, 1 sala(s), cozinha.",Venda Direta Online,https://venda-imoveis.caixa.gov.br/sistema/detalhe-imovel.asp?hdnimovel=8444403034931,Caixa,Imóvel
8444413814123,RS,PORTO ALEGRE,HUMAITA,"RUA MAX JUNIMAN, N. 35, Apto 209, LT 01, QD I,","77.952,49","129.000,00",39.58,Não,"Apartamento, 65.44 de área total, 40.04 de área privativa, 0.00 de área do terreno,  1 qto(s), a.serv, WC, 1 sala(s), cozinha.",Licitação Aberta,https://venda-imoveis.caixa.gov.br/sistema/detalhe-imovel.asp?hdnimovel=8444413814123,Caixa,Imóvel
8042820092974,RS,PORTO ALEGRE,NONOAI,"RUA ORFANOTROFIO, N. 450, Apto 104, BL 01","80.369,63","133.000,00",39.58,Não,"Apartamento, 0.00 de área total, 39.17 de área privativa, 0.00 de área do terreno.",Venda Online,https://venda-imoveis.caixa.gov.br/sistema/detalhe-imovel.asp?hdnimovel=8042820092974,Caixa,Imóvel
1444404094573,RS,PORTO ALEGRE,LOMBA DO PINHEIRO,"ESTRADA JOAO DE OLIVEIRA REMIAO, N. 6700, Apto 213, BL 02 TIRIRICA","78.937,48","130.630,00",39.58,Não,"Apartamento, 0.00 de área total, 39.03 de área privativa, 0.00 de área do terreno.",Venda Online,https://venda-imoveis.caixa.gov.br/sistema/detalhe-imovel.asp?hdnimovel=1444404094573,Caixa,Imóvel
8787706541166,RS,PORTO ALEGRE,RESTINGA,"RUA SOLON VIEIRA MARQUES, N. 600, RES 03 QD S","125.113,59","207.000,00",39.56,Não,"Casa, 40.01 de área total, 38.07 de área privativa, 93.75 de área do terreno,  2 qto(s), a.serv, WC, 1 sala(s), cozinha.",Licitação Aberta,https://venda-imoveis.caixa.gov.br/sistema/detalhe-imovel.asp?hdnimovel=8787706541166,Caixa,Imóvel
8787710644691,RS,PORTO ALEGRE,RESTINGA,"RUA SETE MIL E OITO, N. 280, Apto 104, BL 17, LT 02 E 03, Q, VAGA 314","122.998,15","203.500,00",39.56,Sim,"Apartamento, 70.94 de área total, 40.46 de área privativa, 0.00 de área do terreno,  2 qto(s), WC, 1 sala(s), cozinha, 1 vaga(s) de garagem.",Venda Direta Online,https://venda-imoveis.caixa.gov.br/sistema/detalhe-imovel.asp?hdnimovel=8787710644691,Caixa,Imóvel
8787718260957,RS,PORTO ALEGRE,RESTINGA,"RUA SETE MIL E OITO, N. 300, Apto 102, BL 18 PV 01","120.882,70","200.000,00",39.56,Não,"Apartamento, 61.70 de área total, 40.82 de área privativa, 0.00 de área do terreno,  2 qto(s), WC, 1 sala(s), cozinha.",Venda Direta Online,https://venda-imoveis.caixa.gov.br/sistema/detalhe-imovel.asp?hdnimovel=8787718260957,Caixa,Imóvel
8787706307007,RS,PORTO ALEGRE,MORRO SANTANA,"AVENIDA PROTASIO ALVES, N. 10535, Apto 104, BL 21","114.838,57","190.000,00",39.56,Não,"Apartamento, 98.67 de área total, 40.23 de área privativa, 0.00 de área do terreno,  2 qto(s), a.serv, WC, 1 sala(s), cozinha, 1 vaga(s) de garagem.",Licitação Aberta,https://venda-imoveis.caixa.gov.br/sistema/detalhe-imovel.asp?hdnimovel=8787706307007,Caixa,Imóvel
8444430995270,RS,PORTO ALEGRE,FLORESTA,"AVENIDA FARRAPOS, N. 563, Apto 05,","111.816,50","185.000,00",39.56,Não,"Apartamento, 58.00 de área total, 58.00 de área privativa, 0.00 de área do terreno,  2 qto(s), WC, 1 sala(s).",Licitação Aberta,https://venda-imoveis.caixa.gov.br/sistema/detalhe-imovel.asp?hdnimovel=8444430995270,Caixa,Imóvel
8787702510320,RS,PORTO ALEGRE,CAVALHADA,"AVENIDA FAMILIA GONCALVES CARNEIRO, N. 441, Apto 501, BL 16","120.882,70","200.000,00",39.56,Sim,"Apartamento, 85.19 de área total, 40.29 de área privativa, 0.00 de área do terreno,  2 qto(s), WC, 1 sala(s), cozinha.",Venda Direta Online,https://venda-imoveis.caixa.gov.br/sistema/detalhe-imovel.asp?hdnimovel=8787702510320,Caixa,Imóvel
8787716824993,RS,PORTO ALEGRE,CAMPO NOVO,"RUA TOME ANTONIO DE SOUZA, N. 100, Apto 401, BL 13","116.289,16","192.400,00",39.56,Não,"Apartamento, 65.43 de área total, 41.19 de área privativa, 0.00 de área do terreno,  2 qto(s), WC, 1 sala(s), cozinha, 1 vaga(s) de garagem.",Licitação Aberta,https://venda-imoveis.caixa.gov.br/sistema/detalhe-imovel.asp?hdnimovel=8787716824993,Caixa,Imóvel
8787718186161,RS,PORTO ALEGRE,CAMPO NOVO,"RUA TOME ANTONIO DE SOUZA, N. 2021, Apto 201, BL 14","116.107,83","192.100,00",39.56,Não,"Apartamento, 76.64 de área total, 41.19 de área privativa, 0.00 de área do terreno,  2 qto(s), WC, 1 sala(s), cozinha.",Licitação Aberta,https://venda-imoveis.caixa.gov.br/sistema/detalhe-imovel.asp?hdnimovel=8787718186161,Caixa,Imóvel
8043000498081,RS,PORTO ALEGRE,CAVALHADA,"RUA DOUTOR JULIO TEIXEIRA, N. 151, Apto 210, BL 11","34.537,46","57.000,00",39.41,Não,"Apartamento, 45.76 de área total, 36.12 de área privativa, 0.00 de área do terreno,  2 qto(s), WC, 1 sala(s), cozinha.",Venda Direta Online,https://venda-imoveis.caixa.gov.br/sistema/detalhe-imovel.asp?hdnimovel=8043000498081,Caixa,Imóvel
8164520062678,RS,PORTO ALEGRE,CAVALHADA,"RUA PAULO MACIEL, N. 210, Apto 312, BL 31","49.685,47","82.000,00",39.41,Não,"Apartamento, 45.73 de área total, 36.42 de área privativa, 0.00 de área do terreno,  2 qto(s), WC, 1 sala(s), cozinha.",Licitação Aberta,https://venda-imoveis.caixa.gov.br/sistema/detalhe-imovel.asp?hdnimovel=8164520062678,Caixa,Imóvel
10229370,RS,PORTO ALEGRE,MENINO DEUS,"RUA ITORORO, N. 200, BL A, BOX 116, PARTE COMERCIAL","19.389,45","32.000,00",39.41,Não,"Outros, 0.00 de área total, 12.00 de área privativa, 0.00 de área do terreno, 1 vaga(s) de garagem.",Venda Direta Online,https://venda-imoveis.caixa.gov.br/sistema/detalhe-imovel.asp?hdnimovel=10229370,Caixa,Imóvel
10229371,RS,PORTO ALEGRE,MENINO DEUS,"RUA ITORORO, N. 200, BL A, BOX 117, PARTE COMERCIAL","19.389,45","32.000,00",39.41,Não,"Outros, 0.00 de área total, 12.00 de área privativa, 0.00 de área do terreno, 1 vaga(s) de garagem.",Venda Direta Online,https://venda-imoveis.caixa.gov.br/sistema/detalhe-imovel.asp?hdnimovel=10229371,Caixa,Imóvel
10229374,RS,PORTO ALEGRE,MENINO DEUS,"RUA ITORORO, N. 200, BL A, BOX 115, PARTE COMERCIAL","19.389,45","32.000,00",39.41,Não,"Outros, 0.00 de área total, 12.00 de área privativa, 0.00 de área do terreno, 1 vaga(s) de garagem.",Venda Direta Online,https://venda-imoveis.caixa.gov.br/sistema/detalhe-imovel.asp?hdnimovel=10229374,Caixa,Imóvel
8444414732970,RS,PORTO ALEGRE,JARDIM LEOPOLDINA II,"AVENIDA JUSCELINO KUBITSCHEK DE OLIVEIRA, N. 340, Apto 402, BL H","87.908,08","144.000,00",38.96,Não,"Apartamento, 68.62 de área total, 38.34 de área privativa, 0.00 de área do terreno,  2 qto(s), WC, 1 sala(s), cozinha.",Licitação Aberta,https://venda-imoveis.caixa.gov.br/sistema/detalhe-imovel.asp?hdnimovel=8444414732970,Caixa,Imóvel
8044200419310,RS,PORTO ALEGRE,RUBEM BERTA,"RUA JOSE BARCELLOS GARCIA, N. 100, Apto 404, QD B LT 01 BL B","85.466,19","140.000,00",38.96,Não,"Apartamento, 0.00 de área total, 149.55 de área privativa, 0.00 de área do terreno.",Venda Direta Online,https://venda-imoveis.caixa.gov.br/sistema/detalhe-imovel.asp?hdnimovel=8044200419310,Caixa,Imóvel
1787701961452,RS,PORTO ALEGRE,RUBEM BERTA,"RUA INOCENCIO DE OLIVEIRA ALVES, N. 101, Apto 301, BL 10","98.816,70","160.000,00",38.24,Não,"Apartamento, 77.79 de área total, 41.19 de área privativa, 0.00 de área do terreno,  2 qto(s), WC, 1 sala(s), cozinha.",Venda Online,https://venda-imoveis.caixa.gov.br/sistema/detalhe-imovel.asp?hdnimovel=1787701961452,Caixa,Imóvel
8042810000465,RS,PORTO ALEGRE,RUBEM BERTA,"RUA PAULO RENATO KETZER DE SOUZA, N. 300, Apto 206, BL H","108.080,77","175.000,00",38.24,Não,"Apartamento, 42.19 de área total, 37.06 de área privativa, 0.00 de área do terreno,  2 qto(s), WC, 1 sala(s), cozinha.",Venda Direta Online,https://venda-imoveis.caixa.gov.br/sistema/detalhe-imovel.asp?hdnimovel=8042810000465,Caixa,Imóvel
8044200420815,RS,PORTO ALEGRE,RUBEM BERTA,"AVENIDA BALTAZAR DE OLIVEIRA GARCIA, N. 100, Apto 203, BL I LT 1 QD B","108.080,77","175.000,00",38.24,Não,"Apartamento, 42.19 de área total, 37.06 de área privativa, 0.00 de área do terreno,  2 qto(s), WC, 1 sala(s), cozinha.",Venda Direta Online,https://venda-imoveis.caixa.gov.br/sistema/detalhe-imovel.asp?hdnimovel=8044200420815,Caixa,Imóvel
8444408886499,RS,PORTO ALEGRE,RESTINGA,"ESTRADA BARRO VERMELHO, N. 241, Apto 304, BL 07, VAGA BOX 135","101.904,73","165.000,00",38.24,Sim,"Apartamento, 61.66 de área total, 54.66 de área privativa, 0.00 de área do terreno,  2 qto(s), WC, 1 sala(s), cozinha, 1 vaga(s) de garagem.",Venda Direta Online,https://venda-imoveis.caixa.gov.br/sistema/detalhe-imovel.asp?hdnimovel=8444408886499,Caixa,Imóvel
8444409781984,RS,PORTO ALEGRE,MARIO QUINTANA,"RUA VINTE E SEIS DE MARCO, N. 415, Apto 307, BL B","98.816,70","160.000,00",38.24,Não,"Apartamento, 48.07 de área total, 38.76 de área privativa, 0.00 de área do terreno,  2 qto(s), WC, 1 sala(s), cozinha.",Venda Direta Online,https://venda-imoveis.caixa.gov.br/sistema/detalhe-imovel.asp?hdnimovel=8444409781984,Caixa,Imóvel
10278715,RS,PORTO ALEGRE,CAMAQUA,"RUA SINODO, N. 35, QD K, LT 01","1.908.883,79","3.072.000,00",37.87,Sim,"Terreno, 0.00 de área total, 0.00 de área privativa, 7405.54 de área do terreno.",Venda Direta Online,https://venda-imoveis.caixa.gov.br/sistema/detalhe-imovel.asp?hdnimovel=10278715,Caixa,Imóvel
10274828,RS,PORTO ALEGRE,MARIO QUINTANA,"RUA MADRE CLARA, N. 1200, UNID 32","273.407,83","440.000,00",37.87,Sim,"Terreno, 0.00 de área total, 0.00 de área privativa, 520.79 de área do terreno.",Venda Direta Online,https://venda-imoveis.caixa.gov.br/sistema/detalhe-imovel.asp?hdnimovel=10274828,Caixa,Imóvel
8787705323793,RS,PORTO ALEGRE,SARANDI,"RUA GABRIEL FRANCO DA LUZ, N. 888, Apto 104, BL 01","91.657,98","147.000,00",37.65,Não,"Apartamento, 0.00 de área total, 41.19 de área privativa, 0.00 de área do terreno,  1 qto(s), a.serv, WC, 1 sala(s), cozinha.",Venda Direta Online,https://venda-imoveis.caixa.gov.br/sistema/detalhe-imovel.asp?hdnimovel=8787705323793,Caixa,Imóvel
8444423137825,RS,PORTO ALEGRE,TERESOPOLIS,"RUA SEPE TIARAJU, N. 426, Apto 404, BL 1","146.655,63","233.000,00",37.06,Não,"Apartamento, 86.23 de área total, 56.47 de área privativa, 0.00 de área do terreno,  2 qto(s), a.serv, WC, 1 sala(s), cozinha.",Venda Direta Online,https://venda-imoveis.caixa.gov.br/sistema/detalhe-imovel.asp?hdnimovel=8444423137825,Caixa,Imóvel
8444423780027,RS,PORTO ALEGRE,TERESOPOLIS,"RUA CARLOS FERREIRA, N. 165, Apto 101, BL 11","139.731,97","222.000,00",37.06,Não,"Apartamento, 55.48 de área total, 51.54 de área privativa, 0.00 de área do terreno,  2 qto(s), a.serv, WC, 1 sala(s), cozinha.",Venda Online,https://venda-imoveis.caixa.gov.br/sistema/detalhe-imovel.asp?hdnimovel=8444423780027,Caixa,Imóvel
1787700291623,RS,PORTO ALEGRE,RESTINGA,"RUA NAIR GARCIA MARTINS, N. 336, CS 01, LT 06C, QD C,","137.843,70","219.000,00",37.06,Não,"Casa, 61.31 de área total, 61.31 de área privativa, 173.55 de área do terreno,  3 qto(s), a.serv, WC, 1 sala(s), cozinha.",Licitação Aberta,https://venda-imoveis.caixa.gov.br/sistema/detalhe-imovel.asp?hdnimovel=1787700291623,Caixa,Imóvel
8444410322599,RS,PORTO ALEGRE,NAVEGANTES,"AVENIDA CAIRU, N. 1230, Apto 21,","125.884,66","200.000,00",37.06,Não,"Apartamento, 48.76 de área total, 33.30 de área privativa, 0.00 de área do terreno,  1 qto(s), WC, 1 sala(s), cozinha.",Licitação Aberta,https://venda-imoveis.caixa.gov.br/sistema/detalhe-imovel.asp?hdnimovel=8444410322599,Caixa,Imóvel
1555504755808,RS,PORTO ALEGRE,MORRO SANTANA,"AVENIDA EMILIO SCHLABITZ NETO, N. 70, Apto 305, PAV 3","184.821,15","290.000,00",36.27,Sim,"Apartamento, 0.00 de área total, 38.76 de área privativa, 0.00 de área do terreno, 1 vaga(s) de garagem.",Venda Online,https://venda-imoveis.caixa.gov.br/sistema/detalhe-imovel.asp?hdnimovel=1555504755808,Caixa,Imóvel
1600000109790,RS,PORTO ALEGRE,PETROPOLIS,"RUA PROFESSOR FITZGERALD, N. 146, Apto 202, PAV 02","859.099,68","1.348.000,00",36.27,Sim,"Apartamento, 225.38 de área total, 150.00 de área privativa, 0.00 de área do terreno,  3 qto(s), a.serv, WC, 1 sala(s), DCE, cozinha, 1 vaga(s) de garagem.",Licitação Aberta,https://venda-imoveis.caixa.gov.br/sistema/detalhe-imovel.asp?hdnimovel=1600000109790,Caixa,Imóvel
10283560,RS,PORTO ALEGRE,VILA NOVA,"ESTRADA CRISTIANO KRAEMER, N. 105","618.194,87","970.000,00",36.27,Sim,"Casa, 0.00 de área total, 195.40 de área privativa, 2266.00 de área do terreno.",Venda Direta Online,https://venda-imoveis.caixa.gov.br/sistema/detalhe-imovel.asp?hdnimovel=10283560,Caixa,Imóvel
1444411432870,RS,PORTO ALEGRE,VILA NOVA,"RUA WALTON PONTES CARPES, N. 39, Apto 303, BL C","213.196,29","334.523,00",36.27,Não,"Apartamento, 0.00 de área total, 57.88 de área privativa, 0.00 de área do terreno, 1 vaga(s) de garagem.",Licitação Aberta,https://venda-imoveis.caixa.gov.br/sistema/detalhe-imovel.asp?hdnimovel=1444411432870,Caixa,Imóvel
8065200000690,RS,PORTO ALEGRE,NONOAI,"AVENIDA FABIO ARAUJO SANTOS, N. 1391, Apto 445,  BL C","166.657,69","261.500,00",36.27,Sim,"Apartamento, 68.08 de área total, 60.65 de área privativa, 0.00 de área do terreno,  2 qto(s), a.serv, WC, 1 sala(s), cozinha.",Venda Direta Online,https://venda-imoveis.caixa.gov.br/sistema/detalhe-imovel.asp?hdnimovel=8065200000690,Caixa,Imóvel
1444420234899,RS,PORTO ALEGRE,MEDIANEIRA,"AVENIDA TERESINA, N. 281, CASA DE ALVENARIA COM TRES PAVIMENTOS","806.202,59","1.265.000,00",36.27,Sim,"Casa, 0.00 de área total, 352.95 de área privativa, 400.00 de área do terreno,  5 qto(s), varanda, a.serv, WC, WC Emp, 2 sala(s), cozinha.",Venda Online,https://venda-imoveis.caixa.gov.br/sistema/detalhe-imovel.asp?hdnimovel=1444420234899,Caixa,Imóvel
10276284,RS,PORTO ALEGRE,PASSO DA AREIA,"RUA ITAPEVA, N. 80, SL 601","293.316,53","460.238,42",36.27,Não,"Sala, 0.00 de área total, 106.20 de área privativa, 0.00 de área do terreno.",Venda Direta Online,https://venda-imoveis.caixa.gov.br/sistema/detalhe-imovel.asp?hdnimovel=10276284,Caixa,Imóvel
1555533898891,RS,PORTO ALEGRE,JARDIM ISABEL,"R EDGAR LUIZ SCHNEIDER, N. 54, CS 9","589.515,73","925.000,00",36.27,Sim,"Casa, 405.31 de área total, 157.59 de área privativa, 126.00 de área do terreno,  3 qto(s), WC, WC Emp, 1 sala(s), 1 lavabo(s), cozinha, 2 vaga(s) de garagem.",Venda Direta Online,https://venda-imoveis.caixa.gov.br/sistema/detalhe-imovel.asp?hdnimovel=1555533898891,Caixa,Imóvel
10276269,RS,PORTO ALEGRE,JARDIM LEOPOLDINA,"RUA JOSEF HALPERN, N. 86, QD G-1, LT 24 (ANTIGA RUA 13)","260.000,00","337.000,00",22.85,Não,"Casa, 0.00 de área total, 73.00 de área privativa, 335.50 de área do terreno.",Leilão SFI - Edital Único,https://venda-imoveis.caixa.gov.br/sistema/detalhe-imovel.asp?hdnimovel=10276269,Caixa,Imóvel
8444413740235,RS,PORTO ALEGRE,RUBEM BERTA,"RUA CAPRICORNIO, N. 35, Apto 102, BL D","138.000,00","138.000,00",0.00,Não,"Apartamento, 56.49 de área total, 52.80 de área privativa, 0.00 de área do terreno,  3 qto(s), a.serv, WC, 1 sala(s), cozinha.",Leilão SFI - Edital Único,https://venda-imoveis.caixa.gov.br/sistema/detalhe-imovel.asp?hdnimovel=8444413740235,Caixa,Imóvel
8444421608715,RS,PORTO ALEGRE,RUBEM BERTA,"RUA PAULO RENATO KETZER DE SOUZA, N. 300, Apto 403, BLOCO E","143.000,00","143.000,00",0.00,Não,"Apartamento, 42.19 de área total, 37.06 de área privativa, 0.00 de área do terreno,  2 qto(s), WC, 1 sala(s), cozinha.",Leilão SFI - Edital Único,https://venda-imoveis.caixa.gov.br/sistema/detalhe-imovel.asp?hdnimovel=8444421608715,Caixa,Imóvel
8787708295650,RS,PORTO ALEGRE,RUBEM BERTA,"RUA DOS MAIAS, N. 1103, Apto 201, BL 15 PAV 02","150.000,00","150.000,00",0.00,Não,"Apartamento, 81.21 de área total, 41.19 de área privativa, 0.00 de área do terreno,  2 qto(s), WC, 1 sala(s), cozinha.",Leilão SFI - Edital Único,https://venda-imoveis.caixa.gov.br/sistema/detalhe-imovel.asp?hdnimovel=8787708295650,Caixa,Imóvel
8555535337682,RS,PORTO ALEGRE,SARANDI,"AVENIDA FRANCISCO SILVEIRA BITENCOURT, N. 1818, Apto AP 40, TR 38","180.000,00","180.000,00",0.00,Não,"Apartamento, 68.77 de área total, 40.26 de área privativa, 0.00 de área do terreno,  2 qto(s), WC, 1 sala(s), cozinha.",Leilão SFI - Edital Único,https://venda-imoveis.caixa.gov.br/sistema/detalhe-imovel.asp?hdnimovel=8555535337682,Caixa,Imóvel
8787716581160,RS,PORTO ALEGRE,PASSO DAS PEDRAS,"AVENIDA KARL IWERS, N. 1800, Apto AP 20, BL 2","196.000,00","196.000,00",0.00,Não,"Apartamento, 69.89 de área total, 41.19 de área privativa, 0.00 de área do terreno,  2 qto(s), WC, 1 sala(s), cozinha.",Leilão SFI - Edital Único,https://venda-imoveis.caixa.gov.br/sistema/detalhe-imovel.asp?hdnimovel=8787716581160,Caixa,Imóvel
8787716637484,RS,PORTO ALEGRE,PASSO DAS PEDRAS,"AVENIDA KARL IWERS, N. 1800, Apto 402, BL 10","209.000,00","209.000,00",0.00,Não,"Apartamento, 69.89 de área total, 41.19 de área privativa, 0.00 de área do terreno,  2 qto(s), WC, 1 sala(s), cozinha.",Leilão SFI - Edital Único,https://venda-imoveis.caixa.gov.br/sistema/detalhe-imovel.asp?hdnimovel=8787716637484,Caixa,Imóvel
8787719457967,RS,PORTO ALEGRE,PASSO DAS PEDRAS,"AVENIDA KARL IWERS, N. 2030, Apto 102, BL 03 TERREO","194.500,00","194.500,00",0.00,Não,"Apartamento, 60.38 de área total, 41.19 de área privativa, 0.00 de área do terreno,  2 qto(s), WC, 1 sala(s), cozinha.",Leilão SFI - Edital Único,https://venda-imoveis.caixa.gov.br/sistema/detalhe-imovel.asp?hdnimovel=8787719457967,Caixa,Imóvel
8444426711239,RS,PORTO ALEGRE,RESTINGA,"ESTRADA BARRO VERMELHO, N. 799, Apto 401, BLOCO H - VAGA 242","128.000,00","128.000,00",0.00,Não,"Apartamento, 0.00 de área total, 45.45 de área privativa, 0.00 de área do terreno, 1 vaga(s) de garagem.",Leilão SFI - Edital Único,https://venda-imoveis.caixa.gov.br/sistema/detalhe-imovel.asp?hdnimovel=8444426711239,Caixa,Imóvel
8555512982107,RS,PORTO ALEGRE,RESTINGA,"RUA CAPITAO PEDROSO, N. 560, Apto 201, BL 10 ANDAR 01 PAV 02","115.000,00","115.000,00",0.00,Não,"Apartamento, 77.89 de área total, 38.72 de área privativa, 0.00 de área do terreno,  2 qto(s), WC, 1 sala(s), cozinha.",Leilão SFI - Edital Único,https://venda-imoveis.caixa.gov.br/sistema/detalhe-imovel.asp?hdnimovel=8555512982107,Caixa,Imóvel
8555517263605,RS,PORTO ALEGRE,RESTINGA,"RUA CAPITAO PEDROSO, N. 672, Apto 101, BL 10","136.000,00","136.000,00",0.00,Não,"Apartamento, 80.81 de área total, 38.72 de área privativa, 0.00 de área do terreno,  2 qto(s), WC, 1 sala(s), cozinha.",Leilão SFI - Edital Único,https://venda-imoveis.caixa.gov.br/sistema/detalhe-imovel.asp?hdnimovel=8555517263605,Caixa,Imóvel
8787707370632,RS,PORTO ALEGRE,RESTINGA,"RUA SABINO PEREIRA NUNES, N. SN, Apto 103, BLOCO 19","155.000,00","155.000,00",0.00,Não,"Apartamento, 69.89 de área total, 40.99 de área privativa, 0.00 de área do terreno,  2 qto(s), a.serv, WC, 1 sala(s).",Leilão SFI - Edital Único,https://venda-imoveis.caixa.gov.br/sistema/detalhe-imovel.asp?hdnimovel=8787707370632,Caixa,Imóvel
8787707935370,RS,PORTO ALEGRE,RESTINGA,"RUA SABINO PEREIRA NUNES, N. 931, Apto 304,  BLOCO 18","160.000,00","160.000,00",0.00,Não,"Apartamento, 69.88 de área total, 40.99 de área privativa, 0.00 de área do terreno,  2 qto(s), WC, 1 sala(s), cozinha, 1 vaga(s) de garagem.",Leilão SFI - Edital Único,https://venda-imoveis.caixa.gov.br/sistema/detalhe-imovel.asp?hdnimovel=8787707935370,Caixa,Imóvel
8787708339275,RS,PORTO ALEGRE,RESTINGA,"RUA SABINO PEREIRA NUNES, N. 931, Apto 503,  BLOCO 18","145.000,00","145.000,00",0.00,Não,"Apartamento, 69.88 de área total, 40.99 de área privativa, 0.00 de área do terreno,  2 qto(s), WC, 1 sala(s), cozinha, 1 vaga(s) de garagem.",Leilão SFI - Edital Único,https://venda-imoveis.caixa.gov.br/sistema/detalhe-imovel.asp?hdnimovel=8787708339275,Caixa,Imóvel
8787708504977,RS,PORTO ALEGRE,RESTINGA,"RUA SABINO PEREIRA NUNES, N. 931, Apto 404, BL.1","161.252,05","161.252,05",0.00,Não,"Apartamento, 0.00 de área total, 40.99 de área privativa, 0.00 de área do terreno.",Leilão SFI - Edital Único,https://venda-imoveis.caixa.gov.br/sistema/detalhe-imovel.asp?hdnimovel=8787708504977,Caixa,Imóvel
8787708681208,RS,PORTO ALEGRE,RESTINGA,"RUA SETE MIL E OITO, N. 280, Apto 301, BL 05","176.000,00","176.000,00",0.00,Não,"Apartamento, 70.94 de área total, 40.46 de área privativa, 0.00 de área do terreno,  2 qto(s), WC, 1 sala(s), cozinha, 1 vaga(s) de garagem.",Leilão SFI - Edital Único,https://venda-imoveis.caixa.gov.br/sistema/detalhe-imovel.asp?hdnimovel=8787708681208,Caixa,Imóvel
8787708990030,RS,PORTO ALEGRE,RESTINGA,"RUA SABINO PEREIRA NUNES, N. 931, Apto 102, BL 11 TERREO","145.000,00","145.000,00",0.00,Não,"Apartamento, 69.88 de área total, 40.99 de área privativa, 0.00 de área do terreno,  1 qto(s), WC, 1 sala(s), cozinha.",Leilão SFI - Edital Único,https://venda-imoveis.caixa.gov.br/sistema/detalhe-imovel.asp?hdnimovel=8787708990030,Caixa,Imóvel
8787712364440,RS,PORTO ALEGRE,RESTINGA,"RUA SABINO PEREIRA NUNES, N. 932, Apto 504, BL 18","142.500,00","142.500,00",0.00,Não,"Apartamento, 74.20 de área total, 41.19 de área privativa, 0.00 de área do terreno, 1 vaga(s) de garagem.",Leilão SFI - Edital Único,https://venda-imoveis.caixa.gov.br/sistema/detalhe-imovel.asp?hdnimovel=8787712364440,Caixa,Imóvel
8787712822651,RS,PORTO ALEGRE,RESTINGA,"RUA SETE MIL E OITO, N. 300, Apto 102, BL 02 TERREO PAV 01 LT 01 02 03 QD C","135.000,00","135.000,00",0.00,Não,"Apartamento, 0.00 de área total, 40.82 de área privativa, 0.00 de área do terreno.",Leilão SFI - Edital Único,https://venda-imoveis.caixa.gov.br/sistema/detalhe-imovel.asp?hdnimovel=8787712822651,Caixa,Imóvel
8787713299499,RS,PORTO ALEGRE,RESTINGA,"RUA SABINO PEREIRA NUNES, N. 932, Apto 203, BL 14","156.523,64","156.523,64",0.00,Não,"Apartamento, 74.20 de área total, 41.19 de área privativa, 0.00 de área do terreno.",Leilão SFI - Edital Único,https://venda-imoveis.caixa.gov.br/sistema/detalhe-imovel.asp?hdnimovel=8787713299499,Caixa,Imóvel
8787718407176,RS,PORTO ALEGRE,RESTINGA,"RUA SETE MIL E OITO, N. 300, Apto 401, BL 22","192.299,55","192.299,55",0.00,Não,"Apartamento, 61.71 de área total, 40.82 de área privativa, 0.00 de área do terreno,  2 qto(s), WC, 1 sala(s), cozinha.",Leilão SFI - Edital Único,https://venda-imoveis.caixa.gov.br/sistema/detalhe-imovel.asp?hdnimovel=8787718407176,Caixa,Imóvel
8555535443121,RS,PORTO ALEGRE,MORRO SANTANA,"AVENIDA PROTASIO ALVES, N. 8201, Apto 106, TORRE 6 VG 703","205.000,00","205.000,00",0.00,Não,"Apartamento, 67.55 de área total, 42.39 de área privativa, 0.00 de área do terreno,  1 qto(s), WC, 1 sala(s), cozinha, 1 vaga(s) de garagem.",Leilão SFI - Edital Único,https://venda-imoveis.caixa.gov.br/sistema/detalhe-imovel.asp?hdnimovel=8555535443121,Caixa,Imóvel
8787706453550,RS,PORTO ALEGRE,MORRO SANTANA,"AVENIDA PROTASIO ALVES, N. 10535, Apto 501, BL 20 VG 484","160.000,00","160.000,00",0.00,Não,"Apartamento, 98.67 de área total, 40.23 de área privativa, 0.00 de área do terreno,  2 qto(s), WC, 1 sala(s), cozinha, 1 vaga(s) de garagem.",Leilão SFI - Edital Único,https://venda-imoveis.caixa.gov.br/sistema/detalhe-imovel.asp?hdnimovel=8787706453550,Caixa,Imóvel
8787706860938,RS,PORTO ALEGRE,MORRO SANTANA,"AVENIDA PROTASIO ALVES, N. 10535, Apto 502, BL 12 VG 268","169.000,00","169.000,00",0.00,Não,"Apartamento, 98.67 de área total, 40.23 de área privativa, 0.00 de área do terreno,  2 qto(s), WC, 1 sala(s), cozinha, 1 vaga(s) de garagem.",Leilão SFI - Edital Único,https://venda-imoveis.caixa.gov.br/sistema/detalhe-imovel.asp?hdnimovel=8787706860938,Caixa,Imóvel
1444420014171,RS,PORTO ALEGRE,ESPIRITO SANTO,"RUA PROFESSORA THEREZA NORONHA, N. SN, CASA 26","380.000,00","380.000,00",0.00,Não,"Casa, 130.19 de área total, 115.03 de área privativa, 57.28 de área do terreno,  2 qto(s), a.serv, WC, 1 sala(s), 1 vaga(s) de garagem.",Leilão SFI - Edital Único,https://venda-imoveis.caixa.gov.br/sistema/detalhe-imovel.asp?hdnimovel=1444420014171,Caixa,Imóvel
1444407673272,RS,PORTO ALEGRE,CAVALHADA,"RUA DOUTOR EGYDIO MICHAELSEN, N. 342, LT A3 ANTIGA RUA B","840.000,00","840.000,00",0.00,Não,"Casa, 240.88 de área total, 240.88 de área privativa, 165.00 de área do terreno,  3 qto(s), a.serv, WC, 2 sala(s), 1 lavabo(s), cozinha, Terraco, 2 vaga(s) de garagem.",Leilão SFI - Edital Único,https://venda-imoveis.caixa.gov.br/sistema/detalhe-imovel.asp?hdnimovel=1444407673272,Caixa,Imóvel
1444420938837,RS,PORTO ALEGRE,CAVALHADA,"AVENIDA DA CAVALHADA, N. 6247, CASA 02","668.000,00","668.000,00",0.00,Não,"Casa, 133.36 de área total, 111.75 de área privativa, 150.00 de área do terreno,  4 qto(s), a.serv, WC, 1 sala(s), 1 lavabo(s), cozinha, Terraco, 3 vaga(s) de garagem.",Leilão SFI - Edital Único,https://venda-imoveis.caixa.gov.br/sistema/detalhe-imovel.asp?hdnimovel=1444420938837,Caixa,Imóvel
8787701443794,RS,PORTO ALEGRE,CAVALHADA,"AVENIDA FAMILIA GONCALVES CARNEIRO, N. 441, Apto 401,  BLOCO 22","177.000,00","177.000,00",0.00,Não,"Apartamento, 85.19 de área total, 40.29 de área privativa, 0.00 de área do terreno, 1 vaga(s) de garagem.",Leilão SFI - Edital Único,https://venda-imoveis.caixa.gov.br/sistema/detalhe-imovel.asp?hdnimovel=8787701443794,Caixa,Imóvel
8787710903492,RS,PORTO ALEGRE,CAVALHADA,"AVENIDA FAMILIA GONCALVES CARNEIRO, N. 201, Apto 501, BL.4 5°PAV. VG.N°52","186.000,00","186.000,00",0.00,Não,"Apartamento, 73.41 de área total, 40.82 de área privativa, 0.00 de área do terreno,  2 qto(s), WC, 1 sala(s), cozinha, 1 vaga(s) de garagem.",Leilão SFI - Edital Único,https://venda-imoveis.caixa.gov.br/sistema/detalhe-imovel.asp?hdnimovel=8787710903492,Caixa,Imóvel
1444424463736,RS,PORTO ALEGRE,FARROUPILHA,"RUA SANTANA, N. 703,","470.000,00","470.000,00",0.00,Não,"Casa, 101.00 de área total, 101.00 de área privativa, 108.10 de área do terreno,  2 qto(s), WC, 1 sala(s), cozinha.",Leilão SFI - Edital Único,https://venda-imoveis.caixa.gov.br/sistema/detalhe-imovel.asp?hdnimovel=1444424463736,Caixa,Imóvel
1444414616904,RS,PORTO ALEGRE,JARDIM CARVALHO,"RUA ATTILIO BILIBIO, N. 120, 128","1.333.000,00","1.333.000,00",0.00,Não,"Casa, 350.08 de área total, 223.41 de área privativa, 350.08 de área do terreno,  3 qto(s), a.serv, WC, 1 sala(s), 1 lavabo(s), cozinha, 2 vaga(s) de garagem.",Leilão SFI - Edital Único,https://venda-imoveis.caixa.gov.br/sistema/detalhe-imovel.asp?hdnimovel=1444414616904,Caixa,Imóvel
8555513943415,RS,PORTO ALEGRE,VILA NOVA,"RUA ATILIO SUPERTTI, N. 1430, Apto 147, BLOCO M TÉRREO","130.000,00","130.000,00",0.00,Não,"Apartamento, 40.40 de área total, 36.03 de área privativa, 0.00 de área do terreno,  2 qto(s), WC, 1 sala(s), cozinha, 1 vaga(s) de garagem.",Leilão SFI - Edital Único,https://venda-imoveis.caixa.gov.br/sistema/detalhe-imovel.asp?hdnimovel=8555513943415,Caixa,Imóvel
8555519183749,RS,PORTO ALEGRE,VILA NOVA,"RUA ATILIO SUPERTTI, N. 1430, Apto 116, BL D","120.000,00","120.000,00",0.00,Não,"Apartamento, 40.40 de área total, 36.03 de área privativa, 0.00 de área do terreno,  2 qto(s), WC, 1 sala(s), cozinha.",Leilão SFI - Edital Único,https://venda-imoveis.caixa.gov.br/sistema/detalhe-imovel.asp?hdnimovel=8555519183749,Caixa,Imóvel
1155533900360,RS,PORTO ALEGRE,JARDIM DO SALSO,"RUA SAO JOSEMARIA ESCRIVA, N. 555, Apto 901, TORRE A PAV 09","1.600.000,00","1.600.000,00",0.00,Não,"Apartamento, 0.00 de área total, 127.35 de área privativa, 0.00 de área do terreno, 1 vaga(s) de garagem.",Leilão SFI - Edital Único,https://venda-imoveis.caixa.gov.br/sistema/detalhe-imovel.asp?hdnimovel=1155533900360,Caixa,Imóvel
1155533900378,RS,PORTO ALEGRE,JARDIM DO SALSO,"RUA SAO JOSEMARIA ESCRIVA, N. 555, Apto 102, TORRE B TERREO","1.350.000,00","1.350.000,00",0.00,Não,"Apartamento, 0.00 de área total, 101.75 de área privativa, 0.00 de área do terreno, 1 vaga(s) de garagem.",Leilão SFI - Edital Único,https://venda-imoveis.caixa.gov.br/sistema/detalhe-imovel.asp?hdnimovel=1155533900378,Caixa,Imóvel
8444413912672,RS,PORTO ALEGRE,HUMAITA,"AVENIDA PALMIRA GOBBI, N. 886, Apto 709, BL D","143.584,38","143.584,38",0.00,Não,"Apartamento, 0.00 de área total, 42.28 de área privativa, 0.00 de área do terreno.",Leilão SFI - Edital Único,https://venda-imoveis.caixa.gov.br/sistema/detalhe-imovel.asp?hdnimovel=8444413912672,Caixa,Imóvel
8787704037584,RS,PORTO ALEGRE,HUMAITA,"AVENIDA ERNESTO NEUGEBAUER, N. 1820, Apto 104, TR 02","237.000,00","237.000,00",0.00,Não,"Apartamento, 0.00 de área total, 43.91 de área privativa, 0.00 de área do terreno,  2 qto(s), a.serv, WC, 1 sala(s), cozinha.",Leilão SFI - Edital Único,https://venda-imoveis.caixa.gov.br/sistema/detalhe-imovel.asp?hdnimovel=8787704037584,Caixa,Imóvel
8787721611250,RS,PORTO ALEGRE,HUMAITA,"AVENIDA ERNESTO NEUGEBAUER, N. 820, Apto 101, TORRE 3","300.000,00","300.000,00",0.00,Não,"Apartamento, 102.25 de área total, 67.31 de área privativa, 0.00 de área do terreno,  2 qto(s), WC, 1 sala(s), cozinha, 1 vaga(s) de garagem.",Leilão SFI - Edital Único,https://venda-imoveis.caixa.gov.br/sistema/detalhe-imovel.asp?hdnimovel=8787721611250,Caixa,Imóvel
8787718199247,RS,PORTO ALEGRE,HIPICA,"RUA CINCO MIL CENTO E DEZESSETE, N. 615, Apto 301, BL19","180.000,00","180.000,00",0.00,Não,"Apartamento, 36.39 de área total, 24.08 de área privativa, 0.00 de área do terreno,  1 qto(s), WC, 1 sala(s), cozinha.",Leilão SFI - Edital Único,https://venda-imoveis.caixa.gov.br/sistema/detalhe-imovel.asp?hdnimovel=8787718199247,Caixa,Imóvel
8787719119913,RS,PORTO ALEGRE,HIPICA,"RUA CINCO MIL CENTO E DEZESSETE, N. 615, Apto 303, BLOCO 22 TERCEIRO PAVIMENTO","155.000,00","155.000,00",0.00,Não,"Apartamento, 35.93 de área total, 23.78 de área privativa, 0.00 de área do terreno,  1 qto(s), WC.",Leilão SFI - Edital Único,https://venda-imoveis.caixa.gov.br/sistema/detalhe-imovel.asp?hdnimovel=8787719119913,Caixa,Imóvel
8787719895670,RS,PORTO ALEGRE,HIPICA,"RUA EMBIRA, N. 615, Apto 401, BL 01 PAV 04 LT 01 QD B","252.000,00","252.000,00",0.00,Não,"Apartamento, 67.24 de área total, 44.49 de área privativa, 0.00 de área do terreno,  2 qto(s), a.serv, WC, 1 sala(s), cozinha.",Leilão SFI - Edital Único,https://venda-imoveis.caixa.gov.br/sistema/detalhe-imovel.asp?hdnimovel=8787719895670,Caixa,Imóvel
8043000502119,RS,PORTO ALEGRE,IPANEMA,"RUA PAULO MACIEL, N. 65, Apto 109, BL 29, LT 01 AO 06, QD F","86.000,00","86.000,00",0.00,Não,"Apartamento, 46.04 de área total, 36.42 de área privativa, 0.00 de área do terreno,  2 qto(s), WC, 1 sala(s), cozinha.",Leilão SFI - Edital Único,https://venda-imoveis.caixa.gov.br/sistema/detalhe-imovel.asp?hdnimovel=8043000502119,Caixa,Imóvel
8787700480114,RS,PORTO ALEGRE,MARIO QUINTANA,"RUA IRMA TERESILDA STEFFEN, N. 255, Apto 502, TORRE 4 PAV 05 LT 01 02 03 04 QD C2","173.000,00","173.000,00",0.00,Não,"Apartamento, 92.53 de área total, 40.29 de área privativa, 0.00 de área do terreno,  2 qto(s), WC, 1 sala(s), cozinha.",Leilão SFI - Edital Único,https://venda-imoveis.caixa.gov.br/sistema/detalhe-imovel.asp?hdnimovel=8787700480114,Caixa,Imóvel
8787702290991,RS,PORTO ALEGRE,MARIO QUINTANA,"RUA IRMA TERESILDA STEFFEN, N. 115, Apto 104, TORRE 10 TERREO LT 01 02 03 03 QD E2","175.000,00","175.000,00",0.00,Não,"Apartamento, 90.41 de área total, 40.29 de área privativa, 0.00 de área do terreno,  2 qto(s), WC, 1 sala(s), cozinha.",Leilão SFI - Edital Único,https://venda-imoveis.caixa.gov.br/sistema/detalhe-imovel.asp?hdnimovel=8787702290991,Caixa,Imóvel
8444420307053,RS,PORTO ALEGRE,PARQUE SANTA FE,"AVENIDA EDU LASCASAS, N. 790, Apto 403, BL A PAV 04","145.000,00","145.000,00",0.00,Não,"Apartamento, 43.53 de área total, 38.47 de área privativa, 0.00 de área do terreno,  2 qto(s), WC, 1 sala(s), cozinha.",Leilão SFI - Edital Único,https://venda-imoveis.caixa.gov.br/sistema/detalhe-imovel.asp?hdnimovel=8444420307053,Caixa,Imóvel
8787708514786,RS,PORTO ALEGRE,PARQUE SANTA FE,"RUA REVERENDO OLAVO NUNES, N. 270, Apto 407, BOX 144","230.000,00","230.000,00",0.00,Não,"Apartamento, 99.31 de área total, 44.32 de área privativa, 0.00 de área do terreno,  2 qto(s), WC, 1 sala(s), cozinha, 1 vaga(s) de garagem.",Leilão SFI - Edital Único,https://venda-imoveis.caixa.gov.br/sistema/detalhe-imovel.asp?hdnimovel=8787708514786,Caixa,Imóvel
1787701849369,RS,PORTO ALEGRE,COSTA E SILVA,"RUA WALDEMAR LUIZ DE FREITAS FILHO, N. 470, Apto 803, TORRE 2 PAV 08 VG 614","243.000,00","243.000,00",0.00,Não,"Apartamento, 75.98 de área total, 44.31 de área privativa, 0.00 de área do terreno,  2 qto(s), WC, 1 sala(s), cozinha, 1 vaga(s) de garagem.",Leilão SFI - Edital Único,https://venda-imoveis.caixa.gov.br/sistema/detalhe-imovel.asp?hdnimovel=1787701849369,Caixa,Imóvel
8787712462728,RS,PORTO ALEGRE,COSTA E SILVA,"RUA WALDEMAR LUIZ DE FREITAS FILHO, N. 470, Apto 208, TORRE 3 PAV 02 VG 172","220.000,00","220.000,00",0.00,Não,"Apartamento, 65.40 de área total, 44.32 de área privativa, 0.00 de área do terreno,  2 qto(s), a.serv, WC, 1 sala(s), cozinha, 1 vaga(s) de garagem.",Leilão SFI - Edital Único,https://venda-imoveis.caixa.gov.br/sistema/detalhe-imovel.asp?hdnimovel=8787712462728,Caixa,Imóvel
8787709498938,RS,PORTO ALEGRE,SANTA ROSA DE LIMA,"RUA DOS MAIAS, N. 1103, Apto 102, BL 18","145.282,48","145.282,48",0.00,Não,"Apartamento, 81.21 de área total, 41.19 de área privativa, 0.00 de área do terreno,  2 qto(s), WC, 1 sala(s), cozinha.",Leilão SFI - Edital Único,https://venda-imoveis.caixa.gov.br/sistema/detalhe-imovel.asp?hdnimovel=8787709498938,Caixa,Imóvel
8444415024502,RS,PORTO ALEGRE,JARDIM LEOPOLDINA,"RUA CARLOS ESTEVAO, N. 845, Apto 201, BL 4 PAV 2","145.000,00","145.000,00",0.00,Não,"Apartamento, 49.05 de área total, 42.26 de área privativa, 0.00 de área do terreno,  1 qto(s), WC, 1 sala(s), cozinha.",Leilão SFI - Edital Único,https://venda-imoveis.caixa.gov.br/sistema/detalhe-imovel.asp?hdnimovel=8444415024502,Caixa,Imóvel
8555525286074,RS,PORTO ALEGRE,JARDIM LEOPOLDINA,"RUA GERMANO BASLER, N. 115, Apto 102, BL G","158.000,00","158.000,00",0.00,Não,"Apartamento, 0.00 de área total, 38.34 de área privativa, 0.00 de área do terreno,  2 qto(s), a.serv, WC, 1 sala(s), cozinha.",Leilão SFI - Edital Único,https://venda-imoveis.caixa.gov.br/sistema/detalhe-imovel.asp?hdnimovel=8555525286074,Caixa,Imóvel
8787709196583,RS,PORTO ALEGRE,RESTINGA,"RUA SABINO PEREIRA NUNES, N. 931, Apto 502, B17 5 PAV","142.134,78","142.000,00",0.00,Não,"Apartamento, 69.88 de área total, 40.99 de área privativa, 0.00 de área do terreno.",Leilão SFI - Edital Único,https://venda-imoveis.caixa.gov.br/sistema/detalhe-imovel.asp?hdnimovel=8787709196583,Caixa,Imóvel
8787717924657,RS,PORTO ALEGRE,HIPICA,"RUA CINCO MIL CENTO E DEZESSETE, N. 615, Apto 203, BL 19","147.291,25","147.000,00",0.00,Não,"Apartamento, 35.93 de área total, 23.78 de área privativa, 0.00 de área do terreno,  1 qto(s), cozinha.",Leilão SFI - Edital Único,https://venda-imoveis.caixa.gov.br/sistema/detalhe-imovel.asp?hdnimovel=8787717924657,Caixa,Imóvel
8787717854829,RS,PORTO ALEGRE,PASSO DAS PEDRAS,"AVENIDA KARL IWERS, N. 2029, Apto 501, BL 02 PAV 05","180.758,39","180.000,00",0.00,Não,"Apartamento, 67.50 de área total, 41.19 de área privativa, 0.00 de área do terreno,  2 qto(s), WC, 1 sala(s), cozinha.",Leilão SFI - Edital Único,https://venda-imoveis.caixa.gov.br/sistema/detalhe-imovel.asp?hdnimovel=8787717854829,Caixa,Imóvel
8787709043531,RS,PORTO ALEGRE,RESTINGA,"RUA SABINO PEREIRA NUNES, N. 931, Apto 502, BL 11, LT 01 E 02, QD B,","140.825,86","140.000,00",0.00,Não,"Apartamento, 69.88 de área total, 40.99 de área privativa, 0.00 de área do terreno,  2 qto(s), WC, 1 sala(s), cozinha.",Leilão SFI - Edital Único,https://venda-imoveis.caixa.gov.br/sistema/detalhe-imovel.asp?hdnimovel=8787709043531,Caixa,Imóvel
8787719723292,RS,PORTO ALEGRE,SANTA ROSA DE LIMA,"RUA JOAO PARIS, N. 452, Apto AP 40, BL 4","187.369,52","185.700,00",0.00,Não,"Apartamento, 66.99 de área total, 41.19 de área privativa, 0.00 de área do terreno,  2 qto(s), WC, 1 sala(s), cozinha.",Leilão SFI - Edital Único,https://venda-imoveis.caixa.gov.br/sistema/detalhe-imovel.asp?hdnimovel=8787719723292,Caixa,Imóvel
8787721202202,RS,PORTO ALEGRE,SANTA TEREZA,"RUA CRUZEIRO DO SUL, N. 2077, Apto 202, BL 6","221.384,00","219.000,00",0.00,Não,"Apartamento, 80.51 de área total, 41.19 de área privativa, 0.00 de área do terreno,  2 qto(s), WC, 1 sala(s), cozinha.",Leilão SFI - Edital Único,https://venda-imoveis.caixa.gov.br/sistema/detalhe-imovel.asp?hdnimovel=8787721202202,Caixa,Imóvel
8787719798411,RS,PORTO ALEGRE,PASSO DAS PEDRAS,"AVENIDA KARL IWERS, N. 2030, Apto 104, BL 01 TERREO","198.628,19","196.000,00",0.00,Não,"Apartamento, 60.38 de área total, 41.19 de área privativa, 0.00 de área do terreno,  2 qto(s), WC, 1 sala(s), cozinha.",Leilão SFI - Edital Único,https://venda-imoveis.caixa.gov.br/sistema/detalhe-imovel.asp?hdnimovel=8787719798411,Caixa,Imóvel
8787719464238,RS,PORTO ALEGRE,PASSO DAS PEDRAS,"AVENIDA KARL IWERS, N. 2030, Apto 502, BL 06 PAV 05","199.264,72","196.000,00",0.00,Não,"Apartamento, 60.38 de área total, 41.19 de área privativa, 0.00 de área do terreno,  2 qto(s), WC, 1 sala(s), cozinha.",Leilão SFI - Edital Único,https://venda-imoveis.caixa.gov.br/sistema/detalhe-imovel.asp?hdnimovel=8787719464238,Caixa,Imóvel
8787717227719,RS,PORTO ALEGRE,COSTA E SILVA,"RUA WALDEMAR LUIZ DE FREITAS FILHO, N. 470, Apto 501, TORRE 3 PAV 05 VG 189","239.527,59","235.000,00",0.00,Não,"Apartamento, 75.98 de área total, 44.32 de área privativa, 0.00 de área do terreno,  2 qto(s), WC, 1 sala(s), cozinha, 1 vaga(s) de garagem.",Leilão SFI - Edital Único,https://venda-imoveis.caixa.gov.br/sistema/detalhe-imovel.asp?hdnimovel=8787717227719,Caixa,Imóvel
8444435618939,RS,PORTO ALEGRE,VILA NOVA,"BECO IMPERIO, N. 241, Apto 407, BL B","140.839,45","138.000,00",0.00,Não,"Apartamento, 53.36 de área total, 43.17 de área privativa, 0.00 de área do terreno,  2 qto(s), 1 sala(s), cozinha.",Leilão SFI - Edital Único,https://venda-imoveis.caixa.gov.br/sistema/detalhe-imovel.asp?hdnimovel=8444435618939,Caixa,Imóvel
8444432575422,RS,PORTO ALEGRE,LOMBA DO PINHEIRO,"ESTRADA JOAO DE OLIVEIRA REMIAO, N. 6700, Apto 156, BLOCO 05 PAVIMENTO TÉRREO","127.876,50","125.000,00",0.00,Não,"Apartamento, 0.00 de área total, 39.03 de área privativa, 0.00 de área do terreno,  2 qto(s), WC, 1 sala(s), cozinha.",Leilão SFI - Edital Único,https://venda-imoveis.caixa.gov.br/sistema/detalhe-imovel.asp?hdnimovel=8444432575422,Caixa,Imóvel
8787710629242,RS,PORTO ALEGRE,COSTA E SILVA,"RUA WALDEMAR LUIZ DE FREITAS FILHO, N. 470, Apto 203, T.1 2°PAV VG.N°11 LT.2 QD.B LOT.USINAS","215.258,10","210.000,00",0.00,Não,"Apartamento, 0.00 de área total, 44.31 de área privativa, 0.00 de área do terreno, 1 vaga(s) de garagem.",Leilão SFI - Edital Único,https://venda-imoveis.caixa.gov.br/sistema/detalhe-imovel.asp?hdnimovel=8787710629242,Caixa,Imóvel
8787720514251,RS,PORTO ALEGRE,CAMAQUA,"RUA SILVIO SILVEIRA SOARES, N. 2688, Apto 402, TORRE 03","359.192,40","350.000,00",0.00,Não,"Apartamento, 99.05 de área total, 54.73 de área privativa, 0.00 de área do terreno,  2 qto(s), WC, 1 sala(s), cozinha, 1 vaga(s) de garagem.",Leilão SFI - Edital Único,https://venda-imoveis.caixa.gov.br/sistema/detalhe-imovel.asp?hdnimovel=8787720514251,Caixa,Imóvel
8787718366275,RS,PORTO ALEGRE,HIPICA,"RUA EMBIRA (ESQUINA RUA 5117), N. 615, Apto 301, BLOCO 23","148.809,86","145.000,00",0.00,Não,"Apartamento, 36.39 de área total, 24.08 de área privativa, 0.00 de área do terreno,  1 qto(s), cozinha.",Leilão SFI - Edital Único,https://venda-imoveis.caixa.gov.br/sistema/detalhe-imovel.asp?hdnimovel=8787718366275,Caixa,Imóvel
8787718452112,RS,PORTO ALEGRE,HIPICA,"RUA EMBIRA, N. 615, Apto 505, BL 23, LT 01, QD B","148.099,03","144.000,00",0.00,Não,"Apartamento, 36.22 de área total, 23.97 de área privativa, 0.00 de área do terreno,  1 qto(s), cozinha.",Leilão SFI - Edital Único,https://venda-imoveis.caixa.gov.br/sistema/detalhe-imovel.asp?hdnimovel=8787718452112,Caixa,Imóvel
1444423880805,RS,PORTO ALEGRE,FARROUPILHA,"RUA SANTANA, N. 701,","576.665,03","560.000,00",0.00,Não,"Casa, 141.25 de área total, 141.25 de área privativa, 108.10 de área do terreno,  3 qto(s), a.serv, WC, 1 sala(s), cozinha.",Leilão SFI - Edital Único,https://venda-imoveis.caixa.gov.br/sistema/detalhe-imovel.asp?hdnimovel=1444423880805,Caixa,Imóvel
8787700531967,RS,PORTO ALEGRE,JARDIM LEOPOLDINA,"AVENIDA JUSCELINO KUBITSCHEK DE OLIVEIRA, N. 570, Apto 402, BL 04 PAV 04 VG 217 LT 02 QD O","170.689,31","165.000,00",0.00,Não,"Apartamento, 67.13 de área total, 40.98 de área privativa, 0.00 de área do terreno,  2 qto(s), WC, 1 sala(s), cozinha, 1 vaga(s) de garagem.",Leilão SFI - Edital Único,https://venda-imoveis.caixa.gov.br/sistema/detalhe-imovel.asp?hdnimovel=8787700531967,Caixa,Imóvel
8787707859933,RS,PORTO ALEGRE,RESTINGA,"RUA SABINO PEREIRA NUNES, N. 931, Apto 402, BL 16 PAV 04 LT 01 02 QD B","145.000,00","140.000,00",0.00,Não,"Apartamento, 69.88 de área total, 40.99 de área privativa, 0.00 de área do terreno,  2 qto(s), WC, 1 sala(s), cozinha.",Leilão SFI - Edital Único,https://venda-imoveis.caixa.gov.br/sistema/detalhe-imovel.asp?hdnimovel=8787707859933,Caixa,Imóvel
8787719852017,RS,PORTO ALEGRE,COSTA E SILVA,"RUA WALDEMAR LUIZ DE FREITAS FILHO, N. 470, Apto 602, TORRE 6 QD B LT 2 BOX 425","254.115,12","245.000,00",0.00,Não,"Apartamento, 75.98 de área total, 44.32 de área privativa, 0.00 de área do terreno,  2 qto(s), WC, 1 sala(s), cozinha, 1 vaga(s) de garagem.",Leilão SFI - Edital Único,https://venda-imoveis.caixa.gov.br/sistema/detalhe-imovel.asp?hdnimovel=8787719852017,Caixa,Imóvel
8787721761015,RS,PORTO ALEGRE,SANTA ROSA DE LIMA,"RUA JOAO PARIS, N. 452, Apto AP 40, BL 9","210.943,61","203.000,00",0.00,Não,"Apartamento, 66.99 de área total, 41.19 de área privativa, 0.00 de área do terreno,  2 qto(s), WC, 1 sala(s), cozinha, 1 vaga(s) de garagem.",Leilão SFI - Edital Único,https://venda-imoveis.caixa.gov.br/sistema/detalhe-imovel.asp?hdnimovel=8787721761015,Caixa,Imóvel
8787718608856,RS,PORTO ALEGRE,SANTA TEREZA,"RUA CRUZEIRO DO SUL, N. 2077, Apto AP 40, BL 1","198.082,00","190.000,00",0.00,Não,"Apartamento, 69.21 de área total, 41.19 de área privativa, 0.00 de área do terreno,  2 qto(s), WC, 1 sala(s), cozinha, 1 vaga(s) de garagem.",Leilão SFI - Edital Único,https://venda-imoveis.caixa.gov.br/sistema/detalhe-imovel.asp?hdnimovel=8787718608856,Caixa,Imóvel
8787719860400,RS,PORTO ALEGRE,SANTA ROSA DE LIMA,"RUA JOAO PARIS, N. 452, Apto AP 10, BL 10","212.149,97","203.000,00",0.00,Não,"Apartamento, 66.99 de área total, 41.19 de área privativa, 0.00 de área do terreno,  2 qto(s), WC, 1 sala(s), cozinha, 1 vaga(s) de garagem.",Leilão SFI - Edital Único,https://venda-imoveis.caixa.gov.br/sistema/detalhe-imovel.asp?hdnimovel=8787719860400,Caixa,Imóvel
8555537205090,RS,PORTO ALEGRE,HIPICA,"AVENIDA EDGAR PIRES DE CASTRO, N. 151, Apto 402, BL 5  ANTIGA RUA 7091","157.018,81","150.000,00",0.00,Não,"Apartamento, 0.00 de área total, 40.29 de área privativa, 0.00 de área do terreno.",Leilão SFI - Edital Único,https://venda-imoveis.caixa.gov.br/sistema/detalhe-imovel.asp?hdnimovel=8555537205090,Caixa,Imóvel
8787707898467,RS,PORTO ALEGRE,RUBEM BERTA,"RUA DOS MAIAS, N. 1103, Apto 202, BL 07 PAV 02","157.203,20","150.000,00",0.00,Não,"Apartamento, 81.21 de área total, 41.19 de área privativa, 0.00 de área do terreno,  2 qto(s), WC, 1 sala(s), cozinha.",Leilão SFI - Edital Único,https://venda-imoveis.caixa.gov.br/sistema/detalhe-imovel.asp?hdnimovel=8787707898467,Caixa,Imóvel
8555522863178,RS,PORTO ALEGRE,GLORIA,"RUA CORONEL APARICIO BORGES, N. 910, Apto 402, BL B BOX 77","226.000,00","215.000,00",0.00,Não,"Apartamento, 85.01 de área total, 44.16 de área privativa, 0.00 de área do terreno,  2 qto(s), WC, 1 sala(s), cozinha, 1 vaga(s) de garagem.",Leilão SFI - Edital Único,https://venda-imoveis.caixa.gov.br/sistema/detalhe-imovel.asp?hdnimovel=8555522863178,Caixa,Imóvel
8444428106537,RS,PORTO ALEGRE,CAMPO NOVO,"RUA TOME ANTONIO DE SOUZA, N. 240, Apto 464, BLOCO  P, QUARTO PAVIMENTO","131.619,19","125.000,00",0.00,Não,"Apartamento, 48.89 de área total, 39.03 de área privativa, 0.00 de área do terreno,  2 qto(s), WC, 1 sala(s), cozinha.",Leilão SFI - Edital Único,https://venda-imoveis.caixa.gov.br/sistema/detalhe-imovel.asp?hdnimovel=8444428106537,Caixa,Imóvel
8787721013523,RS,PORTO ALEGRE,IPANEMA,"ESTRADA CAMPO NOVO, N. 459, Apto 502, BL 23","210.691,98","200.000,00",0.00,Não,"Apartamento, 68.16 de área total, 41.19 de área privativa, 0.00 de área do terreno.",Leilão SFI - Edital Único,https://venda-imoveis.caixa.gov.br/sistema/detalhe-imovel.asp?hdnimovel=8787721013523,Caixa,Imóvel
8787721028890,RS,PORTO ALEGRE,IPANEMA,"ESTRADA CAMPO NOVO, N. 459, Apto 104, BL 23","210.685,22","200.000,00",0.00,Não,"Apartamento, 68.16 de área total, 41.19 de área privativa, 0.00 de área do terreno.",Leilão SFI - Edital Único,https://venda-imoveis.caixa.gov.br/sistema/detalhe-imovel.asp?hdnimovel=8787721028890,Caixa,Imóvel
8787716410161,RS,PORTO ALEGRE,PASSO DAS PEDRAS,"AVENIDA KARL IWERS, N. 1800, Apto AP 40, BL 8","184.441,48","175.000,00",0.00,Não,"Apartamento, 69.89 de área total, 41.19 de área privativa, 0.00 de área do terreno,  2 qto(s), WC, 1 sala(s), cozinha.",Leilão SFI - Edital Único,https://venda-imoveis.caixa.gov.br/sistema/detalhe-imovel.asp?hdnimovel=8787716410161,Caixa,Imóvel
8555537689080,RS,PORTO ALEGRE,MORRO SANTANA,"AVENIDA PROTASIO ALVES, N. 9277, Apto 101, BL 02, VAGA N 113","195.000,00","185.000,00",0.00,Não,"Apartamento, 64.51 de área total, 45.35 de área privativa, 0.00 de área do terreno,  2 qto(s), WC, 1 sala(s), cozinha, 1 vaga(s) de garagem.",Leilão SFI - Edital Único,https://venda-imoveis.caixa.gov.br/sistema/detalhe-imovel.asp?hdnimovel=8555537689080,Caixa,Imóvel
8787720230504,RS,PORTO ALEGRE,IPANEMA,"ESTRADA CAMPO NOVO, N. 459, Apto 202, BLOCO 10","211.002,45","200.000,00",0.00,Não,"Apartamento, 68.15 de área total, 41.19 de área privativa, 0.00 de área do terreno,  2 qto(s), WC, 1 sala(s), cozinha.",Leilão SFI - Edital Único,https://venda-imoveis.caixa.gov.br/sistema/detalhe-imovel.asp?hdnimovel=8787720230504,Caixa,Imóvel
8787719228038,RS,PORTO ALEGRE,RESTINGA,"RUA SETE MIL E QUINZE, N. 54, LT 13F QD F","263.781,73","250.000,00",0.00,Não,"Casa, 42.45 de área total, 42.45 de área privativa, 150.00 de área do terreno,  2 qto(s), WC, 1 sala(s), cozinha, 1 vaga(s) de garagem.",Leilão SFI - Edital Único,https://venda-imoveis.caixa.gov.br/sistema/detalhe-imovel.asp?hdnimovel=8787719228038,Caixa,Imóvel
1444400783668,RS,PORTO ALEGRE,CAMAQUA,"AVENIDA OTTO NIEMEYER, N. 1702, Apto 806, TORRE B - ESPÍRITO SANTO 7º ANDAR","330.300,00","313.000,00",0.00,Não,"Apartamento, 123.69 de área total, 67.54 de área privativa, 0.00 de área do terreno,  3 qto(s), WC, 1 sala(s), cozinha, 1 vaga(s) de garagem.",Leilão SFI - Edital Único,https://venda-imoveis.caixa.gov.br/sistema/detalhe-imovel.asp?hdnimovel=1444400783668,Caixa,Imóvel
8787717512278,RS,PORTO ALEGRE,PASSO DAS PEDRAS,"AVENIDA KARL IWERS, N. 2029, Apto 302, BL 06 PAV 03","200.516,76","190.000,00",0.00,Não,"Apartamento, 67.50 de área total, 41.19 de área privativa, 0.00 de área do terreno,  2 qto(s), WC, 1 sala(s), cozinha.",Leilão SFI - Edital Único,https://venda-imoveis.caixa.gov.br/sistema/detalhe-imovel.asp?hdnimovel=8787717512278,Caixa,Imóvel
8787717663276,RS,PORTO ALEGRE,CAMPO NOVO,"RUA TOME ANTONIO DE SOUZA, N. 100, Apto 401, BL 4 PAV 4 ENTRADA EST. CRIST. KRAE 20","192.169,73","182.000,00",0.00,Não,"Apartamento, 65.43 de área total, 41.19 de área privativa, 0.00 de área do terreno,  2 qto(s), WC, 1 sala(s), cozinha.",Leilão SFI - Edital Único,https://venda-imoveis.caixa.gov.br/sistema/detalhe-imovel.asp?hdnimovel=8787717663276,Caixa,Imóvel
8787706861632,RS,PORTO ALEGRE,RESTINGA,"RUA SABINO PEREIRA NUNES, N. 931, Apto 302, BL 3","143.382,19","135.118,00",0.00,Não,"Apartamento, 69.88 de área total, 40.99 de área privativa, 0.00 de área do terreno,  2 qto(s), WC, 1 sala(s), cozinha.",Leilão SFI - Edital Único,https://venda-imoveis.caixa.gov.br/sistema/detalhe-imovel.asp?hdnimovel=8787706861632,Caixa,Imóvel
8787720626092,RS,PORTO ALEGRE,CAMPO NOVO,"RUA TOME ANTONIO DE SOUZA, N. 100, Apto 301, BLOCO 08","209.861,50","195.000,00",0.00,Não,"Apartamento, 77.39 de área total, 41.19 de área privativa, 0.00 de área do terreno,  2 qto(s), WC, 1 sala(s), cozinha, 1 vaga(s) de garagem.",Leilão SFI - Edital Único,https://venda-imoveis.caixa.gov.br/sistema/detalhe-imovel.asp?hdnimovel=8787720626092,Caixa,Imóvel
8787704120180,RS,PORTO ALEGRE,SARANDI,"AVENIDA FRANCISCO SILVEIRA BITENCOURT, N. 1818, Apto 102, TORRE 23","167.441,25","155.000,00",0.00,Não,"Apartamento, 0.00 de área total, 40.26 de área privativa, 0.00 de área do terreno.",Leilão SFI - Edital Único,https://venda-imoveis.caixa.gov.br/sistema/detalhe-imovel.asp?hdnimovel=8787704120180,Caixa,Imóvel
8444434671380,RS,PORTO ALEGRE,MARIO QUINTANA,"RUA VINTE E SEIS DE MARCO, N. 415, Apto 412, BL C PAV 04","143.730,34","133.000,00",0.00,Não,"Apartamento, 48.07 de área total, 38.76 de área privativa, 0.00 de área do terreno,  2 qto(s), WC, 1 sala(s), cozinha.",Leilão SFI - Edital Único,https://venda-imoveis.caixa.gov.br/sistema/detalhe-imovel.asp?hdnimovel=8444434671380,Caixa,Imóvel
8787715883546,RS,PORTO ALEGRE,VILA NOVA,"ESTRADA CRISTIANO KRAEMER, N. 2021, Apto 504, BL 11 5 PAV","172.942,56","160.000,00",0.00,Não,"Apartamento, 65.43 de área total, 41.19 de área privativa, 0.00 de área do terreno,  2 qto(s), a.serv, WC, 1 sala(s), cozinha.",Leilão SFI - Edital Único,https://venda-imoveis.caixa.gov.br/sistema/detalhe-imovel.asp?hdnimovel=8787715883546,Caixa,Imóvel
1444406420281,RS,PORTO ALEGRE,PARTENON,"RUA AMALIA FIGUEIROA, N. 37, QD 27 LOTE 10","200.000,00","185.000,00",0.00,Não,"Terreno, 0.00 de área total, 0.00 de área privativa, 221.89 de área do terreno.",Leilão SFI - Edital Único,https://venda-imoveis.caixa.gov.br/sistema/detalhe-imovel.asp?hdnimovel=1444406420281,Caixa,Imóvel
8787707867014,RS,PORTO ALEGRE,RUBEM BERTA,"RUA DOS MAIAS, N. 1103, Apto 203, BL 06 PAV 02","157.203,20","145.000,00",0.00,Não,"Apartamento, 81.21 de área total, 41.19 de área privativa, 0.00 de área do terreno,  2 qto(s), WC, 1 sala(s), cozinha.",Leilão SFI - Edital Único,https://venda-imoveis.caixa.gov.br/sistema/detalhe-imovel.asp?hdnimovel=8787707867014,Caixa,Imóvel
1555533627391,RS,PORTO ALEGRE,SAO SEBASTIAO,"AVENIDA ASSIS BRASIL, N. 4908, Apto 1002, TORRE 01 PAV 10","376.417,12","345.000,00",0.00,Não,"Apartamento, 117.94 de área total, 62.73 de área privativa, 0.00 de área do terreno,  3 qto(s), WC, 1 sala(s), cozinha, 1 vaga(s) de garagem.",Leilão SFI - Edital Único,https://venda-imoveis.caixa.gov.br/sistema/detalhe-imovel.asp?hdnimovel=1555533627391,Caixa,Imóvel
8787708982860,RS,PORTO ALEGRE,RESTINGA,"RUA SABINO PEREIRA NUNES, N. 931, Apto 103, BL 8","142.000,00","130.000,00",0.00,Não,"Apartamento, 69.88 de área total, 40.99 de área privativa, 0.00 de área do terreno,  2 qto(s), a.serv, WC, 1 sala(s), cozinha.",Leilão SFI - Edital Único,https://venda-imoveis.caixa.gov.br/sistema/detalhe-imovel.asp?hdnimovel=8787708982860,Caixa,Imóvel
8787719559905,RS,PORTO ALEGRE,SANTA ROSA DE LIMA,"RUA JOAO PARIS, N. 452, Apto 203, BL 04 PAV 02","218.680,52","200.000,00",0.00,Não,"Apartamento, 67.65 de área total, 41.19 de área privativa, 0.00 de área do terreno,  2 qto(s), WC, 1 sala(s), cozinha.",Leilão SFI - Edital Único,https://venda-imoveis.caixa.gov.br/sistema/detalhe-imovel.asp?hdnimovel=8787719559905,Caixa,Imóvel
8787714865005,RS,PORTO ALEGRE,RUBEM BERTA,"RUA INOCENCIO DE OLIVEIRA ALVES, N. 101, Apto 302, BL 01","176.274,13","160.000,00",0.00,Não,"Apartamento, 77.79 de área total, 41.19 de área privativa, 0.00 de área do terreno,  2 qto(s), WC, 1 sala(s), cozinha.",Leilão SFI - Edital Único,https://venda-imoveis.caixa.gov.br/sistema/detalhe-imovel.asp?hdnimovel=8787714865005,Caixa,Imóvel
8444433448998,RS,PORTO ALEGRE,VILA NOVA,"ESTRADA CRISTIANO KRAEMER, N. 1863, Apto 404, BL A","149.427,82","135.000,00",0.00,Não,"Apartamento, 47.97 de área total, 38.24 de área privativa, 0.00 de área do terreno,  2 qto(s), WC, 1 sala(s), cozinha.",Leilão SFI - Edital Único,https://venda-imoveis.caixa.gov.br/sistema/detalhe-imovel.asp?hdnimovel=8444433448998,Caixa,Imóvel
8787712901730,RS,PORTO ALEGRE,RESTINGA,"RUA SABINO PEREIRA NUNES, N. 932, Apto 302, BL 13","141.925,03","128.000,00",0.00,Não,"Apartamento, 74.20 de área total, 41.19 de área privativa, 0.00 de área do terreno,  2 qto(s), WC, 1 sala(s), cozinha.",Leilão SFI - Edital Único,https://venda-imoveis.caixa.gov.br/sistema/detalhe-imovel.asp?hdnimovel=8787712901730,Caixa,Imóvel
8787718192153,RS,PORTO ALEGRE,RESTINGA,"ESTRADA JOAO ANTONIO SILVEIRA, N. 441, Apto 23, BOX 23","255.704,01","230.000,00",0.00,Não,"Apartamento, 47.62 de área total, 44.39 de área privativa, 0.00 de área do terreno,  2 qto(s), a.serv, WC, 1 sala(s), cozinha, 1 vaga(s) de garagem.",Leilão SFI - Edital Único,https://venda-imoveis.caixa.gov.br/sistema/detalhe-imovel.asp?hdnimovel=8787718192153,Caixa,Imóvel
1444419331584,RS,PORTO ALEGRE,PARQUE SANTA FE,"RUA LOLA DE OLIVEIRA, N. 170, LT 23 QD D1","781.960,44","701.000,00",0.00,Não,"Casa, 251.47 de área total, 251.47 de área privativa, 300.00 de área do terreno,  3 qto(s), a.serv, WC, WC Emp, 2 sala(s), 1 lavabo(s), cozinha, 2 vaga(s) de garagem.",Leilão SFI - Edital Único,https://venda-imoveis.caixa.gov.br/sistema/detalhe-imovel.asp?hdnimovel=1444419331584,Caixa,Imóvel
8444407649590,RS,PORTO ALEGRE,JARDIM LEOPOLDINA,"AVENIDA MARTIM FELIX BERTA, N. 547, Apto 303, BL A ANDAR 02 PAV 03","209.233,66","184.000,00",0.00,Não,"Apartamento, 78.06 de área total, 58.98 de área privativa, 0.00 de área do terreno,  2 qto(s), a.serv, WC, 1 sala(s), cozinha.",Leilão SFI - Edital Único,https://venda-imoveis.caixa.gov.br/sistema/detalhe-imovel.asp?hdnimovel=8444407649590,Caixa,Imóvel
8787719391702,RS,PORTO ALEGRE,VILA NOVA,"ESTRADA CRISTIANO KRAEMER, N. 2021, Apto 203, BLOCO 11 SEGUNDO PAVIMENTO","211.163,56","185.000,00",0.00,Não,"Apartamento, 76.63 de área total, 41.19 de área privativa, 0.00 de área do terreno,  2 qto(s), WC, 1 sala(s), cozinha, 1 vaga(s) de garagem.",Leilão SFI - Edital Único,https://venda-imoveis.caixa.gov.br/sistema/detalhe-imovel.asp?hdnimovel=8787719391702,Caixa,Imóvel
8787714331450,RS,PORTO ALEGRE,RUBEM BERTA,"RUA INOCENCIO DE OLIVEIRA ALVES, N. 101, Apto 202, BL 06","177.081,75","155.000,00",0.00,Não,"Apartamento, 77.79 de área total, 41.19 de área privativa, 0.00 de área do terreno,  2 qto(s), a.serv, WC, 1 sala(s), cozinha.",Leilão SFI - Edital Único,https://venda-imoveis.caixa.gov.br/sistema/detalhe-imovel.asp?hdnimovel=8787714331450,Caixa,Imóvel
8787701328138,RS,PORTO ALEGRE,MARIO QUINTANA,"RUA IRMA TERESILDA STEFFEN, N. 195, Apto 502, TORRE 4 PAV 05 LT 01 02 03 04 QD D2","172.733,85","151.000,00",0.00,Não,"Apartamento, 91.05 de área total, 40.29 de área privativa, 0.00 de área do terreno,  2 qto(s), WC, 1 sala(s), cozinha.",Leilão SFI - Edital Único,https://venda-imoveis.caixa.gov.br/sistema/detalhe-imovel.asp?hdnimovel=8787701328138,Caixa,Imóvel
8787713747343,RS,PORTO ALEGRE,RUBEM BERTA,"RUA INOCENCIO DE OLIVEIRA ALVES, N. 101, Apto 502, BL 16 PAV 05","177.611,82","155.000,00",0.00,Não,"Apartamento, 77.79 de área total, 41.19 de área privativa, 0.00 de área do terreno,  2 qto(s), WC, 1 sala(s), cozinha.",Leilão SFI - Edital Único,https://venda-imoveis.caixa.gov.br/sistema/detalhe-imovel.asp?hdnimovel=8787713747343,Caixa,Imóvel
8787714511246,RS,PORTO ALEGRE,PARQUE SANTA FE,"RUA REVERENDO OLAVO NUNES, N. 280, Apto 403, BL 11 ESTACIONAMENTO 184","250.000,00","209.466,63",0.00,Não,"Apartamento, 85.61 de área total, 38.92 de área privativa, 0.00 de área do terreno,  2 qto(s), WC, 1 sala(s), cozinha, 1 vaga(s) de garagem.",Leilão SFI - Edital Único,https://venda-imoveis.caixa.gov.br/sistema/detalhe-imovel.asp?hdnimovel=8787714511246,Caixa,Imóvel
8787719374085,RS,PORTO ALEGRE,SANTA ROSA DE LIMA,"RUA JOAO PARIS, N. 452, Apto 404, BL 02 4 PAV","212.083,25","177.000,00",0.00,Não,"Apartamento, 66.99 de área total, 41.19 de área privativa, 0.00 de área do terreno,  2 qto(s), WC, 1 sala(s), cozinha.",Leilão SFI - Edital Único,https://venda-imoveis.caixa.gov.br/sistema/detalhe-imovel.asp?hdnimovel=8787719374085,Caixa,Imóvel
8444412335507,RS,PORTO ALEGRE,RUBEM BERTA,"RUA MERY WEISS, N. 65, Apto AP 20, BL D","103.845,87","85.000,00",0.00,Não,"Apartamento, 45.58 de área total, 42.60 de área privativa, 0.00 de área do terreno,  2 qto(s), WC, 1 sala(s), cozinha.",Leilão SFI - Edital Único,https://venda-imoveis.caixa.gov.br/sistema/detalhe-imovel.asp?hdnimovel=8444412335507,Caixa,Imóvel
8787718788536,RS,PORTO ALEGRE,SANTA ROSA DE LIMA,"RUA JOAO PARIS, N. 452, Apto 401, BLOCO 03","210.000,00","170.000,00",0.00,Não,"Apartamento, 66.99 de área total, 41.19 de área privativa, 0.00 de área do terreno,  2 qto(s), WC, 1 sala(s), cozinha, 1 vaga(s) de garagem.",Leilão SFI - Edital Único,https://venda-imoveis.caixa.gov.br/sistema/detalhe-imovel.asp?hdnimovel=8787718788536,Caixa,Imóvel
8787720556876,RS,PORTO ALEGRE,SANTA ROSA DE LIMA,"RUA JOAO PARIS, N. 452, Apto 503, BLOCO 10","211.473,04","170.000,00",0.00,Não,"Apartamento, 66.99 de área total, 41.19 de área privativa, 0.00 de área do terreno,  2 qto(s), WC, 1 sala(s), cozinha.",Leilão SFI - Edital Único,https://venda-imoveis.caixa.gov.br/sistema/detalhe-imovel.asp?hdnimovel=8787720556876,Caixa,Imóvel
8787719617476,RS,PORTO ALEGRE,SANTA ROSA DE LIMA,"RUA JOAO PARIS, N. 452, Apto 101, BLOCO 13","212.064,87","170.000,00",0.00,Não,"Apartamento, 66.99 de área total, 41.19 de área privativa, 0.00 de área do terreno,  2 qto(s), WC, 1 sala(s), cozinha, 1 vaga(s) de garagem.",Leilão SFI - Edital Único,https://venda-imoveis.caixa.gov.br/sistema/detalhe-imovel.asp?hdnimovel=8787719617476,Caixa,Imóvel
8444428899553,RS,PORTO ALEGRE,RUBEM BERTA,"RUA JOSE BARCELLOS GARCIA, N. 100, Apto 404, BL F","153.460,32","120.000,00",0.00,Não,"Apartamento, 42.78 de área total, 37.58 de área privativa, 0.00 de área do terreno,  2 qto(s), WC, 1 sala(s), cozinha.",Leilão SFI - Edital Único,https://venda-imoveis.caixa.gov.br/sistema/detalhe-imovel.asp?hdnimovel=8444428899553,Caixa,Imóvel
8787719849393,RS,PORTO ALEGRE,VILA NOVA,"ESTRADA CRISTIANO KRAEMER, N. 2021, Apto 104, BL 19 TERREO","200.967,31","157.000,00",0.00,Não,"Apartamento, 65.44 de área total, 41.19 de área privativa, 0.00 de área do terreno,  2 qto(s), WC, 1 sala(s), cozinha.",Leilão SFI - Edital Único,https://venda-imoveis.caixa.gov.br/sistema/detalhe-imovel.asp?hdnimovel=8787719849393,Caixa,Imóvel
1444419560575,RS,PORTO ALEGRE,VILA IPIRANGA,"RUA ALBERTO SILVA, N. 315, Apto AP 20,","483.755,79","375.000,00",0.00,Não,"Apartamento, 133.23 de área total, 72.39 de área privativa, 0.00 de área do terreno,  2 qto(s), a.serv, WC, WC Emp, 1 sala(s), cozinha, 1 vaga(s) de garagem.",Leilão SFI - Edital Único,https://venda-imoveis.caixa.gov.br/sistema/detalhe-imovel.asp?hdnimovel=1444419560575,Caixa,Imóvel
8787718822491,RS,PORTO ALEGRE,SANTA ROSA DE LIMA,"RUA JOAO PARIS, N. 452, Apto 401, BLOCO 08","187.586,25","143.220,00",0.00,Não,"Apartamento, 66.99 de área total, 41.19 de área privativa, 0.00 de área do terreno,  2 qto(s), WC, 1 sala(s), cozinha.",Leilão SFI - Edital Único,https://venda-imoveis.caixa.gov.br/sistema/detalhe-imovel.asp?hdnimovel=8787718822491,Caixa,Imóvel
8444433714841,RS,PORTO ALEGRE,RUBEM BERTA,"RUA SATURNINO VANZELOTTI, N. 20, Apto 404, BLOCO 3","154.817,13","110.000,00",0.00,Não,"Apartamento, 49.83 de área total, 43.03 de área privativa, 0.00 de área do terreno,  1 qto(s), a.serv, WC, 1 sala(s), cozinha.",Leilão SFI - Edital Único,https://venda-imoveis.caixa.gov.br/sistema/detalhe-imovel.asp?hdnimovel=8444433714841,Caixa,Imóvel
8787720748023,RS,PORTO ALEGRE,SANTA ROSA DE LIMA,"RUA JOAO PARIS, N. 452, Apto 104, BL 05","211.473,04","143.220,00",0.00,Não,"Apartamento, 66.99 de área total, 41.19 de área privativa, 0.00 de área do terreno,  2 qto(s), WC, 1 sala(s), cozinha, 1 vaga(s) de garagem.",Leilão SFI - Edital Único,https://venda-imoveis.caixa.gov.br/sistema/detalhe-imovel.asp?hdnimovel=8787720748023,Caixa,Imóvel
8787720230571,RS,PORTO ALEGRE,SANTA ROSA DE LIMA,"RUA JOAO PARIS, N. 452, Apto 502, BL 09 5 PAV","211.600,80","143.220,00",0.00,Não,"Apartamento, 66.99 de área total, 41.19 de área privativa, 0.00 de área do terreno,  2 qto(s), WC, 1 sala(s), cozinha.",Leilão SFI - Edital Único,https://venda-imoveis.caixa.gov.br/sistema/detalhe-imovel.asp?hdnimovel=8787720230571,Caixa,Imóvel
8787720089984,RS,PORTO ALEGRE,SANTA ROSA DE LIMA,"RUA JOAO PARIS, N. 452, Apto 501, BLOCO 11","211.797,53","143.220,00",0.00,Não,"Apartamento, 66.99 de área total, 41.19 de área privativa, 0.00 de área do terreno,  2 qto(s), WC, 1 sala(s), cozinha.",Leilão SFI - Edital Único,https://venda-imoveis.caixa.gov.br/sistema/detalhe-imovel.asp?hdnimovel=8787720089984,Caixa,Imóvel
8787719378323,RS,PORTO ALEGRE,SANTA ROSA DE LIMA,"RUA JOAO PARIS, N. 452, Apto 403, BLOCO 02  4º PAVIMENTO","211.989,93","143.220,00",0.00,Não,"Apartamento, 66.99 de área total, 41.19 de área privativa, 0.00 de área do terreno,  2 qto(s), WC, 1 sala(s), cozinha.",Leilão SFI - Edital Único,https://venda-imoveis.caixa.gov.br/sistema/detalhe-imovel.asp?hdnimovel=8787719378323,Caixa,Imóvel
8787721013205,RS,PORTO ALEGRE,SANTA ROSA DE LIMA,"RUA JOAO PARIS, N. 452, Apto AP 30, BL 13","218.587,77","143.220,00",0.00,Não,"Apartamento, 78.23 de área total, 41.19 de área privativa, 0.00 de área do terreno,  2 qto(s), WC, 1 sala(s), cozinha, 1 vaga(s) de garagem.",Leilão SFI - Edital Único,https://venda-imoveis.caixa.gov.br/sistema/detalhe-imovel.asp?hdnimovel=8787721013205,Caixa,Imóvel
8787721356510,RS,PORTO ALEGRE,PASSO DAS PEDRAS,"AVENIDA KARL IWERS, N. 2030, Apto AP 30, BL 15","208.000,03","135.000,00",0.00,Não,"Apartamento, 60.38 de área total, 41.19 de área privativa, 0.00 de área do terreno,  2 qto(s), WC, 1 sala(s), cozinha.",Leilão SFI - Edital Único,https://venda-imoveis.caixa.gov.br/sistema/detalhe-imovel.asp?hdnimovel=8787721356510,Caixa,Imóvel
8444411798422,RS,SAO LEOPOLDO,FEITORIA,"RUA APARICIO BRITTO, N. SN, Apto 102, BL 12-B","43.868,51","110.000,00",60.12,Não,"Apartamento, 0.00 de área total, 34.66 de área privativa, 0.00 de área do terreno,  2 qto(s), a.serv, WC, 1 sala(s), cozinha, 1 vaga(s) de garagem.",Venda Direta Online,https://venda-imoveis.caixa.gov.br/sistema/detalhe-imovel.asp?hdnimovel=8444411798422,Caixa,Imóvel
8444401647901,RS,SAO LEOPOLDO,FEITORIA,"AVENIDA FEITORIA, N. S/N, Apto 102, BL 03-A","52.486,36","110.000,00",52.29,Não,"Apartamento, 0.00 de área total, 42.45 de área privativa, 0.00 de área do terreno,  2 qto(s), a.serv, WC, 1 sala(s), cozinha.",Venda Direta Online,https://venda-imoveis.caixa.gov.br/sistema/detalhe-imovel.asp?hdnimovel=8444401647901,Caixa,Imóvel
8787705238338,RS,SAO LEOPOLDO,SANTOS DUMONT,"RUA RICARDO JOAO MERKER, N. 44, Apto 401, BL 26 QD 2918 ZN 20 SETOR B","84.174,58","170.000,00",50.49,Não,"Apartamento, 81.29 de área total, 41.19 de área privativa, 0.00 de área do terreno,  2 qto(s), WC, 1 sala(s), cozinha.",Venda Direta Online,https://venda-imoveis.caixa.gov.br/sistema/detalhe-imovel.asp?hdnimovel=8787705238338,Caixa,Imóvel
8444416274723,RS,SAO LEOPOLDO,SAO MIGUEL,"RUA OSVALDO ARANHA, N. 1571A, Apto 404, BL 03D1","68.511,10","131.800,00",48.02,Não,"Apartamento, 44.20 de área total, 40.07 de área privativa, 0.00 de área do terreno,  1 qto(s), WC, 1 sala(s), cozinha.",Venda Direta Online,https://venda-imoveis.caixa.gov.br/sistema/detalhe-imovel.asp?hdnimovel=8444416274723,Caixa,Imóvel
8787706307457,RS,SAO LEOPOLDO,SANTOS DUMONT,"RUA RICARDO JOAO MERKER, N. 44, Apto 203, BL 29","83.733,61","157.000,00",46.67,Não,"Apartamento, 81.29 de área total, 41.19 de área privativa, 0.00 de área do terreno,  2 qto(s), WC, 1 sala(s), cozinha.",Venda Direta Online,https://venda-imoveis.caixa.gov.br/sistema/detalhe-imovel.asp?hdnimovel=8787706307457,Caixa,Imóvel
8444412311217,RS,SAO LEOPOLDO,SAO MIGUEL,"AVENIDA DOM JOAO BECKER, N. 1598, Apto 104, BL 02","83.156,29","154.000,00",46.01,Não,"Apartamento, 44.17 de área total, 40.07 de área privativa, 0.00 de área do terreno,  2 qto(s), WC, 1 sala(s), cozinha.",Venda Online,https://venda-imoveis.caixa.gov.br/sistema/detalhe-imovel.asp?hdnimovel=8444412311217,Caixa,Imóvel
1444417502560,RS,SAO LEOPOLDO,RIO DOS SINOS,"RUA ALBINO KEMPF, N. 272, Apto 701, BLOCO 1","172.074,86","300.000,00",42.65,Sim,"Apartamento, 89.18 de área total, 72.22 de área privativa, 0.00 de área do terreno,  3 qto(s), a.serv, WC, 1 sala(s), cozinha.",Venda Direta Online,https://venda-imoveis.caixa.gov.br/sistema/detalhe-imovel.asp?hdnimovel=1444417502560,Caixa,Imóvel
8444437474519,RS,SAO LEOPOLDO,DUQUE DE CAXIAS,"RUA GENERAL OSORIO, N. 600, Apto 423,  BL 04 PAV 2","78.201,87","135.000,00",42.08,Não,"Apartamento, 47.07 de área total, 42.54 de área privativa, 0.00 de área do terreno,  2 qto(s), WC, 1 sala(s), cozinha.",Venda Online,https://venda-imoveis.caixa.gov.br/sistema/detalhe-imovel.asp?hdnimovel=8444437474519,Caixa,Imóvel
1444408662576,RS,SAO LEOPOLDO,CAMPINA,"RUA OITO, N. SN, LT 06 QD 2453","168.220,11","290.000,00",42.00,Não,"Casa, 0.00 de área total, 133.12 de área privativa, 240.75 de área do terreno.",Venda Direta Online,https://venda-imoveis.caixa.gov.br/sistema/detalhe-imovel.asp?hdnimovel=1444408662576,Caixa,Imóvel
8444436691974,RS,SAO LEOPOLDO,CAMPINA,"RUA WALDEMIRO DA SILVA, N. 420, Apto 11, BL J, QD 1951,","85.477,60","146.000,00",41.46,Não,"Apartamento, 43.26 de área total, 42.50 de área privativa, 0.00 de área do terreno,  2 qto(s), WC, 1 sala(s), cozinha.",Venda Direta Online,https://venda-imoveis.caixa.gov.br/sistema/detalhe-imovel.asp?hdnimovel=8444436691974,Caixa,Imóvel
8787701943908,RS,SAO LEOPOLDO,SANTOS DUMONT,"RUA RICARDO JOAO MERKER, N. 44, Apto 503, LT SN, QD 2918, BL 12","85.477,60","146.000,00",41.46,Não,"Apartamento, 81.28 de área total, 41.19 de área privativa, 0.00 de área do terreno,  2 qto(s), WC, 1 sala(s), cozinha.",Venda Direta Online,https://venda-imoveis.caixa.gov.br/sistema/detalhe-imovel.asp?hdnimovel=8787701943908,Caixa,Imóvel
8051100528625,RS,SAO LEOPOLDO,SAO MIGUEL,"AV TOMAZ EDISON, N. 3900-A, Apto 401, BL 02","73.583,88","123.000,00",40.18,Sim,"Apartamento, 62.98 de área total, 47.13 de área privativa, 0.00 de área do terreno,  2 qto(s), WC, 1 sala(s), cozinha.",Venda Direta Online,https://venda-imoveis.caixa.gov.br/sistema/detalhe-imovel.asp?hdnimovel=8051100528625,Caixa,Imóvel
10222635,RS,SAO LEOPOLDO,FEITORIA,"AVENIDA ALBINO TIMM, N. 00, QD 2064, LT 01","165.349,49","273.102,45",39.46,Não,"Casa, 0.00 de área total, 85.00 de área privativa, 200.00 de área do terreno.",Venda Direta Online,https://venda-imoveis.caixa.gov.br/sistema/detalhe-imovel.asp?hdnimovel=10222635,Caixa,Imóvel
8444408854961,RS,SAO LEOPOLDO,PINHEIRO,"AVENIDA IMPERATRIZ LEOPOLDINA, N. 2500, Apto 258, BL 02 5 PAV","85.466,19","140.000,00",38.96,Não,"Apartamento, 47.53 de área total, 43.60 de área privativa, 0.00 de área do terreno,  2 qto(s), a.serv, WC, 1 sala(s), cozinha.",Venda Online,https://venda-imoveis.caixa.gov.br/sistema/detalhe-imovel.asp?hdnimovel=8444408854961,Caixa,Imóvel
10285646,RS,SAO LEOPOLDO,SCHARLAU,"RUA IPIRANGA, N. 234, QD O, LT 05-11","945.774,42","1.484.000,00",36.27,Não,"Galpão, 0.00 de área total, 861.59 de área privativa, 780.00 de área do terreno.",Venda Direta Online,https://venda-imoveis.caixa.gov.br/sistema/detalhe-imovel.asp?hdnimovel=10285646,Caixa,Imóvel
1444405139775,RS,SAO LEOPOLDO,SANTOS DUMONT,"RUA SAO SIMAO, N. 178, LT 18 QD 286","363.269,15","570.000,00",36.27,Sim,"Casa, 300.00 de área total, 300.00 de área privativa, 300.00 de área do terreno, WC.",Venda Direta Online,https://venda-imoveis.caixa.gov.br/sistema/detalhe-imovel.asp?hdnimovel=1444405139775,Caixa,Imóvel
8444431378518,RS,SAO LEOPOLDO,FEITORIA,"RUA ODILO ALOYSIO DAUDT, N. 305, Apto 401, BL 10 PAV 04 VG 225","202.000,00","202.000,00",0.00,Não,"Apartamento, 88.79 de área total, 40.23 de área privativa, 0.00 de área do terreno,  2 qto(s), WC, 1 sala(s), cozinha, 1 vaga(s) de garagem.",Leilão SFI - Edital Único,https://venda-imoveis.caixa.gov.br/sistema/detalhe-imovel.asp?hdnimovel=8444431378518,Caixa,Imóvel
8787701223310,RS,SAO LEOPOLDO,FEITORIA,"RUA ODILO ALOYSIO DAUDT, N. 1199, Apto 53, BL B VG 10 5 PAV","210.000,00","210.000,00",0.00,Não,"Apartamento, 0.00 de área total, 63.24 de área privativa, 0.00 de área do terreno,  2 qto(s), a.serv, WC, 1 sala(s), cozinha, 1 vaga(s) de garagem.",Leilão SFI - Edital Único,https://venda-imoveis.caixa.gov.br/sistema/detalhe-imovel.asp?hdnimovel=8787701223310,Caixa,Imóvel
8787701804606,RS,SAO LEOPOLDO,FEITORIA,"RUA ANGOLA, N. 99,","235.000,00","235.000,00",0.00,Não,"Casa, 110.81 de área total, 61.02 de área privativa, 95.40 de área do terreno,  2 qto(s), a.serv, WC, 1 sala(s), cozinha.",Leilão SFI - Edital Único,https://venda-imoveis.caixa.gov.br/sistema/detalhe-imovel.asp?hdnimovel=8787701804606,Caixa,Imóvel
8787707693903,RS,SAO LEOPOLDO,FEITORIA,"RUA ANGOLA, N. 99, UNIDADE HABITACIONAL 05","235.000,00","235.000,00",0.00,Não,"Casa, 137.18 de área total, 55.41 de área privativa, 110.70 de área do terreno,  2 qto(s), a.serv, 1 sala(s), cozinha.",Leilão SFI - Edital Único,https://venda-imoveis.caixa.gov.br/sistema/detalhe-imovel.asp?hdnimovel=8787707693903,Caixa,Imóvel
8787714724487,RS,SAO LEOPOLDO,FEITORIA,"RUA ODILO ALOYSIO DAUDT, N. 423, Apto 24, BL J ANDAR 01 PAV 02 VG 208","185.875,58","185.875,58",0.00,Não,"Apartamento, 58.64 de área total, 53.69 de área privativa, 0.00 de área do terreno,  2 qto(s), WC, 1 sala(s), cozinha, 1 vaga(s) de garagem.",Leilão SFI - Edital Único,https://venda-imoveis.caixa.gov.br/sistema/detalhe-imovel.asp?hdnimovel=8787714724487,Caixa,Imóvel
8444420191128,RS,SAO LEOPOLDO,ARROIO DA MANTEIGA,"RUA RIO GUAIBA, N. 426, Apto 302, LT 02, O3 E 04, QD 2892","120.000,00","120.000,00",0.00,Não,"Apartamento, 53.96 de área total, 31.33 de área privativa, 0.00 de área do terreno,  1 qto(s), a.serv, WC, 1 sala(s), cozinha.",Leilão SFI - Edital Único,https://venda-imoveis.caixa.gov.br/sistema/detalhe-imovel.asp?hdnimovel=8444420191128,Caixa,Imóvel
8444418568929,RS,SAO LEOPOLDO,SAO MIGUEL,"RUA N, N. 35, LT 04, QD OA, LOT PAIM II","155.000,00","155.000,00",0.00,Não,"Casa, 39.10 de área total, 39.10 de área privativa, 160.00 de área do terreno,  2 qto(s), WC, 1 sala(s), cozinha.",Leilão SFI - Edital Único,https://venda-imoveis.caixa.gov.br/sistema/detalhe-imovel.asp?hdnimovel=8444418568929,Caixa,Imóvel
8555531217542,RS,SAO LEOPOLDO,SANTOS DUMONT,"RUA TOME DE SOUZA, N. 100, Apto 201, BL 21, ZONA 20, SETOR B,","185.000,00","185.000,00",0.00,Não,"Apartamento, 88.37 de área total, 52.38 de área privativa, 0.00 de área do terreno,  3 qto(s), varanda, WC, 1 sala(s), cozinha.",Leilão SFI - Edital Único,https://venda-imoveis.caixa.gov.br/sistema/detalhe-imovel.asp?hdnimovel=8555531217542,Caixa,Imóvel
8787700463937,RS,SAO LEOPOLDO,SANTOS DUMONT,"RUA RICARDO JOAO MERKER, N. 44, Apto AP 50, BL 4","150.000,00","150.000,00",0.00,Não,"Apartamento, 81.28 de área total, 41.19 de área privativa, 0.00 de área do terreno,  2 qto(s), WC, 1 sala(s), cozinha.",Leilão SFI - Edital Único,https://venda-imoveis.caixa.gov.br/sistema/detalhe-imovel.asp?hdnimovel=8787700463937,Caixa,Imóvel
8787700552816,RS,SAO LEOPOLDO,SANTOS DUMONT,"RUA RICARDO JOAO MERKER, N. 44, Apto 204, BL 03","175.000,00","175.000,00",0.00,Não,"Apartamento, 81.28 de área total, 41.19 de área privativa, 0.00 de área do terreno,  2 qto(s), WC, 1 sala(s), cozinha.",Leilão SFI - Edital Único,https://venda-imoveis.caixa.gov.br/sistema/detalhe-imovel.asp?hdnimovel=8787700552816,Caixa,Imóvel
8787701173169,RS,SAO LEOPOLDO,SANTOS DUMONT,"RUA RICARDO JOAO MERKER, N. 44, Apto AP 30, BL 10","148.000,00","148.000,00",0.00,Não,"Apartamento, 81.28 de área total, 41.19 de área privativa, 0.00 de área do terreno,  2 qto(s), WC, 1 sala(s), cozinha, 1 vaga(s) de garagem.",Leilão SFI - Edital Único,https://venda-imoveis.caixa.gov.br/sistema/detalhe-imovel.asp?hdnimovel=8787701173169,Caixa,Imóvel
8787704152995,RS,SAO LEOPOLDO,SANTOS DUMONT,"RUA RICARDO JOAO MERKER, N. 44, Apto 102, BL 23","140.000,00","140.000,00",0.00,Não,"Apartamento, 81.28 de área total, 41.19 de área privativa, 0.00 de área do terreno,  2 qto(s), WC, 1 sala(s), cozinha.",Leilão SFI - Edital Único,https://venda-imoveis.caixa.gov.br/sistema/detalhe-imovel.asp?hdnimovel=8787704152995,Caixa,Imóvel
8787708291485,RS,SAO LEOPOLDO,SANTOS DUMONT,"AVENIDA LIONS SCHARLAU, N. 343, Apto 403, BL 01 VG 11","165.000,00","165.000,00",0.00,Não,"Apartamento, 83.72 de área total, 40.82 de área privativa, 0.00 de área do terreno,  2 qto(s), WC, 1 sala(s), cozinha, 1 vaga(s) de garagem.",Leilão SFI - Edital Único,https://venda-imoveis.caixa.gov.br/sistema/detalhe-imovel.asp?hdnimovel=8787708291485,Caixa,Imóvel
8787713281727,RS,SAO LEOPOLDO,SANTOS DUMONT,"AVENIDA LIONS SCHARLAU, N. 131, Apto 504, BL 13 VG 389","155.000,00","155.000,00",0.00,Não,"Apartamento, 82.74 de área total, 40.82 de área privativa, 0.00 de área do terreno,  2 qto(s), WC, 1 sala(s), cozinha, 1 vaga(s) de garagem.",Leilão SFI - Edital Único,https://venda-imoveis.caixa.gov.br/sistema/detalhe-imovel.asp?hdnimovel=8787713281727,Caixa,Imóvel
8787713971324,RS,SAO LEOPOLDO,SANTOS DUMONT,"AVENIDA LIONS SCHARLAU, N. 131, Apto 504, BLOCO 10","185.000,00","185.000,00",0.00,Não,"Apartamento, 82.74 de área total, 40.82 de área privativa, 0.00 de área do terreno,  2 qto(s), WC, 1 sala(s), cozinha, 1 vaga(s) de garagem.",Leilão SFI - Edital Único,https://venda-imoveis.caixa.gov.br/sistema/detalhe-imovel.asp?hdnimovel=8787713971324,Caixa,Imóvel
8787714527606,RS,SAO LEOPOLDO,SANTOS DUMONT,"AVENIDA LIONS SCHARLAU, N. 343, Apto 503, BL 3 5° PAV VAGA 59","165.000,00","165.000,00",0.00,Não,"Apartamento, 83.72 de área total, 40.82 de área privativa, 0.00 de área do terreno,  2 qto(s), WC, 1 sala(s), cozinha, 1 vaga(s) de garagem.",Leilão SFI - Edital Único,https://venda-imoveis.caixa.gov.br/sistema/detalhe-imovel.asp?hdnimovel=8787714527606,Caixa,Imóvel
8787714619934,RS,SAO LEOPOLDO,SANTOS DUMONT,"AVENIDA LIONS SCHARLAU, N. 343, Apto 402, BLOCO 11 VAGA  249","165.005,42","165.000,00",0.00,Não,"Apartamento, 83.72 de área total, 40.82 de área privativa, 0.00 de área do terreno,  2 qto(s), WC, 1 sala(s), cozinha, 1 vaga(s) de garagem.",Leilão SFI - Edital Único,https://venda-imoveis.caixa.gov.br/sistema/detalhe-imovel.asp?hdnimovel=8787714619934,Caixa,Imóvel
1444422074899,RS,SAO LEOPOLDO,ARROIO DA MANTEIGA,"RUA GENERAL FRANCISCO JOSE S. DE SOUZA A., N. 48, LT 06 QD K","403.193,91","402.000,00",0.00,Não,"Casa, 134.17 de área total, 134.17 de área privativa, 325.00 de área do terreno,  2 qto(s), a.serv, WC, 1 sala(s), cozinha, 3 vaga(s) de garagem.",Leilão SFI - Edital Único,https://venda-imoveis.caixa.gov.br/sistema/detalhe-imovel.asp?hdnimovel=1444422074899,Caixa,Imóvel
8787707236065,RS,SAO LEOPOLDO,SANTOS DUMONT,"RUA RICARDO JOAO MERKER, N. 44, Apto 402,  BL 17 PAV 04","135.000,00","134.000,00",0.00,Não,"Apartamento, 81.28 de área total, 41.19 de área privativa, 0.00 de área do terreno,  2 qto(s), WC, 1 sala(s), cozinha.",Leilão SFI - Edital Único,https://venda-imoveis.caixa.gov.br/sistema/detalhe-imovel.asp?hdnimovel=8787707236065,Caixa,Imóvel
8787716290565,RS,SAO LEOPOLDO,ARROIO DA MANTEIGA,"RUA MARCELO DA ROCHA STRASBURG, N. 27, Apto AP 30, BL D","185.381,68","182.000,00",0.00,Não,"Apartamento, 69.42 de área total, 60.59 de área privativa, 0.00 de área do terreno,  2 qto(s), WC, 1 sala(s), cozinha, 1 vaga(s) de garagem.",Leilão SFI - Edital Único,https://venda-imoveis.caixa.gov.br/sistema/detalhe-imovel.asp?hdnimovel=8787716290565,Caixa,Imóvel
8787700802898,RS,SAO LEOPOLDO,SANTOS DUMONT,"RUA RICARDO JOAO MERKER, N. 44, Apto 402, BL 03","145.330,89","140.000,00",0.00,Não,"Apartamento, 81.28 de área total, 41.19 de área privativa, 0.00 de área do terreno,  2 qto(s), WC, 1 sala(s), cozinha.",Leilão SFI - Edital Único,https://venda-imoveis.caixa.gov.br/sistema/detalhe-imovel.asp?hdnimovel=8787700802898,Caixa,Imóvel
8444402955154,RS,SAO LEOPOLDO,CENTRO,"RUA BRASIL, N. 885, Apto 202, 2 PAV","116.275,40","110.000,00",0.00,Não,"Apartamento, 61.84 de área total, 51.61 de área privativa, 0.00 de área do terreno,  1 qto(s), WC, 1 sala(s), cozinha.",Leilão SFI - Edital Único,https://venda-imoveis.caixa.gov.br/sistema/detalhe-imovel.asp?hdnimovel=8444402955154,Caixa,Imóvel
8444436549183,RS,SAO LEOPOLDO,SANTO ANDRE,"RUA CORONEL BORDINI, N. 1151, Apto 304, BL 09 ANDAR 02 PAV 03 VG 170","220.420,70","205.000,00",0.00,Não,"Apartamento, 89.92 de área total, 40.23 de área privativa, 0.00 de área do terreno,  2 qto(s), WC, 1 sala(s), cozinha, 1 vaga(s) de garagem.",Leilão SFI - Edital Único,https://venda-imoveis.caixa.gov.br/sistema/detalhe-imovel.asp?hdnimovel=8444436549183,Caixa,Imóvel
8444431176079,RS,SAO LEOPOLDO,SANTOS DUMONT,"RUA RICARDO JOAO MERKER, N. 44, Apto 504, BL 36","145.830,94","134.000,00",0.00,Não,"Apartamento, 81.28 de área total, 41.19 de área privativa, 0.00 de área do terreno,  2 qto(s), WC, 1 sala(s), cozinha.",Leilão SFI - Edital Único,https://venda-imoveis.caixa.gov.br/sistema/detalhe-imovel.asp?hdnimovel=8444431176079,Caixa,Imóvel
8787710372055,RS,SAO LEOPOLDO,FEITORIA,"RUA ANGOLA, N. 110, Apto 309, TORRE C PAV 03","160.639,11","147.000,00",0.00,Não,"Apartamento, 62.43 de área total, 44.36 de área privativa, 0.00 de área do terreno,  2 qto(s), WC, 1 sala(s), cozinha.",Leilão SFI - Edital Único,https://venda-imoveis.caixa.gov.br/sistema/detalhe-imovel.asp?hdnimovel=8787710372055,Caixa,Imóvel
8787706708680,RS,SAO LEOPOLDO,SANTOS DUMONT,"RUA RICARDO JOAO MERKER, N. 44, Apto 504, BL 31, LT SN, QD 2918,","144.455,81","132.000,00",0.00,Não,"Apartamento, 81.29 de área total, 41.19 de área privativa, 0.00 de área do terreno,  2 qto(s), WC, 1 sala(s), cozinha.",Leilão SFI - Edital Único,https://venda-imoveis.caixa.gov.br/sistema/detalhe-imovel.asp?hdnimovel=8787706708680,Caixa,Imóvel
8787716802930,RS,SAO LEOPOLDO,FEITORIA,"RUA ANGOLA, N. 110, Apto AP 31, TR E","189.982,36","172.218,15",0.00,Não,"Apartamento, 64.70 de área total, 45.98 de área privativa, 0.00 de área do terreno,  2 qto(s), WC, 1 sala(s), cozinha.",Leilão SFI - Edital Único,https://venda-imoveis.caixa.gov.br/sistema/detalhe-imovel.asp?hdnimovel=8787716802930,Caixa,Imóvel
8444416389563,RS,SAO LEOPOLDO,SAO MIGUEL,"RUA INSTITUTO LENON JOEL, N. 50,","144.660,95","131.000,00",0.00,Não,"Casa, 39.68 de área total, 39.68 de área privativa, 160.00 de área do terreno,  2 qto(s), WC, 1 sala(s), cozinha.",Leilão SFI - Edital Único,https://venda-imoveis.caixa.gov.br/sistema/detalhe-imovel.asp?hdnimovel=8444416389563,Caixa,Imóvel
8787717522664,RS,SAO LEOPOLDO,SANTOS DUMONT,"AVENIDA LIONS SCHARLAU, N. 131, Apto 203, BLOCO 12 VAGA 143","193.904,80","175.000,00",0.00,Não,"Apartamento, 82.74 de área total, 40.82 de área privativa, 0.00 de área do terreno,  2 qto(s), WC, 1 sala(s), cozinha, 1 vaga(s) de garagem.",Leilão SFI - Edital Único,https://venda-imoveis.caixa.gov.br/sistema/detalhe-imovel.asp?hdnimovel=8787717522664,Caixa,Imóvel
8787710747245,RS,SAO LEOPOLDO,SANTOS DUMONT,"RUA RICARDO JOAO MERKER, N. 44, Apto 103, BLOCO 33","139.150,23","125.000,00",0.00,Não,"Apartamento, 81.29 de área total, 41.19 de área privativa, 0.00 de área do terreno,  2 qto(s), WC, 1 sala(s), cozinha, 1 vaga(s) de garagem.",Leilão SFI - Edital Único,https://venda-imoveis.caixa.gov.br/sistema/detalhe-imovel.asp?hdnimovel=8787710747245,Caixa,Imóvel
8787716440788,RS,SAO LEOPOLDO,SANTOS DUMONT,"AVENIDA LIONS SCHARLAU, N. 131, Apto 203, BLOCO 08 VAGA 350","195.522,27","171.000,00",0.00,Não,"Apartamento, 82.74 de área total, 40.82 de área privativa, 0.00 de área do terreno,  2 qto(s), WC, 1 sala(s), cozinha, 1 vaga(s) de garagem.",Leilão SFI - Edital Único,https://venda-imoveis.caixa.gov.br/sistema/detalhe-imovel.asp?hdnimovel=8787716440788,Caixa,Imóvel
8787706229189,RS,SAO LEOPOLDO,FEITORIA,"RUA ANGOLA, N. 99, CS 17","208.200,00","180.000,00",0.00,Não,"Casa, 0.00 de área total, 45.58 de área privativa, 61.02 de área do terreno,  2 qto(s), WC, 1 sala(s), cozinha.",Leilão SFI - Edital Único,https://venda-imoveis.caixa.gov.br/sistema/detalhe-imovel.asp?hdnimovel=8787706229189,Caixa,Imóvel
8444428235426,RS,SAO LEOPOLDO,SAO MIGUEL,"AVENIDA TOMAZ EDISON, N. 3500, Apto 402, BL 32","166.594,30","143.000,00",0.00,Não,"Apartamento, 0.00 de área total, 42.64 de área privativa, 0.00 de área do terreno,  2 qto(s), WC, 1 sala(s), cozinha, 1 vaga(s) de garagem.",Leilão SFI - Edital Único,https://venda-imoveis.caixa.gov.br/sistema/detalhe-imovel.asp?hdnimovel=8444428235426,Caixa,Imóvel
1444420601298,RS,SAO LEOPOLDO,ARROIO DA MANTEIGA,"RUA MECA, N. 320, LT 06 QD 01","616.027,50","528.000,00",0.00,Não,"Casa, 139.60 de área total, 119.60 de área privativa, 330.00 de área do terreno,  3 qto(s), a.serv, WC, 1 sala(s), cozinha.",Leilão SFI - Edital Único,https://venda-imoveis.caixa.gov.br/sistema/detalhe-imovel.asp?hdnimovel=1444420601298,Caixa,Imóvel
8787719205950,RS,SAO LEOPOLDO,SANTOS DUMONT,"AVENIDA LIONS SCHARLAU, N. 131, Apto 404, BLOCO 03 VAGA 83","202.338,62","172.000,00",0.00,Não,"Apartamento, 82.74 de área total, 40.82 de área privativa, 0.00 de área do terreno,  2 qto(s), WC, 1 sala(s), cozinha, 1 vaga(s) de garagem.",Leilão SFI - Edital Único,https://venda-imoveis.caixa.gov.br/sistema/detalhe-imovel.asp?hdnimovel=8787719205950,Caixa,Imóvel
8787717144740,RS,SAO LEOPOLDO,SANTOS DUMONT,"AVENIDA LIONS SCHARLAU, N. 131, Apto 303, BL 11 VG 127","194.358,11","165.000,00",0.00,Não,"Apartamento, 82.74 de área total, 40.82 de área privativa, 0.00 de área do terreno,  2 qto(s), WC, 1 sala(s), cozinha, 1 vaga(s) de garagem.",Leilão SFI - Edital Único,https://venda-imoveis.caixa.gov.br/sistema/detalhe-imovel.asp?hdnimovel=8787717144740,Caixa,Imóvel
8787717090624,RS,SAO LEOPOLDO,SANTOS DUMONT,"AVENIDA LIONS SCHARLAU, N. 131, Apto AP 50, BL 20","191.498,30","160.000,00",0.00,Não,"Apartamento, 82.74 de área total, 40.82 de área privativa, 0.00 de área do terreno,  2 qto(s), WC, 1 sala(s), cozinha, 1 vaga(s) de garagem.",Leilão SFI - Edital Único,https://venda-imoveis.caixa.gov.br/sistema/detalhe-imovel.asp?hdnimovel=8787717090624,Caixa,Imóvel
8787720499147,RS,SAO LEOPOLDO,SANTOS DUMONT,"AVENIDA LIONS SCHARLAU, N. 131, Apto 201, BL 21 VG 169","214.040,79","175.000,00",0.00,Não,"Apartamento, 82.74 de área total, 40.82 de área privativa, 0.00 de área do terreno,  2 qto(s), WC, 1 sala(s), cozinha, 1 vaga(s) de garagem.",Leilão SFI - Edital Único,https://venda-imoveis.caixa.gov.br/sistema/detalhe-imovel.asp?hdnimovel=8787720499147,Caixa,Imóvel
8787718631424,RS,SAO LEOPOLDO,SANTOS DUMONT,"AVENIDA LIONS SCHARLAU, N. 131, Apto 504, BL 03 VG 87","192.091,53","155.000,00",0.00,Não,"Apartamento, 82.74 de área total, 40.82 de área privativa, 0.00 de área do terreno,  2 qto(s), WC, 1 sala(s), cozinha, 1 vaga(s) de garagem.",Leilão SFI - Edital Único,https://venda-imoveis.caixa.gov.br/sistema/detalhe-imovel.asp?hdnimovel=8787718631424,Caixa,Imóvel
8444429764201,RS,SAO LEOPOLDO,DUQUE DE CAXIAS,"TRAVESSA TOMAS ANTONIO GONZAGA, N. 150, Apto AP 43, BL H","185.000,00","145.000,00",0.00,Não,"Apartamento, 0.00 de área total, 42.76 de área privativa, 0.00 de área do terreno,  2 qto(s), WC, 1 sala(s), cozinha.",Leilão SFI - Edital Único,https://venda-imoveis.caixa.gov.br/sistema/detalhe-imovel.asp?hdnimovel=8444429764201,Caixa,Imóvel
1555519675686,RS,SAO LEOPOLDO,FEITORIA,"RUA JORGE SCHUCH, N. 317, LOTES 18/19, QUADRA 1183","431.000,00","303.000,00",0.00,Sim,"Terreno, 0.00 de área total, 0.00 de área privativa, 792.00 de área do terreno.",Leilão SFI - Edital Único,https://venda-imoveis.caixa.gov.br/sistema/detalhe-imovel.asp?hdnimovel=1555519675686,Caixa,Imóvel
8444434799166,RS,SAO LEOPOLDO,CAMPESTRE,"RUA WALTER ROST, N. SN, PARTE LT 08 QD A","231.795,72","105.000,00",0.00,Não,"Terreno, 0.00 de área total, 0.00 de área privativa, 160.48 de área do terreno.",Leilão SFI - Edital Único,https://venda-imoveis.caixa.gov.br/sistema/detalhe-imovel.asp?hdnimovel=8444434799166,Caixa,Imóvel
8444422250857,RS,SAPUCAIA DO SUL,COHAB,"RUA DAVID MACHADO, N. SN, Apto 408, BL 29, SETOR 04G68","38.572,75","118.000,00",67.32,Não,"Apartamento, 0.00 de área total, 38.64 de área privativa, 0.00 de área do terreno,  2 qto(s), WC, 1 sala(s), cozinha.",Venda Direta Online,https://venda-imoveis.caixa.gov.br/sistema/detalhe-imovel.asp?hdnimovel=8444422250857,Caixa,Imóvel
8444414692900,RS,SAPUCAIA DO SUL,COHAB,"RUA MATHEUS RIBEIRO, N. S/N, Apto 405, BL 16","29.726,86","90.000,00",66.98,Não,"Apartamento, 0.00 de área total, 28.14 de área privativa, 0.00 de área do terreno,  2 qto(s), a.serv, WC, 1 sala(s), cozinha.",Venda Direta Online,https://venda-imoveis.caixa.gov.br/sistema/detalhe-imovel.asp?hdnimovel=8444414692900,Caixa,Imóvel
8444415796335,RS,SAPUCAIA DO SUL,COHAB,"RUA MATHEUS RIBEIRO, N. 0, Apto 401, BL 13  QD ALFA","36.364,39","90.000,00",59.60,Não,"Apartamento, 0.00 de área total, 38.70 de área privativa, 0.00 de área do terreno,  2 qto(s), WC, 1 sala(s), cozinha.",Venda Direta Online,https://venda-imoveis.caixa.gov.br/sistema/detalhe-imovel.asp?hdnimovel=8444415796335,Caixa,Imóvel
8444405870753,RS,SAPUCAIA DO SUL,COHAB,"RUA MATHEUS RIBEIRO, N. SN, Apto 103, BL 13","44.743,68","103.000,00",56.56,Não,"Apartamento, 0.00 de área total, 38.70 de área privativa, 0.00 de área do terreno,  2 qto(s), WC, 1 sala(s), cozinha, Terraco.",Venda Direta Online,https://venda-imoveis.caixa.gov.br/sistema/detalhe-imovel.asp?hdnimovel=8444405870753,Caixa,Imóvel
8444423401018,RS,SAPUCAIA DO SUL,COHAB,"RUA CELESTE CATTO, N. SN, Apto 408, BL 37 LT 06 QD 01 SETOR 04G78","44.873,81","95.900,00",53.21,Não,"Apartamento, 0.00 de área total, 38.64 de área privativa, 0.00 de área do terreno.",Venda Direta Online,https://venda-imoveis.caixa.gov.br/sistema/detalhe-imovel.asp?hdnimovel=8444423401018,Caixa,Imóvel
8444408925931,RS,SAPUCAIA DO SUL,VARGAS,"RUA ENI CAMARGO ALVES, N. SN, LT 23 QD 15 SETOR 04H47","69.424,44","142.000,00",51.11,Sim,"Casa, 36.96 de área total, 36.96 de área privativa, 156.76 de área do terreno,  1 qto(s), WC, 1 sala(s), cozinha.",Venda Direta Online,https://venda-imoveis.caixa.gov.br/sistema/detalhe-imovel.asp?hdnimovel=8444408925931,Caixa,Imóvel
8444416176624,RS,SAPUCAIA DO SUL,COHAB,"RUA RODOLFO HICKMANN, N. SN, Apto 108, BL 02","55.037,21","108.560,99",49.31,Não,"Apartamento, 38.70 de área total, 38.70 de área privativa, 0.00 de área do terreno,  2 qto(s), WC, 1 sala(s), cozinha.",Venda Direta Online,https://venda-imoveis.caixa.gov.br/sistema/detalhe-imovel.asp?hdnimovel=8444416176624,Caixa,Imóvel
8444407851241,RS,SAPUCAIA DO SUL,COHAB,"RUA DAVID MACHADO, N. SN, Apto 104, BL 29","38.627,42","75.000,00",48.50,Não,"Apartamento, 36.75 de área total, 33.66 de área privativa, 0.00 de área do terreno,  1 qto(s), a.serv, WC, 1 sala(s), cozinha.",Venda Direta Online,https://venda-imoveis.caixa.gov.br/sistema/detalhe-imovel.asp?hdnimovel=8444407851241,Caixa,Imóvel
8444423099192,RS,SAPUCAIA DO SUL,COHAB,"RUA MATHEUS RIBEIRO, N. SN, Apto 104, BL 13","39.657,48","77.000,00",48.50,Não,"Apartamento, 36.75 de área total, 33.66 de área privativa, 0.00 de área do terreno,  2 qto(s), a.serv, WC, 1 sala(s), cozinha.",Venda Direta Online,https://venda-imoveis.caixa.gov.br/sistema/detalhe-imovel.asp?hdnimovel=8444423099192,Caixa,Imóvel
8444426570929,RS,SAPUCAIA DO SUL,COHAB,"ESTRADA FEDERAL BR-116 KM 21, N. S/N, Apto 305, BLOCO 41","42.871,20","82.000,00",47.72,Não,"Apartamento, 30.98 de área total, 28.38 de área privativa, 0.00 de área do terreno,  1 qto(s), WC, 1 sala(s), cozinha.",Venda Direta Online,https://venda-imoveis.caixa.gov.br/sistema/detalhe-imovel.asp?hdnimovel=8444426570929,Caixa,Imóvel
8444427898847,RS,SAPUCAIA DO SUL,COHAB,"RUA DAVID MACHADO, N. SN, Apto 207, BL 26","58.420,26","110.000,00",46.90,Não,"Apartamento, 42.18 de área total, 38.64 de área privativa, 0.00 de área do terreno,  2 qto(s), WC, 1 sala(s), cozinha.",Venda Direta Online,https://venda-imoveis.caixa.gov.br/sistema/detalhe-imovel.asp?hdnimovel=8444427898847,Caixa,Imóvel
8444432178857,RS,SAPUCAIA DO SUL,IPIRANGA,"AVENIDA CORONEL THEODOMIRO PORTO DA FONS, N. 2435, Apto 551, BL 5 LT 22 QD 1 SETOR 04H51","87.822,52","156.000,00",43.71,Não,"Apartamento, 47.20 de área total, 42.54 de área privativa, 0.00 de área do terreno,  2 qto(s), WC, 1 sala(s), cozinha.",Venda Direta Online,https://venda-imoveis.caixa.gov.br/sistema/detalhe-imovel.asp?hdnimovel=8444432178857,Caixa,Imóvel
8444425488714,RS,SAPUCAIA DO SUL,COHAB,"R DAVID MACHADO, N. S/N, Apto 204, BL 32","71.654,14","125.000,00",42.68,Sim,"Apartamento, 42.18 de área total, 38.64 de área privativa, 0.00 de área do terreno,  2 qto(s), WC, 1 sala(s), cozinha.",Venda Direta Online,https://venda-imoveis.caixa.gov.br/sistema/detalhe-imovel.asp?hdnimovel=8444425488714,Caixa,Imóvel
8444424639727,RS,SAPUCAIA DO SUL,COHAB,"R DAVID MACHADO, N. S/N, Apto 105, BL 26","47.053,76","81.000,00",41.91,Não,"Apartamento, 30.99 de área total, 28.38 de área privativa, 0.00 de área do terreno,  1 qto(s), WC, 1 sala(s), cozinha.",Venda Direta Online,https://venda-imoveis.caixa.gov.br/sistema/detalhe-imovel.asp?hdnimovel=8444424639727,Caixa,Imóvel
8787707045197,RS,SAPUCAIA DO SUL,CAMBOIM,"AVENIDA JUSTINO CAMBOIM, N. 1049, Apto 104, BL 09 BOX 81","87.819,45","150.000,00",41.46,Não,"Apartamento, 82.89 de área total, 39.62 de área privativa, 0.00 de área do terreno,  2 qto(s), a.serv, WC, 1 sala(s), cozinha, 1 vaga(s) de garagem.",Licitação Aberta,https://venda-imoveis.caixa.gov.br/sistema/detalhe-imovel.asp?hdnimovel=8787707045197,Caixa,Imóvel
8444409451569,RS,SAPUCAIA DO SUL,COHAB,"RUA DAVID MACHADO, N. SN, Apto 305, BL 26","43.717,15","74.000,00",40.93,Não,"Apartamento, 30.98 de área total, 28.38 de área privativa, 0.00 de área do terreno,  1 qto(s), WC, 1 sala(s), cozinha.",Venda Direta Online,https://venda-imoveis.caixa.gov.br/sistema/detalhe-imovel.asp?hdnimovel=8444409451569,Caixa,Imóvel
8555534774302,RS,SAPUCAIA DO SUL,BAIRRO KURASHIKI,"AVENIDA LUCIO BITTENCOURT, N. 1410, Apto 303, PAV 3","104.296,65","176.000,00",40.75,Não,"Apartamento, 0.00 de área total, 50.15 de área privativa, 0.00 de área do terreno, 1 vaga(s) de garagem.",Licitação Aberta,https://venda-imoveis.caixa.gov.br/sistema/detalhe-imovel.asp?hdnimovel=8555534774302,Caixa,Imóvel
8555518648900,RS,SAPUCAIA DO SUL,PASQUALINI,"RUA H32 H32 1181, N. 417, Apto 202, BL22","96.480,42","162.810,16",40.75,Não,"Apartamento, 0.00 de área total, 38.81 de área privativa, 0.00 de área do terreno,  2 qto(s), a.serv, WC, 1 sala(s), cozinha.",Venda Online,https://venda-imoveis.caixa.gov.br/sistema/detalhe-imovel.asp?hdnimovel=8555518648900,Caixa,Imóvel
8787711654720,RS,SAPUCAIA DO SUL,NOVA SAPUCAIA,"AVENIDA AMERICO VESPUCIO, N. 471, Apto 23, BL N PAV 2","95.342,55","160.890,00",40.75,Não,"Apartamento, 47.44 de área total, 54.17 de área privativa, 0.00 de área do terreno,  2 qto(s), a.serv, WC, 1 sala(s), cozinha, 1 vaga(s) de garagem.",Licitação Aberta,https://venda-imoveis.caixa.gov.br/sistema/detalhe-imovel.asp?hdnimovel=8787711654720,Caixa,Imóvel
8787706404851,RS,SAPUCAIA DO SUL,IPIRANGA,"RUA PEJUCARA, N. 36, Apto 206, TORRE A FIGUEIRA 1 ANDAR OU 2 PAV VG 2","98.963,30","167.000,00",40.75,Não,"Apartamento, 62.36 de área total, 45.35 de área privativa, 0.00 de área do terreno,  2 qto(s), WC, 1 sala(s), cozinha, 1 vaga(s) de garagem.",Venda Online,https://venda-imoveis.caixa.gov.br/sistema/detalhe-imovel.asp?hdnimovel=8787706404851,Caixa,Imóvel
8444405745355,RS,SAPUCAIA DO SUL,PASQUALINI,"RUA DONA ERNESTINA, N. 417, Apto 504, BL 13","88.518,56","145.000,00",38.96,Sim,"Apartamento, 75.25 de área total, 38.81 de área privativa, 0.00 de área do terreno,  2 qto(s), WC, 1 sala(s), cozinha.",Venda Direta Online,https://venda-imoveis.caixa.gov.br/sistema/detalhe-imovel.asp?hdnimovel=8444405745355,Caixa,Imóvel
8444408916452,RS,SAPUCAIA DO SUL,PASQUALINI,"RUA DONA ERNESTINA, N. 417, Apto 502, BL 09 LT 01 QD 12","92.181,39","151.000,00",38.96,Não,"Apartamento, 75.25 de área total, 38.81 de área privativa, 0.00 de área do terreno,  2 qto(s), WC, 1 sala(s), cozinha.",Venda Online,https://venda-imoveis.caixa.gov.br/sistema/detalhe-imovel.asp?hdnimovel=8444408916452,Caixa,Imóvel
8444406923770,RS,SAPUCAIA DO SUL,PASQUALINI,"RUA H32-H31-1181, N. 417, Apto 501, BL 13","98.816,70","160.000,00",38.24,Sim,"Apartamento, 75.25 de área total, 38.81 de área privativa, 0.00 de área do terreno,  2 qto(s), a.serv, WC, 1 sala(s), cozinha.",Venda Direta Online,https://venda-imoveis.caixa.gov.br/sistema/detalhe-imovel.asp?hdnimovel=8444406923770,Caixa,Imóvel
8444413872093,RS,SAPUCAIA DO SUL,PASQUALINI,"RUA DONA ERNESTINA, N. 417, Apto 501, BL 06,","103.757,54","168.000,00",38.24,Não,"Apartamento, 75.25 de área total, 38.81 de área privativa, 0.00 de área do terreno,  2 qto(s), WC, 1 sala(s), cozinha.",Venda Direta Online,https://venda-imoveis.caixa.gov.br/sistema/detalhe-imovel.asp?hdnimovel=8444413872093,Caixa,Imóvel
8444408637308,RS,SAPUCAIA DO SUL,PASQUALINI,"RUA DONA ERNESTINA, N. 417, Apto 403, BLOCO 14","128.000,00","128.000,00",0.00,Não,"Apartamento, 0.00 de área total, 38.81 de área privativa, 0.00 de área do terreno,  2 qto(s), WC, 1 sala(s), cozinha, 1 vaga(s) de garagem.",Leilão SFI - Edital Único,https://venda-imoveis.caixa.gov.br/sistema/detalhe-imovel.asp?hdnimovel=8444408637308,Caixa,Imóvel
8444432574655,RS,SAPUCAIA DO SUL,NOVA SAPUCAIA,"AVENIDA AMERICO VESPUCIO, N. 591, Apto 336, BL 3 3 PAV","170.000,00","170.000,00",0.00,Não,"Apartamento, 48.02 de área total, 44.05 de área privativa, 0.00 de área do terreno,  2 qto(s), WC, 1 sala(s), cozinha.",Leilão SFI - Edital Único,https://venda-imoveis.caixa.gov.br/sistema/detalhe-imovel.asp?hdnimovel=8444432574655,Caixa,Imóvel
8555527473467,RS,SAPUCAIA DO SUL,KURASHIKI,"AVENIDA LUCIO BITTENCOURT, N. 1410, Apto 306, BL 02 VG 460","195.000,00","195.000,00",0.00,Não,"Apartamento, 68.74 de área total, 47.05 de área privativa, 0.00 de área do terreno,  2 qto(s), WC, 1 sala(s), cozinha, 1 vaga(s) de garagem.",Leilão SFI - Edital Único,https://venda-imoveis.caixa.gov.br/sistema/detalhe-imovel.asp?hdnimovel=8555527473467,Caixa,Imóvel
8787701005134,RS,SAPUCAIA DO SUL,IPIRANGA,"RUA IRMA EDVIGES, N. 816, Apto 42  A,","207.500,00","207.500,00",0.00,Não,"Apartamento, 66.13 de área total, 60.64 de área privativa, 0.00 de área do terreno,  2 qto(s), a.serv, 1 sala(s), cozinha, 1 vaga(s) de garagem.",Leilão SFI - Edital Único,https://venda-imoveis.caixa.gov.br/sistema/detalhe-imovel.asp?hdnimovel=8787701005134,Caixa,Imóvel
8444406190713,RS,SAPUCAIA DO SUL,COHAB,"BR116 KM 21, N. SN, Apto 104, BL 48 LT 4 QD 3 ST 04G78","80.000,00","80.000,00",0.00,Não,"Apartamento, 36.75 de área total, 33.66 de área privativa, 0.00 de área do terreno,  2 qto(s), WC, 1 sala(s), cozinha.",Leilão SFI - Edital Único,https://venda-imoveis.caixa.gov.br/sistema/detalhe-imovel.asp?hdnimovel=8444406190713,Caixa,Imóvel
10306257,RS,SAPUCAIA DO SUL,DIHEL,"RUA CAMPOS SALES, N. 138, STR 04G75, QD V, LT 04, QD 24 MAPA GER","408.000,00","408.000,00",0.00,Não,"Comercial, 0.00 de área total, 179.64 de área privativa, 283.50 de área do terreno.",Leilão SFI - Edital Único,https://venda-imoveis.caixa.gov.br/sistema/detalhe-imovel.asp?hdnimovel=10306257,Caixa,Imóvel
8444415293651,RS,SAPUCAIA DO SUL,LOMBA DA PALMEIRA,"RUA LUIZA CLARINDA THIESEN, N. 32, CASA 03","185.000,00","185.000,00",0.00,Não,"Casa, 45.56 de área total, 45.56 de área privativa, 64.55 de área do terreno,  2 qto(s), WC, 1 sala(s), cozinha.",Leilão SFI - Edital Único,https://venda-imoveis.caixa.gov.br/sistema/detalhe-imovel.asp?hdnimovel=8444415293651,Caixa,Imóvel
8787700809728,RS,SAPUCAIA DO SUL,LOMBA DA PALMEIRA,"RUA IRMA EDVIGES, N. 816, Apto 53, BL D ANDAR 04 PAV 05 VG 217","160.000,00","160.000,00",0.00,Não,"Apartamento, 66.14 de área total, 60.64 de área privativa, 0.00 de área do terreno,  2 qto(s), WC, 1 sala(s), cozinha, 1 vaga(s) de garagem.",Leilão SFI - Edital Único,https://venda-imoveis.caixa.gov.br/sistema/detalhe-imovel.asp?hdnimovel=8787700809728,Caixa,Imóvel
8555529520977,RS,SAPUCAIA DO SUL,CENTRO,"AVENIDA LUCIO BITTENCOURT, N. 1410, Apto 105,  BLOCO 01","158.859,14","158.500,00",0.00,Não,"Apartamento, 72.18 de área total, 49.94 de área privativa, 0.00 de área do terreno,  2 qto(s), WC, 1 sala(s), cozinha, 1 vaga(s) de garagem.",Leilão SFI - Edital Único,https://venda-imoveis.caixa.gov.br/sistema/detalhe-imovel.asp?hdnimovel=8555529520977,Caixa,Imóvel
8444433551926,RS,SAPUCAIA DO SUL,PASQUALINI,"RUA DONA ERNESTINA, N. SN, Apto 503, BL 18 LT 1 SBLT 3 QD 12 ST 04H32","160.123,18","150.000,00",0.00,Não,"Apartamento, 75.25 de área total, 38.81 de área privativa, 0.00 de área do terreno,  2 qto(s), WC, 1 sala(s), cozinha.",Leilão SFI - Edital Único,https://venda-imoveis.caixa.gov.br/sistema/detalhe-imovel.asp?hdnimovel=8444433551926,Caixa,Imóvel
8787713768847,RS,SAPUCAIA DO SUL,NOVA SAPUCAIA,"AVENIDA AMERICO VESPUCIO, N. 471, Apto 44, BL J ANDAR 03 PAV 04 VG 278","161.174,28","148.000,00",0.00,Não,"Apartamento, 58.96 de área total, 42.65 de área privativa, 0.00 de área do terreno,  2 qto(s), WC, 1 sala(s), cozinha, 1 vaga(s) de garagem.",Leilão SFI - Edital Único,https://venda-imoveis.caixa.gov.br/sistema/detalhe-imovel.asp?hdnimovel=8787713768847,Caixa,Imóvel
10211602,RS,VIAMAO,SANTA ISABEL,"RUA CAMPUS DA COLINA (ANTIGA RUA B), N. 190, QD D LT 30","186.996,04","350.000,00",46.58,Não,"Casa, 0.00 de área total, 218.44 de área privativa, 300.00 de área do terreno, 1 vaga(s) de garagem.",Venda Direta Online,https://venda-imoveis.caixa.gov.br/sistema/detalhe-imovel.asp?hdnimovel=10211602,Caixa,Imóvel
1444416442474,RS,VIAMAO,QUERENCIA,"RUA CANTEGRIL, N. SN, UNI HAB 13L","59.583,94","108.000,00",44.83,Não,"Terreno, 0.00 de área total, 0.00 de área privativa, 117996.33 de área do terreno.",Venda Direta Online,https://venda-imoveis.caixa.gov.br/sistema/detalhe-imovel.asp?hdnimovel=1444416442474,Caixa,Imóvel
1444406709931,RS,VIAMAO,SANTA ISABEL,"AVENIDA LIBERDADE, N. 3500, SETOR SOL","228.636,50","410.000,00",44.24,Sim,"Terreno, 0.00 de área total, 0.00 de área privativa, 1047.07 de área do terreno.",Venda Direta Online,https://venda-imoveis.caixa.gov.br/sistema/detalhe-imovel.asp?hdnimovel=1444406709931,Caixa,Imóvel
1159120080399,RS,VIAMAO,TARUMA,"RUA TELMO GODOY PINTO, N. 837,","562.111,20","980.000,00",42.65,Sim,"Casa, 265.28 de área total, 199.54 de área privativa, 1000.37 de área do terreno,  4 qto(s), a.serv, WC, WC Emp, 2 sala(s), cozinha, 1 vaga(s) de garagem.",Venda Direta Online,https://venda-imoveis.caixa.gov.br/sistema/detalhe-imovel.asp?hdnimovel=1159120080399,Caixa,Imóvel
8444416091467,RS,VIAMAO,CECILIA,"RUA CONDE DE PORTO ALEGRE, N. 223, CS 09","56.155,03","97.000,00",42.11,Não,"Casa, 35.49 de área total, 30.39 de área privativa, 66.49 de área do terreno,  1 qto(s), a.serv, WC, 1 sala(s), cozinha, 1 vaga(s) de garagem.",Licitação Aberta,https://venda-imoveis.caixa.gov.br/sistema/detalhe-imovel.asp?hdnimovel=8444416091467,Caixa,Imóvel
8787708845790,RS,VIAMAO,CECILIA,"RODOVIA TAPIR ROCHA(ANTIGAAV SENADOR SALGADO FILHO, N. 1820, Apto 402, BL 36 PAV 04","100.741,08","170.000,00",40.75,Não,"Apartamento, 64.09 de área total, 40.82 de área privativa, 0.00 de área do terreno,  2 qto(s), WC, 1 sala(s), cozinha, 1 vaga(s) de garagem.",Licitação Aberta,https://venda-imoveis.caixa.gov.br/sistema/detalhe-imovel.asp?hdnimovel=8787708845790,Caixa,Imóvel
8787718546028,RS,VIAMAO,ESTALAGEM,"AVENIDA JOSE GARIBALDI, N. 1514, CS 68","132.366,56","219.000,00",39.56,Não,"Casa, 109.14 de área total, 78.00 de área privativa, 144.24 de área do terreno.",Licitação Aberta,https://venda-imoveis.caixa.gov.br/sistema/detalhe-imovel.asp?hdnimovel=8787718546028,Caixa,Imóvel
8444435175514,RS,VIAMAO,CENTRO,"RUA VALTER DE AZEREDO, N. 200, Apto 505, BOX","120.882,70","200.000,00",39.56,Não,"Apartamento, 69.07 de área total, 51.69 de área privativa, 0.00 de área do terreno,  2 qto(s), a.serv, WC, 1 sala(s), cozinha.",Licitação Aberta,https://venda-imoveis.caixa.gov.br/sistema/detalhe-imovel.asp?hdnimovel=8444435175514,Caixa,Imóvel
1444401858033,RS,VIAMAO,QUERENCIA,"AV SENADOR SALGADO FILHO, N. 8450, UA  AC9 QD AC","686.924,21","1.125.000,00",38.95,Não,"Casa, 0.00 de área total, 280.00 de área privativa, 330.00 de área do terreno,  3 qto(s), a.serv, WC, 1 sala(s), 1 lavabo(s), cozinha.",Venda Online,https://venda-imoveis.caixa.gov.br/sistema/detalhe-imovel.asp?hdnimovel=1444401858033,Caixa,Imóvel
1444406664008,RS,VIAMAO,SANTA ISABEL,"AVENIDA LIBERDADE, N. 3500, ECO20 SETOR ÁGUA","130.531,38","212.700,00",38.64,Sim,"Terreno, 0.00 de área total, 0.00 de área privativa, 1037.50 de área do terreno.",Venda Direta Online,https://venda-imoveis.caixa.gov.br/sistema/detalhe-imovel.asp?hdnimovel=1444406664008,Caixa,Imóvel
1444412653896,RS,VIAMAO,SAO TOME,"RUA PADRE REUS, N. 50, UNIDADE 12 QD 06","125.884,66","200.000,00",37.06,Não,"Casa, 0.00 de área total, 48.00 de área privativa, 303.55 de área do terreno,  2 qto(s), a.serv, WC, 1 sala(s), cozinha.",Licitação Aberta,https://venda-imoveis.caixa.gov.br/sistema/detalhe-imovel.asp?hdnimovel=1444412653896,Caixa,Imóvel
8787709156620,RS,VIAMAO,FIUZA,"RUA ALCEBIADES AZEREDO DOS SANTOS, N. 1633, Apto 104,  TORRE 3","160.000,00","160.000,00",0.00,Não,"Apartamento, 63.57 de área total, 44.65 de área privativa, 0.00 de área do terreno,  2 qto(s), WC, 1 sala(s), cozinha, 1 vaga(s) de garagem.",Leilão SFI - Edital Único,https://venda-imoveis.caixa.gov.br/sistema/detalhe-imovel.asp?hdnimovel=8787709156620,Caixa,Imóvel
8787708945647,RS,VIAMAO,CECILIA,"RODOVIA TAPIR ROCHA, N. 1820, Apto 401, BL 35  BOX 269","170.000,00","170.000,00",0.00,Não,"Apartamento, 74.66 de área total, 40.82 de área privativa, 0.00 de área do terreno,  2 qto(s), WC, 1 sala(s), cozinha, 1 vaga(s) de garagem.",Leilão SFI - Edital Único,https://venda-imoveis.caixa.gov.br/sistema/detalhe-imovel.asp?hdnimovel=8787708945647,Caixa,Imóvel
8787709632022,RS,VIAMAO,CECILIA,"RODOVIA TAPIR ROCHA, N. 1820, Apto 202, BL 15, BOX N 155","215.761,66","215.761,66",0.00,Não,"Apartamento, 0.00 de área total, 40.82 de área privativa, 0.00 de área do terreno.",Leilão SFI - Edital Único,https://venda-imoveis.caixa.gov.br/sistema/detalhe-imovel.asp?hdnimovel=8787709632022,Caixa,Imóvel
8444424613442,RS,VIAMAO,TARUMA,"RUA PERO VAZ DE CAMINHA, N. 170, UN HAB 04 N 162 LT 01 02 03 QD 7A","205.000,00","205.000,00",0.00,Não,"Casa, 52.70 de área total, 52.70 de área privativa, 50.23 de área do terreno,  2 qto(s), a.serv, WC, 1 sala(s), 1 lavabo(s), cozinha, 1 vaga(s) de garagem.",Leilão SFI - Edital Único,https://venda-imoveis.caixa.gov.br/sistema/detalhe-imovel.asp?hdnimovel=8444424613442,Caixa,Imóvel
8444422167437,RS,VIAMAO,QUERENCIA,"RUA CANTEGRIL, N. 935, UNIDADE 08","191.400,00","191.400,00",0.00,Não,"Casa, 60.48 de área total, 60.48 de área privativa, 66.89 de área do terreno,  2 qto(s), WC Emp, 1 sala(s), 1 lavabo(s), cozinha, Terraco.",Leilão SFI - Edital Único,https://venda-imoveis.caixa.gov.br/sistema/detalhe-imovel.asp?hdnimovel=8444422167437,Caixa,Imóvel
1444414757168,RS,VIAMAO,TARUMA,"AVENIDA DAS AZALEIAS, N. 161, LT 05, QD 12,","479.916,66","470.000,00",0.00,Não,"Casa, 183.96 de área total, 66.12 de área privativa, 480.00 de área do terreno.",Leilão SFI - Edital Único,https://venda-imoveis.caixa.gov.br/sistema/detalhe-imovel.asp?hdnimovel=1444414757168,Caixa,Imóvel
X127830,,Sapucaia Do Sul,,Apartamento 33 m² - COHAB - Sapucaia do Sul - RS,"26500,0","26500,0","0,0",,Apartamento 33 m² - COHAB - Sapucaia do Sul - RS,"Extrajudicial Lote 31

                                            P. Única",https://www.megaleiloes.com.br/imoveis/apartamentos/rs/sapucaia-do-sul/apartamento-33-m2-cohab-sapucaia-do-sul-rs-x127830?utm_source=megaleiloes&utm_medium=link&utm_campaign=apartamento-33-m2-cohab-sapucaia-do-sul-rs-x127830&utm_term=X127830&utm_content=link,Mega Leilões,Imóvel
X127841,,Porto Alegre,,Apartamento 78 m² - Centro Histórico - Porto Alegre - RS,"143100,0","143100,0","0,0",,Apartamento 78 m² - Centro Histórico - Porto Alegre - RS,"Extrajudicial Lote 41

                                            P. Única",https://www.megaleiloes.com.br/imoveis/apartamentos/rs/porto-alegre/apartamento-78-m2-centro-historico-porto-alegre-rs-x127841?utm_source=megaleiloes&utm_medium=link&utm_campaign=apartamento-78-m2-centro-historico-porto-alegre-rs-x127841&utm_term=X127841&utm_content=link,Mega Leilões,Imóvel
X127850,,Viamão,,Casa 58 m² - Vila Minuano - Viamão - RS,"112100,0","112100,0","0,0",,Casa 58 m² - Vila Minuano - Viamão - RS,"Extrajudicial Lote 49

                                            P. Única",https://www.megaleiloes.com.br/imoveis/casas/rs/viamao/casa-58-m2-vila-minuano-viamao-rs-x127850?utm_source=megaleiloes&utm_medium=link&utm_campaign=casa-58-m2-vila-minuano-viamao-rs-x127850&utm_term=X127850&utm_content=link,Mega Leilões,Imóvel
X127852,,Viamão,,Casa 61 m² - Santa Isabel - Viamão - RS,"147600,0","147600,0","0,0",,Casa 61 m² - Santa Isabel - Viamão - RS,"Extrajudicial Lote 51

                                            P. Única",https://www.megaleiloes.com.br/imoveis/casas/rs/viamao/casa-61-m2-santa-isabel-viamao-rs-x127852?utm_source=megaleiloes&utm_medium=link&utm_campaign=casa-61-m2-santa-isabel-viamao-rs-x127852&utm_term=X127852&utm_content=link,Mega Leilões,Imóvel
X127961,,Porto Alegre,,Apartamento 331 m² - Moinhos de Vento - Porto Alegre - RS,"2207000,0","2207000,0","37,0",,Apartamento 331 m² - Moinhos de Vento - Porto Alegre - RS,"Extrajudicial Lote 1

                                                                        2 Praças",https://www.megaleiloes.com.br/imoveis/apartamentos/rs/porto-alegre/apartamento-331-m2-moinhos-de-vento-porto-alegre-rs-x127961?utm_source=megaleiloes&utm_medium=link&utm_campaign=apartamento-331-m2-moinhos-de-vento-porto-alegre-rs-x127961&utm_term=X127961&utm_content=link,Mega Leilões,Imóvel
X127672,,Porto Alegre,,"Casa 319 m² - Porto Alegre-RS - Rua Patrício de Matos Fernandes, 30 - Santa Tereza","630000,0","630000,0","0,0",,"Casa 319 m² - Porto Alegre-RS - Rua Patrício de Matos Fernandes, 30 - Santa Tereza","Extrajudicial Lote 15

                                            P. Única",https://www.megaleiloes.com.br/imoveis/casas/rs/porto-alegre/casa-319-m2-porto-alegre-rs-rua-patricio-de-matos-fernandes-30-santa-tereza-x127672?utm_source=megaleiloes&utm_medium=link&utm_campaign=casa-319-m2-porto-alegre-rs-rua-patricio-de-matos-fernandes-30-santa-tereza-x127672&utm_term=X127672&utm_content=link,Mega Leilões,Imóvel
X128123,,Eldorado Do Sul,,Casa 243 m² - Parque Eldorado - Eldorado do Sul - RS,"293900,0","293900,0","0,0",,Casa 243 m² - Parque Eldorado - Eldorado do Sul - RS,"Extrajudicial Lote 10

                                            P. Única",https://www.megaleiloes.com.br/imoveis/casas/rs/eldorado-do-sul/casa-243-m2-parque-eldorado-eldorado-do-sul-rs-x128123?utm_source=megaleiloes&utm_medium=link&utm_campaign=casa-243-m2-parque-eldorado-eldorado-do-sul-rs-x128123&utm_term=X128123&utm_content=link,Mega Leilões,Imóvel
X128134,,Eldorado Do Sul,,Casa em Condomínio 62 m² (01 vaga) - Sans Souci - Eldorado do Sul - RS,"84100,0","84100,0","0,0",,Casa em Condomínio 62 m² (01 vaga) - Sans Souci - Eldorado do Sul - RS,"Extrajudicial Lote 21

                                            P. Única",https://www.megaleiloes.com.br/imoveis/casas/rs/eldorado-do-sul/casa-em-condominio-62-m2-01-vaga-sans-souci-eldorado-do-sul-rs-x128134?utm_source=megaleiloes&utm_medium=link&utm_campaign=casa-em-condominio-62-m2-01-vaga-sans-souci-eldorado-do-sul-rs-x128134&utm_term=X128134&utm_content=link,Mega Leilões,Imóvel
X128140,,Cachoeirinha,,Casa em Condomínio 57 m² (01 vaga) - Jardim do Bosque - Cachoeirinha - RS,"140000,0","140000,0","0,0",,Casa em Condomínio 57 m² (01 vaga) - Jardim do Bosque - Cachoeirinha - RS,"Extrajudicial Lote 26

                                            P. Única",https://www.megaleiloes.com.br/imoveis/casas/rs/cachoeirinha/casa-em-condominio-57-m2-01-vaga-jardim-do-bosque-cachoeirinha-rs-x128140?utm_source=megaleiloes&utm_medium=link&utm_campaign=casa-em-condominio-57-m2-01-vaga-jardim-do-bosque-cachoeirinha-rs-x128140&utm_term=X128140&utm_content=link,Mega Leilões,Imóvel
X128189,,Porto Alegre,,Casa 150 m² - Cavalhada - Porto Alegre - RS,"352000,0","352000,0","0,0",,Casa 150 m² - Cavalhada - Porto Alegre - RS,"Extrajudicial Lote 75

                                            P. Única",https://www.megaleiloes.com.br/imoveis/casas/rs/porto-alegre/casa-150-m2-cavalhada-porto-alegre-rs-x128189?utm_source=megaleiloes&utm_medium=link&utm_campaign=casa-150-m2-cavalhada-porto-alegre-rs-x128189&utm_term=X128189&utm_content=link,Mega Leilões,Imóvel
X128239,,Porto Alegre,,Apartamento 85 m² (01 vaga) - Cristal - Porto Alegre - RS,"184000,0","184000,0","0,0",,Apartamento 85 m² (01 vaga) - Cristal - Porto Alegre - RS,"Extrajudicial Lote 125

                                            P. Única",https://www.megaleiloes.com.br/imoveis/apartamentos/rs/porto-alegre/apartamento-85-m2-01-vaga-cristal-porto-alegre-rs-x128239?utm_source=megaleiloes&utm_medium=link&utm_campaign=apartamento-85-m2-01-vaga-cristal-porto-alegre-rs-x128239&utm_term=X128239&utm_content=link,Mega Leilões,Imóvel
X128262,,Eldorado Do Sul,,Casa em Condomínio 64 m² (01 vaga) - Medianeira - Eldorado do Sul - RS,"102400,0","102400,0","0,0",,Casa em Condomínio 64 m² (01 vaga) - Medianeira - Eldorado do Sul - RS,"Extrajudicial Lote 148

                                            P. Única",https://www.megaleiloes.com.br/imoveis/casas/rs/eldorado-do-sul/casa-em-condominio-64-m2-01-vaga-medianeira-eldorado-do-sul-rs-x128262?utm_source=megaleiloes&utm_medium=link&utm_campaign=casa-em-condominio-64-m2-01-vaga-medianeira-eldorado-do-sul-rs-x128262&utm_term=X128262&utm_content=link,Mega Leilões,Imóvel
X128283,,Viamão,,Casa 129 m² - Santa Isabel - Viamão - RS,"156000,0","156000,0","0,0",,Casa 129 m² - Santa Isabel - Viamão - RS,"Extrajudicial Lote 169

                                            P. Única",https://www.megaleiloes.com.br/imoveis/casas/rs/viamao/casa-129-m2-santa-isabel-viamao-rs-x128283?utm_source=megaleiloes&utm_medium=link&utm_campaign=casa-129-m2-santa-isabel-viamao-rs-x128283&utm_term=X128283&utm_content=link,Mega Leilões,Imóvel
X128284,,Canoas,,Apartamento 52 m² (01 vaga) - Fátima - Canoas - RS,"149800,0","149800,0","0,0",,Apartamento 52 m² (01 vaga) - Fátima - Canoas - RS,"Extrajudicial Lote 170

                                            P. Única",https://www.megaleiloes.com.br/imoveis/apartamentos/rs/canoas/apartamento-52-m2-01-vaga-fatima-canoas-rs-x128284?utm_source=megaleiloes&utm_medium=link&utm_campaign=apartamento-52-m2-01-vaga-fatima-canoas-rs-x128284&utm_term=X128284&utm_content=link,Mega Leilões,Imóvel
X128346,,Porto Alegre,,Apartamento 25 m² - Cidade Baixa - Porto Alegre - RS,"144400,0","144400,0","0,0",,Apartamento 25 m² - Cidade Baixa - Porto Alegre - RS,"Extrajudicial Lote 198

                                            P. Única",https://www.megaleiloes.com.br/imoveis/apartamentos/rs/porto-alegre/apartamento-25-m2-cidade-baixa-porto-alegre-rs-x128346?utm_source=megaleiloes&utm_medium=link&utm_campaign=apartamento-25-m2-cidade-baixa-porto-alegre-rs-x128346&utm_term=X128346&utm_content=link,Mega Leilões,Imóvel
X127360,,Canoas,,Casa 220 m² - São José - Canoas - RS,"662000,0","662000,0","0,0",,Casa 220 m² - São José - Canoas - RS,"Extrajudicial Lote 3

                                            P. Única",https://www.megaleiloes.com.br/imoveis/casas/rs/canoas/casa-220-m2-sao-jose-canoas-rs-x127360?utm_source=megaleiloes&utm_medium=link&utm_campaign=casa-220-m2-sao-jose-canoas-rs-x127360&utm_term=X127360&utm_content=link,Mega Leilões,Imóvel
X128026,,Porto Alegre,,Ex-Agência 2.700 m² - Centro Histórico - Porto Alegre - RS,"4830000,0","4830000,0","0,0",,Ex-Agência 2.700 m² - Centro Histórico - Porto Alegre - RS,"Extrajudicial Lote 17

                                            P. Única",https://www.megaleiloes.com.br/imoveis/imoveis-comerciais/rs/porto-alegre/ex-agencia-2700-m2-centro-historico-porto-alegre-rs-x128026?utm_source=megaleiloes&utm_medium=link&utm_campaign=ex-agencia-2700-m2-centro-historico-porto-alegre-rs-x128026&utm_term=X128026&utm_content=link,Mega Leilões,Imóvel
X128318,,Cachoeirinha,,"Casa 49 m² - Cachoeirinha-RS - Rua José Souza Jucowsi, 78 - Casa 02 do Condomínio Residencial Chapecozinho - Residencial Parque da Matriz II","335466,45","335466,45","44,0",,"Casa 49 m² - Cachoeirinha-RS - Rua José Souza Jucowsi, 78 - Casa 02 do Condomínio Residencial Chapecozinho - Residencial Parque da Matriz II","Extrajudicial Lote 9

                                                                        2 Praças",https://www.megaleiloes.com.br/imoveis/casas/rs/cachoeirinha/casa-49-m2-cachoeirinha-rs-rua-jose-souza-jucowsi-78-casa-02-do-condominio-residencial-chapecozinho-residencial-parque-da-matriz-ii-x128318?utm_source=megaleiloes&utm_medium=link&utm_campaign=casa-49-m2-cachoeirinha-rs-rua-jose-souza-jucowsi-78-casa-02-do-condominio-residencial-chapecozinho-residencial-parque-da-matriz-ii-x128318&utm_term=X128318&utm_content=link,Mega Leilões,Imóvel
X128396,,Alvorada,,"Apartamento 50 m² - Alvorada-RS - Rua Aldo Rodrigues da Silva, 59 - Apto. 101 - Algarve","284132,18","284132,18","40,0",,"Apartamento 50 m² - Alvorada-RS - Rua Aldo Rodrigues da Silva, 59 - Apto. 101 - Algarve","Extrajudicial Lote 8

                                                                        2 Praças",https://www.megaleiloes.com.br/imoveis/apartamentos/rs/alvorada/apartamento-50-m2-alvorada-rs-rua-aldo-rodrigues-da-silva-59-apto-101-algarve-x128396?utm_source=megaleiloes&utm_medium=link&utm_campaign=apartamento-50-m2-alvorada-rs-rua-aldo-rodrigues-da-silva-59-apto-101-algarve-x128396&utm_term=X128396&utm_content=link,Mega Leilões,Imóvel
J128033,,Porto Alegre,,Direitos sobre Sala Comercial 64 m² e Box 12 m² (Unid. 19 do Edifício Paladium) - Cidade Baixa - Porto Alegre - RS,"232655,67","232655,67","50,0",,Direitos sobre Sala Comercial 64 m² e Box 12 m² (Unid. 19 do Edifício Paladium) - Cidade Baixa - Porto Alegre - RS,"Judicial Lote 1

                                                                        2 Praças",https://www.megaleiloes.com.br/imoveis/imoveis-comerciais/rs/porto-alegre/direitos-sobre-sala-comercial-64-m2-e-box-12-m2-unid-19-do-edificio-paladium-cidade-baixa-porto-alegre-rs-j128033?utm_source=megaleiloes&utm_medium=link&utm_campaign=direitos-sobre-sala-comercial-64-m2-e-box-12-m2-unid-19-do-edificio-paladium-cidade-baixa-porto-alegre-rs-j128033&utm_term=J128033&utm_content=link,Mega Leilões,Imóvel
ZUK-37007-230806,,PORTO ALEGRE,MENINO DEUS,"Rua Barão de Cerro Largo,  11","166590,05","166590,05","0,00",,Loja / Sala Comercial em Menino Deus,Leilão,https://www.portalzuk.com.br/imovel/rs/porto-alegre/menino-deus/rua-barao-de-cerro-largo-11/37007-230806,Zukerman,Imóvel
ZUK-37007-230807,,PORTO ALEGRE,MENINO DEUS,"Rua Barão do Cerro Largo,  11","166590,05","166590,05","0,00",,Loja / Sala Comercial em Menino Deus,Leilão,https://www.portalzuk.com.br/imovel/rs/porto-alegre/menino-deus/rua-barao-do-cerro-largo-11/37007-230807,Zukerman,Imóvel
ZUK-37250-232511,,PORTO ALEGRE,SARANDI,"Avenida Toledo Piza,  733","167232,0","327905,88","49,00",,Casa em Sarandi,Leilão,https://www.portalzuk.com.br/imovel/rs/porto-alegre/sarandi/avenida-toledo-piza-733/37250-232511,Zukerman,Imóvel
ZUK-37250-232542,,PORTO ALEGRE,HIPICA,"Rua Sylvio Mottola,  122","180960,0","402133,33","55,00",,Casa em Hípica,Leilão,https://www.portalzuk.com.br/imovel/rs/porto-alegre/hipica/rua-sylvio-mottola-122/37250-232542,Zukerman,Imóvel
ZUK-37250-232604,,PORTO ALEGRE,PARQUE SANTA FE,"Rua Alvaro Domingues,  45","105300,0","175500,0","40,00",,Apartamento em Parque Santa Fe,Leilão,https://www.portalzuk.com.br/imovel/rs/porto-alegre/parque-santa-fe/rua-alvaro-domingues-45/37250-232604,Zukerman,Imóvel
ZUK-37250-232683,,PORTO ALEGRE,PETROPOLIS,"Rua Coronel Corte Real,  523","289926,0","414180,0","30,00",,Apartamento em Petrópolis,Leilão,https://www.portalzuk.com.br/imovel/rs/porto-alegre/petropolis/rua-coronel-corte-real-523/37250-232683,Zukerman,Imóvel
ZUK-37239-232457,,PORTO ALEGRE,NONOAI,"Rua Monte Arraes,  300","173600,0","217000,0","20,00",,Apartamento em Nonoai,Leilão,https://www.portalzuk.com.br/imovel/rs/porto-alegre/nonoai/rua-monte-arraes-300/37239-232457,Zukerman,Imóvel
ZUK-37239-232458,,PORTO ALEGRE,CENTRO HISTORICO,"Rua Riachuelo,  1339","149600,0","187000,0","20,00",,Loja / Sala Comercial em Centro Histórico,Leilão,https://www.portalzuk.com.br/imovel/rs/porto-alegre/centro-historico/rua-riachuelo-1339/37239-232458,Zukerman,Imóvel
ZUK-37298-232935,,PORTO ALEGRE,CENTRO HISTORICO,"Rua dos Andradas,  1560","61300,0","142558,14","57,00",,Loja / Sala Comercial em Centro Histórico,Leilão,https://www.portalzuk.com.br/imovel/rs/porto-alegre/centro-historico/rua-dos-andradas-1560/37298-232935,Zukerman,Imóvel
ZUK-37188-232480,,PORTO ALEGRE,JARDIM SAO PEDRO,"Rua da Várzea,  138","680625,6","680625,6","0,00",,Casa em Jardim São Pedro,Leilão,https://www.portalzuk.com.br/imovel/rs/porto-alegre/jardim-sao-pedro/rua-da-varzea-138/37188-232480,Zukerman,Imóvel
ZUK-37264-232803,,PORTO ALEGRE,SAO JOAO,"Rua Coronel Feijó,  89","193806,89","193806,89","0,00",,Apartamento em São João,Leilão,https://www.portalzuk.com.br/imovel/rs/porto-alegre/sao-joao/rua-coronel-feijo-89/37264-232803,Zukerman,Imóvel
ZUK-,,PORTO ALEGRE,FLORESTA,"Rua Voluntários da Pátria,  700","24000,0","24000,0","0,00",,Apartamento em Floresta,Leilão,https://www.portalzuk.com.br,Zukerman,Imóvel
ZUK-,,PORTO ALEGRE,FLORESTA,"Rua Voluntários da Pátria,  700","23000,0","23000,0","0,00",,Apartamento em Floresta,Leilão,https://www.portalzuk.com.br,Zukerman,Imóvel
ZUK-,,PORTO ALEGRE,FLORESTA,"Rua Voluntários da Pátria,  700","39000,0","39000,0","0,00",,Apartamento em Floresta,Leilão,https://www.portalzuk.com.br,Zukerman,Imóvel
ZUK-37152-231969,,CANOAS,SAO JOSE,"Rua Verona,  395","191000,0","367307,69","48,00",,Casa em São José,Leilão,https://www.portalzuk.com.br/imovel/rs/canoas/sao-jose/rua-verona-395/37152-231969,Zukerman,Imóvel
ZUK-37298-232917,,CANOAS,HARMONIA,"Rua República,  2119","247280,0","515166,67","52,00",,Casa em Harmonia,Leilão,https://www.portalzuk.com.br/imovel/rs/canoas/harmonia/rua-republica-2119/37298-232917,Zukerman,Imóvel
ZUK-37298-232926,,CANOAS,HARMONIA,"Rua Marcilio Dias,  161","311120,0","707090,91","56,00",,Casa em Harmonia,Leilão,https://www.portalzuk.com.br/imovel/rs/canoas/harmonia/rua-marcilio-dias-161/37298-232926,Zukerman,Imóvel
ZUK-37250-232763,,ALVORADA,JARDIM ALGARVE,"Rua Condores,  249","612807,0","828117,57","26,00",,Casa em Jardim Algarve,Leilão,https://www.portalzuk.com.br/imovel/rs/alvorada/jardim-algarve/rua-condores-249/37250-232763,Zukerman,Imóvel
ZUK-37142-231892,,ALVORADA,APARECIDA,"Rua João Pessoa,  636","96000,0","1371428,57","93,00",,Casa em Aparecida,Leilão,https://www.portalzuk.com.br/imovel/rs/alvorada/aparecida/rua-joao-pessoa-636/37142-231892,Zukerman,Imóvel
ZUK-37250-232585,,VIAMAO,TARUMA,"Avenida João Carlos Viale Dias,  1199","569934,65","1075348,4","47,00",,Casa em Tarumã,Leilão,https://www.portalzuk.com.br/imovel/rs/viamao/taruma/avenida-joao-carlos-viale-dias-1199/37250-232585,Zukerman,Imóvel
ZUK-36670-231900,,GRAVATAI,SANTA FE,"Rua Mena Barreto,  133","382440,51","382440,51","0,00",,Casa em Santa Fé,Leilão,https://www.portalzuk.com.br/imovel/rs/gravatai/santa-fe/rua-mena-barreto-133/36670-231900,Zukerman,Imóvel
ZUK-37250-232831,,GUAIBA,CORONEL NASSUCA,"Avenida Dona Frutuosa,  324","503880,0","680918,92","26,00",,Casa em Coronel Nassuca,Leilão,https://www.portalzuk.com.br/imovel/rs/guaiba/coronel-nassuca/avenida-dona-frutuosa-324/37250-232831,Zukerman,Imóvel
ZUK-37090-231305,,GUAIBA,COLINA,"Rua João Uranga,  179","37120,0","92800,0","60,00",,Casa em Colina,Leilão,https://www.portalzuk.com.br/imovel/rs/guaiba/colina/rua-joao-uranga-179/37090-231305,Zukerman,Imóvel
ZUK-37298-232886,,GUAIBA,ALEGRIA,"Rua Rui Barbosa,  1473","117760,0","287219,51","59,00",,Casa em Alegria,Leilão,https://www.portalzuk.com.br/imovel/rs/guaiba/alegria/rua-rui-barbosa-1473/37298-232886,Zukerman,Imóvel
ZUK-37250-232570,,ESTEIO,CENTRO,"Rua Rio Grande,  2255","76752,0","123793,55","38,00",,Apartamento em Centro,Leilão,https://www.portalzuk.com.br/imovel/rs/esteio/centro/rua-rio-grande-2255/37250-232570,Zukerman,Imóvel
ZUK-37250-232589,,SAPUCAIA DO SUL,PASQUALINI,"Rua Palmares,  157","107638,27","188839,07","43,00",,Casa em Pasqualini,Leilão,https://www.portalzuk.com.br/imovel/rs/sapucaia-do-sul/pasqualini/rua-palmares-157/37250-232589,Zukerman,Imóvel
ZUK-37250-232655,,SAPUCAIA DO SUL,PASQUALINI,"Rua Anjo Rafael,  227","499200,0","891428,57","44,00",,Casa em Pasqualini,Leilão,https://www.portalzuk.com.br/imovel/rs/sapucaia-do-sul/pasqualini/rua-anjo-rafael-227/37250-232655,Zukerman,Imóvel
ZUK-36903-230195,,NOVO HAMBURGO,CENTRO,"Rua Silveira Martins,  855","563808,69","563808,69","0,00",,Apartamento em Centro,Leilão,https://www.portalzuk.com.br/imovel/rs/novo-hamburgo/centro/rua-silveira-martins-855/36903-230195,Zukerman,Imóvel
ZUK-37235-232413,,NOVO HAMBURGO,SAO JORGE,"Rua Guaíba,  2157","399000,0","831250,0","52,00",,Casa em São Jorge,Leilão,https://www.portalzuk.com.br/imovel/rs/novo-hamburgo/sao-jorge/rua-guaiba-2157/37235-232413,Zukerman,Imóvel
ZUK-37157-231994,,SAO LEOPOLDO,SCHARLAU,"Rua Vallercy Martins da Silva,  331","255000,0","386363,64","34,00",,Casa em Scharlau,Leilão,https://www.portalzuk.com.br/imovel/rs/sao-leopoldo/scharlau/rua-vallercy-martins-da-silva-331/37157-231994,Zukerman,Imóvel
ZUK-37142-231893,,SAO LEOPOLDO,PADRE REUS,"Rua Felipe dos Santos,  77","193375,0","311895,16","38,00",,Apartamento em Padre Reus,Leilão,https://www.portalzuk.com.br/imovel/rs/sao-leopoldo/padre-reus/rua-felipe-dos-santos-77/37142-231893,Zukerman,Imóvel
ZUK-37142-231894,,SAO LEOPOLDO,SCHARLAU,"Rua Diamante,  93","130000,0","276595,74","53,00",,Casa em Scharlau,Leilão,https://www.portalzuk.com.br/imovel/rs/sao-leopoldo/scharlau/rua-diamante-93/37142-231894,Zukerman,Imóvel
ZUK-37124-231739,,SAO LEOPOLDO,FEITORIA VELHA,"Rua Marisa Faller,  79","182000,0","260000,0","30,00",,Casa em Feitoria Velha,Leilão,https://www.portalzuk.com.br/imovel/rs/sao-leopoldo/feitoria-velha/rua-marisa-faller-79/37124-231739,Zukerman,Imóvel
ZUK-37237-232429,,SAO LEOPOLDO,SAO MIGUEL,"Rua Leopoldo Vieira,  129","495317,96","495317,96","0,00",,Casa em São Miguel,Leilão,https://www.portalzuk.com.br/imovel/rs/sao-leopoldo/sao-miguel/rua-leopoldo-vieira-129/37237-232429,Zukerman,Imóvel
ZUK-36609-227754,,SAO LEOPOLDO,SCHARLAU,"Avenida Senador Salgado Filho,  3028","0,0","0,0","0,00",,Comercial / Industrial em Scharlau,Leilão,https://www.portalzuk.com.br/imovel/rs/sao-leopoldo/scharlau/avenida-senador-salgado-filho-3028/36609-227754,Zukerman,Imóvel
BB-11056,,GRAVATAI,,,"120649,96","120649,96","0,00",,"Apartamento - Nº DO BEM: 527944148 GRAVATAÍ (RS)Descrição: IMÓVEL DE MATRÍCULA 112.688 DO REGISTRO DE IMÓVEIS DE GRAVATAÍ-RS, ASSI",Venda Direta,https://seuimovelbb.com.br/imovel/id/11056,Banco do Brasil,Imóvel
BB-11065,,SAO LEOPOLDO,,,"131301,5","131301,5","0,00",,Casa - Nº DO BEM: 533162270 SÃO LEOPOLDO (RS)Descrição: IMÓVEL DE MATRÍCULA 66.409 DO OFÍCIO DE REGISTRO DE IMÓVEIS DE SÃO ,Venda Direta,https://seuimovelbb.com.br/imovel/id/11065,Banco do Brasil,Imóvel
BB-11061,,PORTO ALEGRE,,,"153981,26","153981,26","0,00",,Apartamento - Nº DO BEM: 526763061 PORTO ALEGRE (RS)Descrição: IMÓVEL DE MATRÍCULA 59.411 DO OFÍCIO DE REGISTRO DE IMÓVEIS 6ª ZONA,Venda Direta,https://seuimovelbb.com.br/imovel/id/11061,Banco do Brasil,Imóvel
BB-11060,,GRAVATAI,,,"164063,35","164063,35","0,00",,Apartamento - Nº DO BEM: 514695905 GRAVATAÍ (RS)Descrição: IMÓVEL DE MATRÍCULA 112.030 DO REGISTRO DE IMÓVEIS DE GRAVATAÍ DE GRAVA,Venda Direta,https://seuimovelbb.com.br/imovel/id/11060,Banco do Brasil,Imóvel
BB-11063,,PORTO ALEGRE,,,"199133,7","199133,7","0,00",,Apartamento - Nº DO BEM: 528611437 PORTO ALEGRE (RS)Descrição: IMÓVEL DE MATRÍCULA 57.972 DO OFÍCIO DE REGISTRO DE IMÓVEIS DA 6ª Z,Venda Direta,https://seuimovelbb.com.br/imovel/id/11063,Banco do Brasil,Imóvel
BB-11064,,PORTO ALEGRE,,,"206368,57","206368,57","0,00",,Apartamento - Nº DO BEM: 514581339 PORTO ALEGRE (RS)Descrição: IMÓVEL DE MATRÍCULA 23.652 DO REGISTRO DE IMÓVEIS DA 1ª ZONA DE POR,Venda Direta,https://seuimovelbb.com.br/imovel/id/11064,Banco do Brasil,Imóvel
BB-11058,,GRAVATAI,,,"227582,4","227582,4","0,00",,Apartamento - Nº DO BEM: 516153287 GRAVATAÍ (RS)Descrição: IMÓVEL DE MATRÍCULA 111.814 DO REGISTRO DE IMÓVEIS DA COMARCA DE GRAVAT,Venda Direta,https://seuimovelbb.com.br/imovel/id/11058,Banco do Brasil,Imóvel
BB-11059,,GRAVATAI,,,"248138,8","248138,8","0,00",,Apartamento - Nº DO BEM: 515015250 GRAVATAÍ (RS)Descrição: IMÓVEL DE MATRÍCULA 111.820 DO REGISTRO DE IMÓVEIS DA COMARCA DE GRAVAT,Venda Direta,https://seuimovelbb.com.br/imovel/id/11059,Banco do Brasil,Imóvel
BB-11057,,GRAVATAI,,,"261074,47","261074,47","0,00",,"Apartamento - Nº DO BEM: 517591233 GRAVATAÍ (RS)Descrição: IMÓVEL DE MATRÍCULA 111.996 DO REGISTRO DE IMÓVEIS DE GRAVATAÍ-RS, ASSI",Venda Direta,https://seuimovelbb.com.br/imovel/id/11057,Banco do Brasil,Imóvel
BB-7166,,VIAMAO,,,"343600,0","343600,0","0,00",,"Casa - ID1781 Descrição legal: Imóvel Urbano Residencial, Casa B-12, situada na Rua Beco dos Guterres, nº 2565, Bairro Pas",Venda Direta,https://seuimovelbb.com.br/imovel/id/7166,Banco do Brasil,Imóvel
BB-8777,,CANOAS,,,"9350126,0","9350126,0","0,00",,"Prédio - ID74758 CANOAS (RS)Descrição legal: Imóvel Urbano: Prédio Comercial situado na Rua Quinze de janeiro, 88, Centro",Venda Direta,https://seuimovelbb.com.br/imovel/id/8777,Banco do Brasil,Imóvel
BB-10439,,SAO LEOPOLDO,,,"15514282,0","15514282,0","0,00",,"Prédio - ID74383 SÃO LEOPOLDO (RS)Descrição legal: Imóvel Urbano: Prédio Comercial situado Rua Independência, 399, Centro",Venda Direta,https://seuimovelbb.com.br/imovel/id/10439,Banco do Brasil,Imóvel
